-- MySQL dump 10.13  Distrib 8.0.40, for Linux (x86_64)
--
-- Host: toxirin.mysql.pythonanywhere-services.com    Database: toxirin$gymdb
-- ------------------------------------------------------
-- Server version	8.0.40

/*!40101 SET @OLD_CHARACTER_SET_CLIENT=@@CHARACTER_SET_CLIENT */;
/*!40101 SET @OLD_CHARACTER_SET_RESULTS=@@CHARACTER_SET_RESULTS */;
/*!40101 SET @OLD_COLLATION_CONNECTION=@@COLLATION_CONNECTION */;
/*!50503 SET NAMES utf8mb4 */;
/*!40103 SET @OLD_TIME_ZONE=@@TIME_ZONE */;
/*!40103 SET TIME_ZONE='+00:00' */;
/*!40014 SET @OLD_UNIQUE_CHECKS=@@UNIQUE_CHECKS, UNIQUE_CHECKS=0 */;
/*!40014 SET @OLD_FOREIGN_KEY_CHECKS=@@FOREIGN_KEY_CHECKS, FOREIGN_KEY_CHECKS=0 */;
/*!40101 SET @OLD_SQL_MODE=@@SQL_MODE, SQL_MODE='NO_AUTO_VALUE_ON_ZERO' */;
/*!40111 SET @OLD_SQL_NOTES=@@SQL_NOTES, SQL_NOTES=0 */;

--
-- Table structure for table `analytics_analisisejercicio`
--

DROP TABLE IF EXISTS `analytics_analisisejercicio`;
/*!40101 SET @saved_cs_client     = @@character_set_client */;
/*!50503 SET character_set_client = utf8mb4 */;
CREATE TABLE `analytics_analisisejercicio` (
  `id` bigint NOT NULL AUTO_INCREMENT,
  `nombre_ejercicio` varchar(200) COLLATE utf8mb4_unicode_ci NOT NULL,
  `fecha` date NOT NULL,
  `peso_maximo` decimal(6,2) NOT NULL,
  `peso_promedio` decimal(6,2) NOT NULL,
  `volumen_ejercicio` decimal(10,2) NOT NULL,
  `repeticiones_totales` int NOT NULL,
  `series_totales` int NOT NULL,
  `progresion_peso` decimal(5,2) NOT NULL,
  `progresion_volumen` decimal(5,2) NOT NULL,
  `one_rm_estimado` decimal(6,2) NOT NULL,
  `completado_exitosamente` tinyint(1) NOT NULL,
  `created_at` datetime(6) NOT NULL,
  `cliente_id` bigint NOT NULL,
  PRIMARY KEY (`id`),
  UNIQUE KEY `analytics_analisisejerci_cliente_id_nombre_ejerci_da7903f6_uniq` (`cliente_id`,`nombre_ejercicio`,`fecha`),
  CONSTRAINT `analytics_analisisej_cliente_id_f3ef8890_fk_clientes_` FOREIGN KEY (`cliente_id`) REFERENCES `clientes_cliente` (`id`)
) ENGINE=InnoDB DEFAULT CHARSET=utf8mb4 COLLATE=utf8mb4_unicode_ci;
/*!40101 SET character_set_client = @saved_cs_client */;

--
-- Dumping data for table `analytics_analisisejercicio`
--

LOCK TABLES `analytics_analisisejercicio` WRITE;
/*!40000 ALTER TABLE `analytics_analisisejercicio` DISABLE KEYS */;
/*!40000 ALTER TABLE `analytics_analisisejercicio` ENABLE KEYS */;
UNLOCK TABLES;

--
-- Table structure for table `analytics_anotacionentrenamiento`
--

DROP TABLE IF EXISTS `analytics_anotacionentrenamiento`;
/*!40101 SET @saved_cs_client     = @@character_set_client */;
/*!50503 SET character_set_client = utf8mb4 */;
CREATE TABLE `analytics_anotacionentrenamiento` (
  `id` bigint NOT NULL AUTO_INCREMENT,
  `fecha` date NOT NULL,
  `tipo` varchar(10) COLLATE utf8mb4_unicode_ci NOT NULL,
  `descripcion` varchar(255) COLLATE utf8mb4_unicode_ci NOT NULL,
  `ejercicio_asociado` varchar(100) COLLATE utf8mb4_unicode_ci DEFAULT NULL,
  `creada_en` datetime(6) NOT NULL,
  `cliente_id` bigint NOT NULL,
  PRIMARY KEY (`id`),
  KEY `analytics_anotacione_cliente_id_4116c0e8_fk_clientes_` (`cliente_id`),
  CONSTRAINT `analytics_anotacione_cliente_id_4116c0e8_fk_clientes_` FOREIGN KEY (`cliente_id`) REFERENCES `clientes_cliente` (`id`)
) ENGINE=InnoDB DEFAULT CHARSET=utf8mb4 COLLATE=utf8mb4_unicode_ci;
/*!40101 SET character_set_client = @saved_cs_client */;

--
-- Dumping data for table `analytics_anotacionentrenamiento`
--

LOCK TABLES `analytics_anotacionentrenamiento` WRITE;
/*!40000 ALTER TABLE `analytics_anotacionentrenamiento` DISABLE KEYS */;
/*!40000 ALTER TABLE `analytics_anotacionentrenamiento` ENABLE KEYS */;
UNLOCK TABLES;

--
-- Table structure for table `analytics_cacheanalisis`
--

DROP TABLE IF EXISTS `analytics_cacheanalisis`;
/*!40101 SET @saved_cs_client     = @@character_set_client */;
/*!50503 SET character_set_client = utf8mb4 */;
CREATE TABLE `analytics_cacheanalisis` (
  `id` bigint NOT NULL AUTO_INCREMENT,
  `tipo_analisis` varchar(100) COLLATE utf8mb4_unicode_ci NOT NULL,
  `parametros_hash` varchar(64) COLLATE utf8mb4_unicode_ci NOT NULL,
  `resultado` json NOT NULL,
  `tiempo_calculo` decimal(8,3) NOT NULL,
  `datos_utilizados` int NOT NULL,
  `expires_at` datetime(6) NOT NULL,
  `created_at` datetime(6) NOT NULL,
  `cliente_id` bigint NOT NULL,
  PRIMARY KEY (`id`),
  UNIQUE KEY `analytics_cacheanalisis_cliente_id_tipo_analisis_f7a92a02_uniq` (`cliente_id`,`tipo_analisis`,`parametros_hash`),
  CONSTRAINT `analytics_cacheanali_cliente_id_0142ae42_fk_clientes_` FOREIGN KEY (`cliente_id`) REFERENCES `clientes_cliente` (`id`)
) ENGINE=InnoDB DEFAULT CHARSET=utf8mb4 COLLATE=utf8mb4_unicode_ci;
/*!40101 SET character_set_client = @saved_cs_client */;

--
-- Dumping data for table `analytics_cacheanalisis`
--

LOCK TABLES `analytics_cacheanalisis` WRITE;
/*!40000 ALTER TABLE `analytics_cacheanalisis` DISABLE KEYS */;
/*!40000 ALTER TABLE `analytics_cacheanalisis` ENABLE KEYS */;
UNLOCK TABLES;

--
-- Table structure for table `analytics_comparativarendimiento`
--

DROP TABLE IF EXISTS `analytics_comparativarendimiento`;
/*!40101 SET @saved_cs_client     = @@character_set_client */;
/*!50503 SET character_set_client = utf8mb4 */;
CREATE TABLE `analytics_comparativarendimiento` (
  `id` bigint NOT NULL AUTO_INCREMENT,
  `tipo_comparativa` varchar(50) COLLATE utf8mb4_unicode_ci NOT NULL,
  `fecha_inicio` date NOT NULL,
  `fecha_fin` date NOT NULL,
  `metrica_principal` varchar(50) COLLATE utf8mb4_unicode_ci NOT NULL,
  `valor_cliente` decimal(10,2) NOT NULL,
  `valor_referencia` decimal(10,2) NOT NULL,
  `percentil` decimal(5,2) DEFAULT NULL,
  `clasificacion` varchar(20) COLLATE utf8mb4_unicode_ci NOT NULL,
  `diferencia_absoluta` decimal(10,2) NOT NULL,
  `diferencia_porcentual` decimal(5,2) NOT NULL,
  `significancia` varchar(20) COLLATE utf8mb4_unicode_ci NOT NULL,
  `poblacion_referencia` varchar(100) COLLATE utf8mb4_unicode_ci DEFAULT NULL,
  `tamaño_muestra` int DEFAULT NULL,
  `created_at` datetime(6) NOT NULL,
  `cliente_id` bigint NOT NULL,
  PRIMARY KEY (`id`),
  KEY `analytics_comparativ_cliente_id_65719871_fk_clientes_` (`cliente_id`),
  CONSTRAINT `analytics_comparativ_cliente_id_65719871_fk_clientes_` FOREIGN KEY (`cliente_id`) REFERENCES `clientes_cliente` (`id`)
) ENGINE=InnoDB DEFAULT CHARSET=utf8mb4 COLLATE=utf8mb4_unicode_ci;
/*!40101 SET character_set_client = @saved_cs_client */;

--
-- Dumping data for table `analytics_comparativarendimiento`
--

LOCK TABLES `analytics_comparativarendimiento` WRITE;
/*!40000 ALTER TABLE `analytics_comparativarendimiento` DISABLE KEYS */;
/*!40000 ALTER TABLE `analytics_comparativarendimiento` ENABLE KEYS */;
UNLOCK TABLES;

--
-- Table structure for table `analytics_historialfase`
--

DROP TABLE IF EXISTS `analytics_historialfase`;
/*!40101 SET @saved_cs_client     = @@character_set_client */;
/*!50503 SET character_set_client = utf8mb4 */;
CREATE TABLE `analytics_historialfase` (
  `id` bigint NOT NULL AUTO_INCREMENT,
  `nombre_fase` varchar(100) COLLATE utf8mb4_unicode_ci NOT NULL,
  `tipo_fase` varchar(30) COLLATE utf8mb4_unicode_ci NOT NULL,
  `fecha_inicio` date NOT NULL,
  `fecha_fin` date DEFAULT NULL,
  `semanas_completadas` int NOT NULL,
  `semanas_planificadas` int NOT NULL,
  `rm_inicio` json NOT NULL,
  `rm_fin` json DEFAULT NULL,
  `ganancia_promedio` decimal(5,2) NOT NULL,
  `completada` tinyint(1) NOT NULL,
  `activa` tinyint(1) NOT NULL,
  `rpe_inicio` int DEFAULT NULL,
  `rpe_fin` int DEFAULT NULL,
  `rango_reps` varchar(20) COLLATE utf8mb4_unicode_ci DEFAULT NULL,
  `volumen_multiplicador` decimal(4,2) DEFAULT NULL,
  `created_at` datetime(6) NOT NULL,
  `updated_at` datetime(6) NOT NULL,
  `cliente_id` bigint NOT NULL,
  PRIMARY KEY (`id`),
  KEY `analytics_h_cliente_b5d1a1_idx` (`cliente_id`,`activa`),
  KEY `analytics_h_cliente_05ee7f_idx` (`cliente_id`,`completada`),
  CONSTRAINT `analytics_historialf_cliente_id_7b728649_fk_clientes_` FOREIGN KEY (`cliente_id`) REFERENCES `clientes_cliente` (`id`)
) ENGINE=InnoDB AUTO_INCREMENT=4 DEFAULT CHARSET=utf8mb4 COLLATE=utf8mb4_unicode_ci;
/*!40101 SET character_set_client = @saved_cs_client */;

--
-- Dumping data for table `analytics_historialfase`
--

LOCK TABLES `analytics_historialfase` WRITE;
/*!40000 ALTER TABLE `analytics_historialfase` DISABLE KEYS */;
INSERT INTO `analytics_historialfase` VALUES (1,'Descarga Activa','descarga','2026-02-16','2026-03-15',4,1,'{\"Remo\": 56.88, \"Sentadilla\": 63.33, \"Peso Muerto\": 123.33, \"Press Banca\": 104.0, \"Press Militar\": 57.8}','{\"Remo\": 56.88, \"Sentadilla\": 63.33, \"Peso Muerto\": 123.33, \"Press Banca\": 112.75, \"Press Militar\": 72.19}',6.66,1,0,6,6,'10-15',NULL,'2026-02-21 13:08:49.478000','2026-03-16 18:16:15.236000',2),(2,'Fuerza - Base','fuerza','2026-02-23','2026-03-16',3,4,'{\"Remo\": 56.88, \"Sentadilla\": 63.33, \"Peso Muerto\": 123.33, \"Press Banca\": 112.75, \"Press Militar\": 72.19}','{\"Remo\": 56.88, \"Sentadilla\": 63.33, \"Peso Muerto\": 123.33, \"Press Banca\": 112.75, \"Press Militar\": 72.19}',0.00,1,0,7,9,'4-6',NULL,'2026-03-16 18:16:15.264000','2026-03-17 19:17:46.243000',2),(3,'Fuerza — Base','fuerza','2026-03-02',NULL,2,4,'{\"Remo\": 56.88, \"Sentadilla\": 63.33, \"Peso Muerto\": 123.33, \"Press Banca\": 112.75, \"Press Militar\": 72.19}','{}',0.00,0,1,7,9,'4-6',NULL,'2026-03-17 19:17:46.272000','2026-03-17 20:30:09.533000',2);
/*!40000 ALTER TABLE `analytics_historialfase` ENABLE KEYS */;
UNLOCK TABLES;

--
-- Table structure for table `analytics_metarendimiento`
--

DROP TABLE IF EXISTS `analytics_metarendimiento`;
/*!40101 SET @saved_cs_client     = @@character_set_client */;
/*!50503 SET character_set_client = utf8mb4 */;
CREATE TABLE `analytics_metarendimiento` (
  `id` bigint NOT NULL AUTO_INCREMENT,
  `nombre_ejercicio` varchar(100) COLLATE utf8mb4_unicode_ci NOT NULL,
  `fecha_objetivo` date NOT NULL,
  `valor_objetivo` decimal(7,2) NOT NULL,
  `creada_en` datetime(6) NOT NULL,
  `alcanzada` tinyint(1) NOT NULL,
  `cliente_id` bigint NOT NULL,
  PRIMARY KEY (`id`),
  KEY `analytics_metarendim_cliente_id_6622cb32_fk_clientes_` (`cliente_id`),
  CONSTRAINT `analytics_metarendim_cliente_id_6622cb32_fk_clientes_` FOREIGN KEY (`cliente_id`) REFERENCES `clientes_cliente` (`id`)
) ENGINE=InnoDB DEFAULT CHARSET=utf8mb4 COLLATE=utf8mb4_unicode_ci;
/*!40101 SET character_set_client = @saved_cs_client */;

--
-- Dumping data for table `analytics_metarendimiento`
--

LOCK TABLES `analytics_metarendimiento` WRITE;
/*!40000 ALTER TABLE `analytics_metarendimiento` DISABLE KEYS */;
/*!40000 ALTER TABLE `analytics_metarendimiento` ENABLE KEYS */;
UNLOCK TABLES;

--
-- Table structure for table `analytics_metricarendimiento`
--

DROP TABLE IF EXISTS `analytics_metricarendimiento`;
/*!40101 SET @saved_cs_client     = @@character_set_client */;
/*!50503 SET character_set_client = utf8mb4 */;
CREATE TABLE `analytics_metricarendimiento` (
  `id` bigint NOT NULL AUTO_INCREMENT,
  `fecha` date NOT NULL,
  `volumen_total` decimal(12,2) NOT NULL,
  `intensidad_promedio` decimal(5,2) NOT NULL,
  `carga_entrenamiento` decimal(10,2) NOT NULL,
  `duracion_total` int NOT NULL,
  `calorias_totales` decimal(8,2) NOT NULL,
  `indice_fatiga` decimal(5,2) NOT NULL,
  `eficiencia_entrenamiento` decimal(5,2) NOT NULL,
  `densidad_entrenamiento` decimal(5,2) NOT NULL,
  `fuerza_relativa` decimal(5,2) NOT NULL,
  `volumen_por_grupo` json NOT NULL,
  `fc_promedio` int DEFAULT NULL,
  `fc_maxima` int DEFAULT NULL,
  `entrenamientos_dia` int NOT NULL,
  `ejercicios_totales` int NOT NULL,
  `created_at` datetime(6) NOT NULL,
  `updated_at` datetime(6) NOT NULL,
  `cliente_id` bigint NOT NULL,
  PRIMARY KEY (`id`),
  UNIQUE KEY `analytics_metricarendimiento_cliente_id_fecha_f31bef17_uniq` (`cliente_id`,`fecha`),
  CONSTRAINT `analytics_metricaren_cliente_id_76a6122d_fk_clientes_` FOREIGN KEY (`cliente_id`) REFERENCES `clientes_cliente` (`id`)
) ENGINE=InnoDB AUTO_INCREMENT=7 DEFAULT CHARSET=utf8mb4 COLLATE=utf8mb4_unicode_ci;
/*!40101 SET character_set_client = @saved_cs_client */;

--
-- Dumping data for table `analytics_metricarendimiento`
--

LOCK TABLES `analytics_metricarendimiento` WRITE;
/*!40000 ALTER TABLE `analytics_metricarendimiento` DISABLE KEYS */;
INSERT INTO `analytics_metricarendimiento` VALUES (1,'2026-03-17',0.00,0.00,0.00,0,0.00,0.00,0.00,0.00,0.00,'{}',0,NULL,1,0,'2026-03-18 18:53:56.619000','2026-03-18 18:53:56.619000',2),(2,'2026-03-18',0.00,0.00,0.00,0,0.00,0.00,0.00,0.00,0.00,'{}',0,NULL,1,0,'2026-03-19 16:40:10.727000','2026-03-19 16:40:10.727000',2),(3,'2026-03-19',0.00,0.00,0.00,0,0.00,0.00,0.00,0.00,0.00,'{}',0,NULL,1,0,'2026-03-21 09:46:38.947000','2026-03-21 09:46:38.947000',2),(4,'2026-03-23',0.00,0.00,0.00,0,0.00,0.00,0.00,0.00,0.00,'{}',0,NULL,1,0,'2026-03-23 17:16:05.989000','2026-03-23 17:16:05.989000',2),(5,'2026-03-24',0.00,0.00,0.00,0,0.00,0.00,0.00,0.00,0.00,'{}',0,NULL,1,0,'2026-03-24 17:01:09.750000','2026-03-24 17:01:09.750000',2),(6,'2026-03-26',0.00,0.00,0.00,0,0.00,0.00,0.00,0.00,0.00,'{}',0,NULL,1,0,'2026-03-27 17:21:55.089000','2026-03-27 17:21:55.089000',2);
/*!40000 ALTER TABLE `analytics_metricarendimiento` ENABLE KEYS */;
UNLOCK TABLES;

--
-- Table structure for table `analytics_prediccionrendimiento`
--

DROP TABLE IF EXISTS `analytics_prediccionrendimiento`;
/*!40101 SET @saved_cs_client     = @@character_set_client */;
/*!50503 SET character_set_client = utf8mb4 */;
CREATE TABLE `analytics_prediccionrendimiento` (
  `id` bigint NOT NULL AUTO_INCREMENT,
  `nombre_ejercicio` varchar(200) COLLATE utf8mb4_unicode_ci DEFAULT NULL,
  `tipo_prediccion` varchar(50) COLLATE utf8mb4_unicode_ci NOT NULL,
  `valor_actual` decimal(10,2) NOT NULL,
  `valor_predicho` decimal(10,2) NOT NULL,
  `fecha_prediccion` date NOT NULL,
  `confianza` decimal(5,2) NOT NULL,
  `algoritmo_usado` varchar(100) COLLATE utf8mb4_unicode_ci NOT NULL,
  `parametros` json NOT NULL,
  `datos_entrenamiento` int NOT NULL,
  `activa` tinyint(1) NOT NULL,
  `verificada` tinyint(1) NOT NULL,
  `precision_real` decimal(5,2) DEFAULT NULL,
  `created_at` datetime(6) NOT NULL,
  `cliente_id` bigint NOT NULL,
  PRIMARY KEY (`id`),
  KEY `analytics_prediccion_cliente_id_d25bef87_fk_clientes_` (`cliente_id`),
  CONSTRAINT `analytics_prediccion_cliente_id_d25bef87_fk_clientes_` FOREIGN KEY (`cliente_id`) REFERENCES `clientes_cliente` (`id`)
) ENGINE=InnoDB DEFAULT CHARSET=utf8mb4 COLLATE=utf8mb4_unicode_ci;
/*!40101 SET character_set_client = @saved_cs_client */;

--
-- Dumping data for table `analytics_prediccionrendimiento`
--

LOCK TABLES `analytics_prediccionrendimiento` WRITE;
/*!40000 ALTER TABLE `analytics_prediccionrendimiento` DISABLE KEYS */;
/*!40000 ALTER TABLE `analytics_prediccionrendimiento` ENABLE KEYS */;
UNLOCK TABLES;

--
-- Table structure for table `analytics_recomendacionentrenamiento`
--

DROP TABLE IF EXISTS `analytics_recomendacionentrenamiento`;
/*!40101 SET @saved_cs_client     = @@character_set_client */;
/*!50503 SET character_set_client = utf8mb4 */;
CREATE TABLE `analytics_recomendacionentrenamiento` (
  `id` bigint NOT NULL AUTO_INCREMENT,
  `tipo` varchar(50) COLLATE utf8mb4_unicode_ci NOT NULL,
  `titulo` varchar(200) COLLATE utf8mb4_unicode_ci NOT NULL,
  `descripcion` longtext COLLATE utf8mb4_unicode_ci NOT NULL,
  `prioridad` int NOT NULL,
  `metricas_base` json NOT NULL,
  `impacto_esperado` varchar(100) COLLATE utf8mb4_unicode_ci NOT NULL,
  `ejercicio_relacionado` varchar(200) COLLATE utf8mb4_unicode_ci DEFAULT NULL,
  `aplicada` tinyint(1) NOT NULL,
  `fecha_aplicacion` datetime(6) DEFAULT NULL,
  `efectividad` decimal(5,2) DEFAULT NULL,
  `feedback_usuario` longtext COLLATE utf8mb4_unicode_ci,
  `expires_at` datetime(6) NOT NULL,
  `created_at` datetime(6) NOT NULL,
  `updated_at` datetime(6) NOT NULL,
  `cliente_id` bigint NOT NULL,
  PRIMARY KEY (`id`),
  KEY `analytics_recomendac_cliente_id_ee38eef6_fk_clientes_` (`cliente_id`),
  CONSTRAINT `analytics_recomendac_cliente_id_ee38eef6_fk_clientes_` FOREIGN KEY (`cliente_id`) REFERENCES `clientes_cliente` (`id`)
) ENGINE=InnoDB AUTO_INCREMENT=13 DEFAULT CHARSET=utf8mb4 COLLATE=utf8mb4_unicode_ci;
/*!40101 SET character_set_client = @saved_cs_client */;

--
-- Dumping data for table `analytics_recomendacionentrenamiento`
--

LOCK TABLES `analytics_recomendacionentrenamiento` WRITE;
/*!40000 ALTER TABLE `analytics_recomendacionentrenamiento` DISABLE KEYS */;
INSERT INTO `analytics_recomendacionentrenamiento` VALUES (1,'progresion','Ejercicios Estancados Detectados','Los siguientes ejercicios muestran poca progresión: Abducción De Cadera En Máquina, Buenos Días (Good Mornings), Cruce De Poleas. Considera variar la rutina o la intensidad.',2,'{}','',NULL,1,'2025-08-30 07:00:35.577000',NULL,NULL,'2025-09-29 07:00:29.923000','2025-08-30 07:00:29.925000','2025-08-30 07:00:35.577000',1),(2,'progresion','Ejercicios Estancados Detectados','Los siguientes ejercicios muestran poca progresión: Press Banca Con Mancuernas, Press Francés Con Barra Z, Press Inclinado Con Barra. Considera variar la rutina o la intensidad.',2,'{}','',NULL,0,NULL,NULL,NULL,'2025-10-06 15:50:21.575000','2025-09-06 15:50:21.577000','2025-09-06 15:50:21.577000',2),(3,'progresion','Ejercicios Estancados Detectados','Los siguientes ejercicios muestran poca progresión: Press Arnold, Press Inclinado Con Barra, Press Militar Con Barra (De Pie). Considera variar la rutina o la intensidad.',2,'{}','',NULL,0,NULL,NULL,NULL,'2025-11-03 12:58:50.549000','2025-09-21 18:08:02.639000','2025-10-04 12:58:50.554000',2),(4,'progresion','Ejercicios Estancados Detectados','Los siguientes ejercicios muestran poca progresión: Press Inclinado Con Barra, Press Militar Con Barra (De Pie), Sentadilla Trasera Con Barra. Considera variar la rutina o la intensidad.',2,'{}','',NULL,0,NULL,NULL,NULL,'2025-12-03 19:01:55.419000','2025-10-24 20:01:46.569000','2025-11-03 19:01:55.424000',2),(5,'progresion','Ejercicios Estancados Detectados','Los siguientes ejercicios muestran poca progresión: Press Inclinado Con Barra, Press Militar Con Barra (De Pie), Press Militar Con Mancuernas (Sentado). Considera variar la rutina o la intensidad.',2,'{}','',NULL,0,NULL,NULL,NULL,'2025-12-09 14:51:16.243000','2025-11-09 14:51:16.249000','2025-11-09 14:51:16.249000',2),(6,'progresion','Ejercicios Estancados Detectados','Los siguientes ejercicios muestran poca progresión: Abducción De Cadera En Máquina, Buenos Días (Good Mornings), Curl Araña. Considera variar la rutina o la intensidad.',2,'{}','',NULL,0,NULL,NULL,NULL,'2026-03-10 19:40:04.427000','2026-02-08 19:40:04.435000','2026-02-08 19:40:04.435000',2),(7,'frecuencia','Aumentar Frecuencia de Entrenamiento','Has entrenado solo 1 veces este mes. Intenta entrenar al menos 3-4 veces por semana para mejores resultados.',1,'{}','',NULL,0,NULL,NULL,NULL,'2026-04-17 18:53:56.652000','2026-03-18 18:53:56.652000','2026-03-18 18:53:56.653000',2),(8,'frecuencia','Aumentar Frecuencia de Entrenamiento','Has entrenado solo 2 veces este mes. Intenta entrenar al menos 3-4 veces por semana para mejores resultados.',1,'{}','',NULL,0,NULL,NULL,NULL,'2026-04-18 16:40:10.779000','2026-03-19 16:40:10.783000','2026-03-19 16:40:10.783000',2),(9,'frecuencia','Aumentar Frecuencia de Entrenamiento','Has entrenado solo 3 veces este mes. Intenta entrenar al menos 3-4 veces por semana para mejores resultados.',1,'{}','',NULL,0,NULL,NULL,NULL,'2026-04-20 09:46:38.975000','2026-03-21 09:46:38.976000','2026-03-21 09:46:38.976000',2),(10,'frecuencia','Aumentar Frecuencia de Entrenamiento','Has entrenado solo 4 veces este mes. Intenta entrenar al menos 3-4 veces por semana para mejores resultados.',1,'{}','',NULL,0,NULL,NULL,NULL,'2026-04-22 17:16:06.051000','2026-03-23 17:16:06.053000','2026-03-23 17:16:06.053000',2),(11,'frecuencia','Aumentar Frecuencia de Entrenamiento','Has entrenado solo 5 veces este mes. Intenta entrenar al menos 3-4 veces por semana para mejores resultados.',1,'{}','',NULL,0,NULL,NULL,NULL,'2026-04-23 17:01:09.791000','2026-03-24 17:01:09.792000','2026-03-24 17:01:09.792000',2),(12,'frecuencia','Aumentar Frecuencia de Entrenamiento','Has entrenado solo 6 veces este mes. Intenta entrenar al menos 3-4 veces por semana para mejores resultados.',1,'{}','',NULL,0,NULL,NULL,NULL,'2026-04-26 17:21:55.136000','2026-03-27 17:21:55.137000','2026-03-27 17:21:55.137000',2);
/*!40000 ALTER TABLE `analytics_recomendacionentrenamiento` ENABLE KEYS */;
UNLOCK TABLES;

--
-- Table structure for table `analytics_tendenciaprogresion`
--

DROP TABLE IF EXISTS `analytics_tendenciaprogresion`;
/*!40101 SET @saved_cs_client     = @@character_set_client */;
/*!50503 SET character_set_client = utf8mb4 */;
CREATE TABLE `analytics_tendenciaprogresion` (
  `id` bigint NOT NULL AUTO_INCREMENT,
  `nombre_ejercicio` varchar(200) COLLATE utf8mb4_unicode_ci NOT NULL,
  `fecha_inicio` date NOT NULL,
  `fecha_fin` date NOT NULL,
  `periodo_dias` int NOT NULL,
  `tendencia_general` decimal(6,2) NOT NULL,
  `peso_maximo` decimal(6,2) NOT NULL,
  `sesiones_totales` int NOT NULL,
  `tipo_tendencia` varchar(20) COLLATE utf8mb4_unicode_ci NOT NULL,
  `velocidad_progresion` decimal(5,2) NOT NULL,
  `consistencia` decimal(5,2) NOT NULL,
  `confianza` decimal(5,2) NOT NULL,
  `valor_inicial` decimal(8,2) NOT NULL,
  `valor_final` decimal(8,2) NOT NULL,
  `valor_maximo` decimal(8,2) NOT NULL,
  `estancamientos_detectados` int NOT NULL,
  `picos_detectados` int NOT NULL,
  `created_at` datetime(6) NOT NULL,
  `updated_at` datetime(6) NOT NULL,
  `cliente_id` bigint NOT NULL,
  PRIMARY KEY (`id`),
  UNIQUE KEY `analytics_tendenciaprogr_cliente_id_nombre_ejerci_a7a22ed9_uniq` (`cliente_id`,`nombre_ejercicio`,`fecha_inicio`,`fecha_fin`),
  CONSTRAINT `analytics_tendenciap_cliente_id_3d40e512_fk_clientes_` FOREIGN KEY (`cliente_id`) REFERENCES `clientes_cliente` (`id`)
) ENGINE=InnoDB AUTO_INCREMENT=30 DEFAULT CHARSET=utf8mb4 COLLATE=utf8mb4_unicode_ci;
/*!40101 SET character_set_client = @saved_cs_client */;

--
-- Dumping data for table `analytics_tendenciaprogresion`
--

LOCK TABLES `analytics_tendenciaprogresion` WRITE;
/*!40000 ALTER TABLE `analytics_tendenciaprogresion` DISABLE KEYS */;
INSERT INTO `analytics_tendenciaprogresion` VALUES (1,'Sentadilla Trasera Con Barra','2025-08-27','2025-11-19',90,-0.20,50.00,9,'estable',0.00,0.00,0.00,0.00,0.00,0.00,0,0,'2025-10-27 17:56:35.342000','2025-12-23 20:52:17.440000',2),(2,'Peso Muerto Rumano','2025-08-29','2025-10-31',90,0.60,100.00,8,'estable',0.00,0.00,0.00,0.00,0.00,0.00,0,0,'2025-10-27 17:56:35.393000','2025-12-23 20:52:17.492000',2),(3,'Curl Femoral Sentado','2025-08-29','2025-12-19',90,0.00,52.50,12,'estable',0.00,0.00,0.00,0.00,0.00,0.00,0,0,'2025-10-27 17:56:35.443000','2025-12-23 20:52:17.546000',2),(4,'Hip Thrust Con Barra','2025-08-29','2025-10-24',90,1.40,170.00,7,'creciente',0.00,0.00,0.00,0.00,0.00,0.00,0,0,'2025-10-27 17:56:35.501000','2025-12-23 20:52:17.590000',2),(5,'Patada De Glúteo En Polea','2025-08-29','2025-10-24',90,0.40,55.00,6,'estable',0.00,0.00,0.00,0.00,0.00,0.00,0,0,'2025-10-27 17:56:35.553000','2025-12-23 20:52:17.631000',2),(6,'Press Inclinado Con Barra','2025-08-25','2025-12-22',90,-0.10,75.00,15,'estable',0.00,0.00,0.00,0.00,0.00,0.00,0,0,'2025-10-27 17:56:35.597000','2025-12-23 20:52:17.673000',2),(7,'Press Banca Con Mancuernas','2025-08-25','2025-10-27',90,0.10,28.42,9,'estable',0.00,0.00,0.00,0.00,0.00,0.00,0,0,'2025-10-27 17:56:35.638000','2025-12-23 20:52:17.726000',2),(8,'Press Francés Con Barra Z','2025-08-25','2025-11-17',90,0.00,37.50,10,'estable',0.00,0.00,0.00,0.00,0.00,0.00,0,0,'2025-10-27 17:56:35.686000','2025-12-23 20:52:17.772000',2),(9,'Fondos Entre Bancos','2025-09-08','2025-12-22',90,0.00,2.50,12,'estable',0.00,0.00,0.00,0.00,0.00,0.00,0,0,'2025-10-27 17:56:35.734000','2025-12-23 20:52:17.824000',2),(10,'Sentadilla Búlgara','2025-09-03','2025-10-29',90,0.20,8.00,7,'estable',0.00,0.00,0.00,0.00,0.00,0.00,0,0,'2025-10-27 17:56:35.780000','2025-12-23 20:52:17.868000',2),(11,'Remo Con Barra (Pendlay)','2025-09-02','2025-12-09',90,-0.20,35.00,10,'estable',0.00,0.00,0.00,0.00,0.00,0.00,0,0,'2025-10-27 17:56:35.821000','2025-12-23 20:52:17.918000',2),(12,'Remo Con Mancuerna A Una Mano','2025-09-02','2025-12-16',90,0.20,35.42,8,'estable',0.00,0.00,0.00,0.00,0.00,0.00,0,0,'2025-10-27 17:56:35.868000','2025-12-23 20:52:17.963000',2),(13,'Curl Con Barra Z','2025-09-02','2025-10-28',90,0.10,32.50,7,'estable',0.00,0.00,0.00,0.00,0.00,0.00,0,0,'2025-10-27 17:56:35.913000','2025-12-23 20:52:18.004000',2),(14,'Press Militar Con Barra (De Pie)','2025-09-04','2025-11-20',90,-0.10,30.00,8,'estable',0.00,0.00,0.00,0.00,0.00,0.00,0,0,'2025-10-27 17:56:35.975000','2025-12-23 20:52:18.047000',2),(15,'Press Arnold','2025-09-04','2025-10-16',90,0.00,44.00,7,'estable',0.00,0.00,0.00,0.00,0.00,0.00,0,0,'2025-10-27 17:56:36.026000','2025-12-23 20:52:18.093000',2),(16,'Fondos En Paralelas (Con Lastre)','2025-11-03','2025-11-10',90,1.00,20.00,3,'estable',0.00,0.00,0.00,0.00,0.00,0.00,0,0,'2025-12-23 20:52:18.136000','2025-12-23 20:52:18.136000',2),(17,'Press Inclinado Con Mancuernas','2025-11-03','2025-11-10',90,0.60,35.00,3,'estable',0.00,0.00,0.00,0.00,0.00,0.00,0,0,'2025-12-23 20:52:18.180000','2025-12-23 20:52:18.180000',2),(18,'Press Cerrado En Banca','2025-11-03','2025-12-22',90,-0.60,72.50,9,'estable',0.00,0.00,0.00,0.00,0.00,0.00,0,0,'2025-12-23 20:52:18.227000','2025-12-23 20:52:18.227000',2),(19,'Patada De Tríceps Con Polea','2025-11-03','2025-11-10',90,0.60,27.50,3,'estable',0.00,0.00,0.00,0.00,0.00,0.00,0,0,'2025-12-23 20:52:18.281000','2025-12-23 20:52:18.281000',2),(20,'Push Press','2025-11-06','2025-12-18',90,-0.50,37.40,5,'estable',0.00,0.00,0.00,0.00,0.00,0.00,0,0,'2025-12-23 20:52:18.337000','2025-12-23 20:52:18.337000',2),(21,'Buenos Días (Good Mornings)','2025-11-07','2025-12-19',90,0.00,42.50,5,'estable',0.00,0.00,0.00,0.00,0.00,0.00,0,0,'2025-12-23 20:52:18.404000','2025-12-23 20:52:18.404000',2),(22,'Peso Muerto Sumo','2025-11-07','2025-12-19',90,-0.30,76.00,5,'estable',0.00,0.00,0.00,0.00,0.00,0.00,0,0,'2025-12-23 20:52:18.467000','2025-12-23 20:52:18.467000',2),(23,'Abducción De Cadera En Máquina','2025-11-07','2025-12-19',90,0.00,60.00,5,'estable',0.00,0.00,0.00,0.00,0.00,0.00,0,0,'2025-12-23 20:52:18.527000','2025-12-23 20:52:18.527000',2),(24,'Sentadilla Frontal Con Barra','2025-11-05','2025-12-17',90,-0.80,55.00,6,'estable',0.00,0.00,0.00,0.00,0.00,0.00,0,0,'2025-12-23 20:52:18.606000','2025-12-23 20:52:18.606000',2),(25,'Cruce De Poleas','2025-11-24','2025-12-22',90,0.50,25.00,6,'estable',0.00,0.00,0.00,0.00,0.00,0.00,0,0,'2025-12-23 20:52:18.673000','2025-12-23 20:52:18.673000',2),(26,'Face Pulls','2025-11-25','2025-12-16',90,1.40,52.50,4,'creciente',0.00,0.00,0.00,0.00,0.00,0.00,0,0,'2025-12-23 20:52:18.738000','2025-12-23 20:52:18.738000',2),(27,'Curl Martillo Con Mancuernas','2025-11-25','2025-12-16',90,0.10,12.50,4,'estable',0.00,0.00,0.00,0.00,0.00,0.00,0,0,'2025-12-23 20:52:18.812000','2025-12-23 20:52:18.812000',2),(28,'Elevaciones Frontales Con Polea','2025-11-27','2025-12-18',90,0.20,12.42,3,'estable',0.00,0.00,0.00,0.00,0.00,0.00,0,0,'2025-12-23 20:52:18.865000','2025-12-23 20:52:18.865000',2),(29,'Zancadas Con Mancuernas','2025-12-03','2025-12-17',90,0.10,2.50,4,'estable',0.00,0.00,0.00,0.00,0.00,0.00,0,0,'2025-12-23 20:52:18.909000','2025-12-23 20:52:18.909000',2);
/*!40000 ALTER TABLE `analytics_tendenciaprogresion` ENABLE KEYS */;
UNLOCK TABLES;

--
-- Table structure for table `auth_group`
--

DROP TABLE IF EXISTS `auth_group`;
/*!40101 SET @saved_cs_client     = @@character_set_client */;
/*!50503 SET character_set_client = utf8mb4 */;
CREATE TABLE `auth_group` (
  `id` int NOT NULL AUTO_INCREMENT,
  `name` varchar(150) COLLATE utf8mb4_unicode_ci NOT NULL,
  PRIMARY KEY (`id`),
  UNIQUE KEY `name` (`name`)
) ENGINE=InnoDB DEFAULT CHARSET=utf8mb4 COLLATE=utf8mb4_unicode_ci;
/*!40101 SET character_set_client = @saved_cs_client */;

--
-- Dumping data for table `auth_group`
--

LOCK TABLES `auth_group` WRITE;
/*!40000 ALTER TABLE `auth_group` DISABLE KEYS */;
/*!40000 ALTER TABLE `auth_group` ENABLE KEYS */;
UNLOCK TABLES;

--
-- Table structure for table `auth_group_permissions`
--

DROP TABLE IF EXISTS `auth_group_permissions`;
/*!40101 SET @saved_cs_client     = @@character_set_client */;
/*!50503 SET character_set_client = utf8mb4 */;
CREATE TABLE `auth_group_permissions` (
  `id` bigint NOT NULL AUTO_INCREMENT,
  `group_id` int NOT NULL,
  `permission_id` int NOT NULL,
  PRIMARY KEY (`id`),
  UNIQUE KEY `auth_group_permissions_group_id_permission_id_0cd325b0_uniq` (`group_id`,`permission_id`),
  KEY `auth_group_permissio_permission_id_84c5c92e_fk_auth_perm` (`permission_id`),
  CONSTRAINT `auth_group_permissio_permission_id_84c5c92e_fk_auth_perm` FOREIGN KEY (`permission_id`) REFERENCES `auth_permission` (`id`),
  CONSTRAINT `auth_group_permissions_group_id_b120cbf9_fk_auth_group_id` FOREIGN KEY (`group_id`) REFERENCES `auth_group` (`id`)
) ENGINE=InnoDB DEFAULT CHARSET=utf8mb4 COLLATE=utf8mb4_unicode_ci;
/*!40101 SET character_set_client = @saved_cs_client */;

--
-- Dumping data for table `auth_group_permissions`
--

LOCK TABLES `auth_group_permissions` WRITE;
/*!40000 ALTER TABLE `auth_group_permissions` DISABLE KEYS */;
/*!40000 ALTER TABLE `auth_group_permissions` ENABLE KEYS */;
UNLOCK TABLES;

--
-- Table structure for table `auth_permission`
--

DROP TABLE IF EXISTS `auth_permission`;
/*!40101 SET @saved_cs_client     = @@character_set_client */;
/*!50503 SET character_set_client = utf8mb4 */;
CREATE TABLE `auth_permission` (
  `id` int NOT NULL AUTO_INCREMENT,
  `name` varchar(255) COLLATE utf8mb4_unicode_ci NOT NULL,
  `content_type_id` int NOT NULL,
  `codename` varchar(100) COLLATE utf8mb4_unicode_ci NOT NULL,
  PRIMARY KEY (`id`),
  UNIQUE KEY `auth_permission_content_type_id_codename_01ab375a_uniq` (`content_type_id`,`codename`),
  CONSTRAINT `auth_permission_content_type_id_2f476e4b_fk_django_co` FOREIGN KEY (`content_type_id`) REFERENCES `django_content_type` (`id`)
) ENGINE=InnoDB AUTO_INCREMENT=529 DEFAULT CHARSET=utf8mb4 COLLATE=utf8mb4_unicode_ci;
/*!40101 SET character_set_client = @saved_cs_client */;

--
-- Dumping data for table `auth_permission`
--

LOCK TABLES `auth_permission` WRITE;
/*!40000 ALTER TABLE `auth_permission` DISABLE KEYS */;
INSERT INTO `auth_permission` VALUES (1,'Can add log entry',1,'add_logentry'),(2,'Can change log entry',1,'change_logentry'),(3,'Can delete log entry',1,'delete_logentry'),(4,'Can view log entry',1,'view_logentry'),(5,'Can add permission',2,'add_permission'),(6,'Can change permission',2,'change_permission'),(7,'Can delete permission',2,'delete_permission'),(8,'Can view permission',2,'view_permission'),(9,'Can add group',3,'add_group'),(10,'Can change group',3,'change_group'),(11,'Can delete group',3,'delete_group'),(12,'Can view group',3,'view_group'),(13,'Can add user',4,'add_user'),(14,'Can change user',4,'change_user'),(15,'Can delete user',4,'delete_user'),(16,'Can view user',4,'view_user'),(17,'Can add content type',5,'add_contenttype'),(18,'Can change content type',5,'change_contenttype'),(19,'Can delete content type',5,'delete_contenttype'),(20,'Can view content type',5,'view_contenttype'),(21,'Can add session',6,'add_session'),(22,'Can change session',6,'change_session'),(23,'Can delete session',6,'delete_session'),(24,'Can view session',6,'view_session'),(25,'Can add bitacora diaria',7,'add_bitacoradiaria'),(26,'Can change bitacora diaria',7,'change_bitacoradiaria'),(27,'Can delete bitacora diaria',7,'delete_bitacoradiaria'),(28,'Can view bitacora diaria',7,'view_bitacoradiaria'),(29,'Can add estado semanal',8,'add_estadosemanal'),(30,'Can change estado semanal',8,'change_estadosemanal'),(31,'Can delete estado semanal',8,'delete_estadosemanal'),(32,'Can view estado semanal',8,'view_estadosemanal'),(33,'Can add medida',9,'add_medida'),(34,'Can change medida',9,'change_medida'),(35,'Can delete medida',9,'delete_medida'),(36,'Can view medida',9,'view_medida'),(37,'Can add mini reto',10,'add_minireto'),(38,'Can change mini reto',10,'change_minireto'),(39,'Can delete mini reto',10,'delete_minireto'),(40,'Can view mini reto',10,'view_minireto'),(41,'Can add objetivo cliente',11,'add_objetivocliente'),(42,'Can change objetivo cliente',11,'change_objetivocliente'),(43,'Can delete objetivo cliente',11,'delete_objetivocliente'),(44,'Can view objetivo cliente',11,'view_objetivocliente'),(45,'Can add Objetivo de Peso',12,'add_objetivopeso'),(46,'Can change Objetivo de Peso',12,'change_objetivopeso'),(47,'Can delete Objetivo de Peso',12,'delete_objetivopeso'),(48,'Can view Objetivo de Peso',12,'view_objetivopeso'),(49,'Can add Peso Diario',13,'add_pesodiario'),(50,'Can change Peso Diario',13,'change_pesodiario'),(51,'Can delete Peso Diario',13,'delete_pesodiario'),(52,'Can view Peso Diario',13,'view_pesodiario'),(53,'Can add plan nutricional',14,'add_plannutricional'),(54,'Can change plan nutricional',14,'change_plannutricional'),(55,'Can delete plan nutricional',14,'delete_plannutricional'),(56,'Can view plan nutricional',14,'view_plannutricional'),(57,'Can add revision progreso',15,'add_revisionprogreso'),(58,'Can change revision progreso',15,'change_revisionprogreso'),(59,'Can delete revision progreso',15,'delete_revisionprogreso'),(60,'Can view revision progreso',15,'view_revisionprogreso'),(61,'Can add sugerencia aceptada',16,'add_sugerenciaaceptada'),(62,'Can change sugerencia aceptada',16,'change_sugerenciaaceptada'),(63,'Can delete sugerencia aceptada',16,'delete_sugerenciaaceptada'),(64,'Can view sugerencia aceptada',16,'view_sugerenciaaceptada'),(65,'Can add user profile',17,'add_userprofile'),(66,'Can change user profile',17,'change_userprofile'),(67,'Can delete user profile',17,'delete_userprofile'),(68,'Can view user profile',17,'view_userprofile'),(69,'Can add Cliente',18,'add_cliente'),(70,'Can change Cliente',18,'change_cliente'),(71,'Can delete Cliente',18,'delete_cliente'),(72,'Can view Cliente',18,'view_cliente'),(73,'Can add Fase del Cliente',19,'add_fasecliente'),(74,'Can change Fase del Cliente',19,'change_fasecliente'),(75,'Can delete Fase del Cliente',19,'delete_fasecliente'),(76,'Can view Fase del Cliente',19,'view_fasecliente'),(77,'Can add ejercicio base',20,'add_ejerciciobase'),(78,'Can change ejercicio base',20,'change_ejerciciobase'),(79,'Can delete ejercicio base',20,'delete_ejerciciobase'),(80,'Can view ejercicio base',20,'view_ejerciciobase'),(81,'Can add programa',21,'add_programa'),(82,'Can change programa',21,'change_programa'),(83,'Can delete programa',21,'delete_programa'),(84,'Can view programa',21,'view_programa'),(85,'Can add asignacion',22,'add_asignacion'),(86,'Can change asignacion',22,'change_asignacion'),(87,'Can delete asignacion',22,'delete_asignacion'),(88,'Can view asignacion',22,'view_asignacion'),(89,'Can add rutina',23,'add_rutina'),(90,'Can change rutina',23,'change_rutina'),(91,'Can delete rutina',23,'delete_rutina'),(92,'Can view rutina',23,'view_rutina'),(93,'Can add rutina ejercicio',24,'add_rutinaejercicio'),(94,'Can change rutina ejercicio',24,'change_rutinaejercicio'),(95,'Can delete rutina ejercicio',24,'delete_rutinaejercicio'),(96,'Can view rutina ejercicio',24,'view_rutinaejercicio'),(97,'Can add ejercicio en rutina',25,'add_ejercicioenrutina'),(98,'Can change ejercicio en rutina',25,'change_ejercicioenrutina'),(99,'Can delete ejercicio en rutina',25,'delete_ejercicioenrutina'),(100,'Can view ejercicio en rutina',25,'view_ejercicioenrutina'),(101,'Can add ejercicio base obsoleto',26,'add_ejerciciobaseobsoleto'),(102,'Can change ejercicio base obsoleto',26,'change_ejerciciobaseobsoleto'),(103,'Can delete ejercicio base obsoleto',26,'delete_ejerciciobaseobsoleto'),(104,'Can view ejercicio base obsoleto',26,'view_ejerciciobaseobsoleto'),(105,'Can add Estado Emocional',27,'add_estadoemocional'),(106,'Can change Estado Emocional',27,'change_estadoemocional'),(107,'Can delete Estado Emocional',27,'delete_estadoemocional'),(108,'Can view Estado Emocional',27,'view_estadoemocional'),(109,'Can add grupo muscular',28,'add_grupomuscular'),(110,'Can change grupo muscular',28,'change_grupomuscular'),(111,'Can delete grupo muscular',28,'delete_grupomuscular'),(112,'Can view grupo muscular',28,'view_grupomuscular'),(113,'Can add rutina',29,'add_rutina'),(114,'Can change rutina',29,'change_rutina'),(115,'Can delete rutina',29,'delete_rutina'),(116,'Can view rutina',29,'view_rutina'),(117,'Can add entreno realizado',30,'add_entrenorealizado'),(118,'Can change entreno realizado',30,'change_entrenorealizado'),(119,'Can delete entreno realizado',30,'delete_entrenorealizado'),(120,'Can view entreno realizado',30,'view_entrenorealizado'),(121,'Can add ejercicio realizado',31,'add_ejerciciorealizado'),(122,'Can change ejercicio realizado',31,'change_ejerciciorealizado'),(123,'Can delete ejercicio realizado',31,'delete_ejerciciorealizado'),(124,'Can view ejercicio realizado',31,'view_ejerciciorealizado'),(125,'Can add Ejercicio Detallado de Liftin',32,'add_ejercicioliftindetallado'),(126,'Can change Ejercicio Detallado de Liftin',32,'change_ejercicioliftindetallado'),(127,'Can delete Ejercicio Detallado de Liftin',32,'delete_ejercicioliftindetallado'),(128,'Can view Ejercicio Detallado de Liftin',32,'view_ejercicioliftindetallado'),(129,'Can add Ejercicio de Liftin',33,'add_ejercicioliftin'),(130,'Can change Ejercicio de Liftin',33,'change_ejercicioliftin'),(131,'Can delete Ejercicio de Liftin',33,'delete_ejercicioliftin'),(132,'Can view Ejercicio de Liftin',33,'view_ejercicioliftin'),(133,'Can add detalle ejercicio realizado',34,'add_detalleejerciciorealizado'),(134,'Can change detalle ejercicio realizado',34,'change_detalleejerciciorealizado'),(135,'Can delete detalle ejercicio realizado',34,'delete_detalleejerciciorealizado'),(136,'Can view detalle ejercicio realizado',34,'view_detalleejerciciorealizado'),(137,'Can add Datos Detallados de Liftin',35,'add_datosliftindetallados'),(138,'Can change Datos Detallados de Liftin',35,'change_datosliftindetallados'),(139,'Can delete Datos Detallados de Liftin',35,'delete_datosliftindetallados'),(140,'Can view Datos Detallados de Liftin',35,'view_datosliftindetallados'),(141,'Can add logro desbloqueado',36,'add_logrodesbloqueado'),(142,'Can change logro desbloqueado',36,'change_logrodesbloqueado'),(143,'Can delete logro desbloqueado',36,'delete_logrodesbloqueado'),(144,'Can view logro desbloqueado',36,'view_logrodesbloqueado'),(145,'Can add programa',37,'add_programa'),(146,'Can change programa',37,'change_programa'),(147,'Can delete programa',37,'delete_programa'),(148,'Can view programa',37,'view_programa'),(149,'Can add serie realizada',38,'add_serierealizada'),(150,'Can change serie realizada',38,'change_serierealizada'),(151,'Can delete serie realizada',38,'delete_serierealizada'),(152,'Can view serie realizada',38,'view_serierealizada'),(153,'Can add plan personalizado',39,'add_planpersonalizado'),(154,'Can change plan personalizado',39,'change_planpersonalizado'),(155,'Can delete plan personalizado',39,'delete_planpersonalizado'),(156,'Can view plan personalizado',39,'view_planpersonalizado'),(157,'Can add Desafío Semanal',40,'add_desafiosemanal'),(158,'Can change Desafío Semanal',40,'change_desafiosemanal'),(159,'Can delete Desafío Semanal',40,'delete_desafiosemanal'),(160,'Can view Desafío Semanal',40,'view_desafiosemanal'),(161,'Can add Logro Automático',41,'add_logroautomatico'),(162,'Can change Logro Automático',41,'change_logroautomatico'),(163,'Can delete Logro Automático',41,'delete_logroautomatico'),(164,'Can view Logro Automático',41,'view_logroautomatico'),(165,'Can add Sesión de Entrenamiento',42,'add_sesionentrenamiento'),(166,'Can change Sesión de Entrenamiento',42,'change_sesionentrenamiento'),(167,'Can delete Sesión de Entrenamiento',42,'delete_sesionentrenamiento'),(168,'Can view Sesión de Entrenamiento',42,'view_sesionentrenamiento'),(169,'Can add Progreso de Desafío',43,'add_progresodesafio'),(170,'Can change Progreso de Desafío',43,'change_progresodesafio'),(171,'Can delete Progreso de Desafío',43,'delete_progresodesafio'),(172,'Can view Progreso de Desafío',43,'view_progresodesafio'),(173,'Can add Récord Personal',44,'add_recordpersonal'),(174,'Can change Récord Personal',44,'change_recordpersonal'),(175,'Can delete Récord Personal',44,'delete_recordpersonal'),(176,'Can view Récord Personal',44,'view_recordpersonal'),(177,'Can add Logro Desbloqueado',45,'add_clientelogroautomatico'),(178,'Can change Logro Desbloqueado',45,'change_clientelogroautomatico'),(179,'Can delete Logro Desbloqueado',45,'delete_clientelogroautomatico'),(180,'Can view Logro Desbloqueado',45,'view_clientelogroautomatico'),(181,'Can add entrenamiento',46,'add_entrenamiento'),(182,'Can change entrenamiento',46,'change_entrenamiento'),(183,'Can delete entrenamiento',46,'delete_entrenamiento'),(184,'Can view entrenamiento',46,'view_entrenamiento'),(185,'Can add estado emocional',47,'add_estadoemocional'),(186,'Can change estado emocional',47,'change_estadoemocional'),(187,'Can delete estado emocional',47,'delete_estadoemocional'),(188,'Can view estado emocional',47,'view_estadoemocional'),(189,'Can add evento logro',48,'add_eventologro'),(190,'Can change evento logro',48,'change_eventologro'),(191,'Can delete evento logro',48,'delete_eventologro'),(192,'Can view evento logro',48,'view_eventologro'),(193,'Can add logro',49,'add_logro'),(194,'Can change logro',49,'change_logro'),(195,'Can delete logro',49,'delete_logro'),(196,'Can view logro',49,'view_logro'),(197,'Can add motivacion usuario',50,'add_motivacionusuario'),(198,'Can change motivacion usuario',50,'change_motivacionusuario'),(199,'Can delete motivacion usuario',50,'delete_motivacionusuario'),(200,'Can view motivacion usuario',50,'view_motivacionusuario'),(201,'Can add recuerdo emocional',51,'add_recuerdoemocional'),(202,'Can change recuerdo emocional',51,'change_recuerdoemocional'),(203,'Can delete recuerdo emocional',51,'delete_recuerdoemocional'),(204,'Can view recuerdo emocional',51,'view_recuerdoemocional'),(205,'Can add Arquetipo (Nivel)',52,'add_arquetipo'),(206,'Can change Arquetipo (Nivel)',52,'change_arquetipo'),(207,'Can delete Arquetipo (Nivel)',52,'delete_arquetipo'),(208,'Can view Arquetipo (Nivel)',52,'view_arquetipo'),(209,'Can add Quest',53,'add_quest'),(210,'Can change Quest',53,'change_quest'),(211,'Can delete Quest',53,'delete_quest'),(212,'Can view Quest',53,'view_quest'),(213,'Can add Tipo de Quest',54,'add_tipoquest'),(214,'Can change Tipo de Quest',54,'change_tipoquest'),(215,'Can delete Tipo de Quest',54,'delete_tipoquest'),(216,'Can view Tipo de Quest',54,'view_tipoquest'),(217,'Can add Perfil de Gamificación',55,'add_perfilgamificacion'),(218,'Can change Perfil de Gamificación',55,'change_perfilgamificacion'),(219,'Can delete Perfil de Gamificación',55,'delete_perfilgamificacion'),(220,'Can view Perfil de Gamificación',55,'view_perfilgamificacion'),(221,'Can add Notificación',56,'add_notificacion'),(222,'Can change Notificación',56,'change_notificacion'),(223,'Can delete Notificación',56,'delete_notificacion'),(224,'Can view Notificación',56,'view_notificacion'),(225,'Can add Prueba Legendaria (Logro)',57,'add_pruebalegendaria'),(226,'Can change Prueba Legendaria (Logro)',57,'change_pruebalegendaria'),(227,'Can delete Prueba Legendaria (Logro)',57,'delete_pruebalegendaria'),(228,'Can view Prueba Legendaria (Logro)',57,'view_pruebalegendaria'),(229,'Can add Historial de Puntos',58,'add_historialpuntos'),(230,'Can change Historial de Puntos',58,'change_historialpuntos'),(231,'Can delete Historial de Puntos',58,'delete_historialpuntos'),(232,'Can view Historial de Puntos',58,'view_historialpuntos'),(233,'Can add Progreso de Prueba de Usuario',59,'add_pruebausuario'),(234,'Can change Progreso de Prueba de Usuario',59,'change_pruebausuario'),(235,'Can delete Progreso de Prueba de Usuario',59,'delete_pruebausuario'),(236,'Can view Progreso de Prueba de Usuario',59,'view_pruebausuario'),(237,'Can add Quest de Usuario',60,'add_questusuario'),(238,'Can change Quest de Usuario',60,'change_questusuario'),(239,'Can delete Quest de Usuario',60,'delete_questusuario'),(240,'Can view Quest de Usuario',60,'view_questusuario'),(241,'Can add liga',61,'add_liga'),(242,'Can change liga',61,'change_liga'),(243,'Can delete liga',61,'delete_liga'),(244,'Can view liga',61,'view_liga'),(245,'Can add temporada',62,'add_temporada'),(246,'Can change temporada',62,'change_temporada'),(247,'Can delete temporada',62,'delete_temporada'),(248,'Can view temporada',62,'view_temporada'),(249,'Can add titulo especial',63,'add_tituloespecial'),(250,'Can change titulo especial',63,'change_tituloespecial'),(251,'Can delete titulo especial',63,'delete_tituloespecial'),(252,'Can view titulo especial',63,'view_tituloespecial'),(253,'Can add ranking entry',64,'add_rankingentry'),(254,'Can change ranking entry',64,'change_rankingentry'),(255,'Can delete ranking entry',64,'delete_rankingentry'),(256,'Can view ranking entry',64,'view_rankingentry'),(257,'Can add perfil titulo',65,'add_perfiltitulo'),(258,'Can change perfil titulo',65,'change_perfiltitulo'),(259,'Can delete perfil titulo',65,'delete_perfiltitulo'),(260,'Can view perfil titulo',65,'view_perfiltitulo'),(261,'Can add Análisis de Ejercicio',66,'add_analisisejercicio'),(262,'Can change Análisis de Ejercicio',66,'change_analisisejercicio'),(263,'Can delete Análisis de Ejercicio',66,'delete_analisisejercicio'),(264,'Can view Análisis de Ejercicio',66,'view_analisisejercicio'),(265,'Can add anotacion entrenamiento',67,'add_anotacionentrenamiento'),(266,'Can change anotacion entrenamiento',67,'change_anotacionentrenamiento'),(267,'Can delete anotacion entrenamiento',67,'delete_anotacionentrenamiento'),(268,'Can view anotacion entrenamiento',67,'view_anotacionentrenamiento'),(269,'Can add Cache de Análisis',68,'add_cacheanalisis'),(270,'Can change Cache de Análisis',68,'change_cacheanalisis'),(271,'Can delete Cache de Análisis',68,'delete_cacheanalisis'),(272,'Can view Cache de Análisis',68,'view_cacheanalisis'),(273,'Can add Comparativa de Rendimiento',69,'add_comparativarendimiento'),(274,'Can change Comparativa de Rendimiento',69,'change_comparativarendimiento'),(275,'Can delete Comparativa de Rendimiento',69,'delete_comparativarendimiento'),(276,'Can view Comparativa de Rendimiento',69,'view_comparativarendimiento'),(277,'Can add meta rendimiento',70,'add_metarendimiento'),(278,'Can change meta rendimiento',70,'change_metarendimiento'),(279,'Can delete meta rendimiento',70,'delete_metarendimiento'),(280,'Can view meta rendimiento',70,'view_metarendimiento'),(281,'Can add Métrica de Rendimiento',71,'add_metricarendimiento'),(282,'Can change Métrica de Rendimiento',71,'change_metricarendimiento'),(283,'Can delete Métrica de Rendimiento',71,'delete_metricarendimiento'),(284,'Can view Métrica de Rendimiento',71,'view_metricarendimiento'),(285,'Can add Predicción de Rendimiento',72,'add_prediccionrendimiento'),(286,'Can change Predicción de Rendimiento',72,'change_prediccionrendimiento'),(287,'Can delete Predicción de Rendimiento',72,'delete_prediccionrendimiento'),(288,'Can view Predicción de Rendimiento',72,'view_prediccionrendimiento'),(289,'Can add Recomendación de Entrenamiento',73,'add_recomendacionentrenamiento'),(290,'Can change Recomendación de Entrenamiento',73,'change_recomendacionentrenamiento'),(291,'Can delete Recomendación de Entrenamiento',73,'delete_recomendacionentrenamiento'),(292,'Can view Recomendación de Entrenamiento',73,'view_recomendacionentrenamiento'),(293,'Can add Tendencia de Progresión',74,'add_tendenciaprogresion'),(294,'Can change Tendencia de Progresión',74,'change_tendenciaprogresion'),(295,'Can delete Tendencia de Progresión',74,'delete_tendenciaprogresion'),(296,'Can view Tendencia de Progresión',74,'view_tendenciaprogresion'),(297,'Can add Historial de Fase',75,'add_historialfase'),(298,'Can change Historial de Fase',75,'change_historialfase'),(299,'Can delete Historial de Fase',75,'delete_historialfase'),(300,'Can view Historial de Fase',75,'view_historialfase'),(301,'Can add Contenido Diario',76,'add_contenidodiario'),(302,'Can change Contenido Diario',76,'change_contenidodiario'),(303,'Can delete Contenido Diario',76,'delete_contenidodiario'),(304,'Can view Contenido Diario',76,'view_contenidodiario'),(305,'Can add Logro Estoico',77,'add_logroestoico'),(306,'Can change Logro Estoico',77,'change_logroestoico'),(307,'Can delete Logro Estoico',77,'delete_logroestoico'),(308,'Can view Logro Estoico',77,'view_logroestoico'),(309,'Can add Configuración de Notificación',78,'add_configuracionnotificacion'),(310,'Can change Configuración de Notificación',78,'change_configuracionnotificacion'),(311,'Can delete Configuración de Notificación',78,'delete_configuracionnotificacion'),(312,'Can view Configuración de Notificación',78,'view_configuracionnotificacion'),(313,'Can add Estadística de Usuario',79,'add_estadisticausuario'),(314,'Can change Estadística de Usuario',79,'change_estadisticausuario'),(315,'Can delete Estadística de Usuario',79,'delete_estadisticausuario'),(316,'Can view Estadística de Usuario',79,'view_estadisticausuario'),(317,'Can add Perfil Estoico',80,'add_perfilestoico'),(318,'Can change Perfil Estoico',80,'change_perfilestoico'),(319,'Can delete Perfil Estoico',80,'delete_perfilestoico'),(320,'Can view Perfil Estoico',80,'view_perfilestoico'),(321,'Can add Logro de Usuario',81,'add_logrousuario'),(322,'Can change Logro de Usuario',81,'change_logrousuario'),(323,'Can delete Logro de Usuario',81,'delete_logrousuario'),(324,'Can view Logro de Usuario',81,'view_logrousuario'),(325,'Can add Reflexión Diaria',82,'add_reflexiondiaria'),(326,'Can change Reflexión Diaria',82,'change_reflexiondiaria'),(327,'Can delete Reflexión Diaria',82,'delete_reflexiondiaria'),(328,'Can view Reflexión Diaria',82,'view_reflexiondiaria'),(329,'Can add crontab',83,'add_crontabschedule'),(330,'Can change crontab',83,'change_crontabschedule'),(331,'Can delete crontab',83,'delete_crontabschedule'),(332,'Can view crontab',83,'view_crontabschedule'),(333,'Can add interval',84,'add_intervalschedule'),(334,'Can change interval',84,'change_intervalschedule'),(335,'Can delete interval',84,'delete_intervalschedule'),(336,'Can view interval',84,'view_intervalschedule'),(337,'Can add periodic task',85,'add_periodictask'),(338,'Can change periodic task',85,'change_periodictask'),(339,'Can delete periodic task',85,'delete_periodictask'),(340,'Can view periodic task',85,'view_periodictask'),(341,'Can add periodic task track',86,'add_periodictasks'),(342,'Can change periodic task track',86,'change_periodictasks'),(343,'Can delete periodic task track',86,'delete_periodictasks'),(344,'Can view periodic task track',86,'view_periodictasks'),(345,'Can add solar event',87,'add_solarschedule'),(346,'Can change solar event',87,'change_solarschedule'),(347,'Can delete solar event',87,'delete_solarschedule'),(348,'Can view solar event',87,'view_solarschedule'),(349,'Can add clocked',88,'add_clockedschedule'),(350,'Can change clocked',88,'change_clockedschedule'),(351,'Can delete clocked',88,'delete_clockedschedule'),(352,'Can view clocked',88,'view_clockedschedule'),(353,'Can add user profile',89,'add_userprofile'),(354,'Can change user profile',89,'change_userprofile'),(355,'Can delete user profile',89,'delete_userprofile'),(356,'Can view user profile',89,'view_userprofile'),(357,'Can add seguimiento peso',90,'add_seguimientopeso'),(358,'Can change seguimiento peso',90,'change_seguimientopeso'),(359,'Can delete seguimiento peso',90,'delete_seguimientopeso'),(360,'Can view seguimiento peso',90,'view_seguimientopeso'),(361,'Can add configuracion nivel5',91,'add_configuracionnivel5'),(362,'Can change configuracion nivel5',91,'change_configuracionnivel5'),(363,'Can delete configuracion nivel5',91,'delete_configuracionnivel5'),(364,'Can view configuracion nivel5',91,'view_configuracionnivel5'),(365,'Can add configuracion nivel4',92,'add_configuracionnivel4'),(366,'Can change configuracion nivel4',92,'change_configuracionnivel4'),(367,'Can delete configuracion nivel4',92,'delete_configuracionnivel4'),(368,'Can view configuracion nivel4',92,'view_configuracionnivel4'),(369,'Can add configuracion nivel3',93,'add_configuracionnivel3'),(370,'Can change configuracion nivel3',93,'change_configuracionnivel3'),(371,'Can delete configuracion nivel3',93,'delete_configuracionnivel3'),(372,'Can view configuracion nivel3',93,'view_configuracionnivel3'),(373,'Can add calculo nivel2',94,'add_calculonivel2'),(374,'Can change calculo nivel2',94,'change_calculonivel2'),(375,'Can delete calculo nivel2',94,'delete_calculonivel2'),(376,'Can view calculo nivel2',94,'view_calculonivel2'),(377,'Can add calculo nivel1',95,'add_calculonivel1'),(378,'Can change calculo nivel1',95,'change_calculonivel1'),(379,'Can delete calculo nivel1',95,'delete_calculonivel1'),(380,'Can view calculo nivel1',95,'view_calculonivel1'),(381,'Can add progreso nivel',96,'add_progresonivel'),(382,'Can change progreso nivel',96,'change_progresonivel'),(383,'Can delete progreso nivel',96,'delete_progresonivel'),(384,'Can view progreso nivel',96,'view_progresonivel'),(385,'Can add Área de Vida',97,'add_areavida'),(386,'Can change Área de Vida',97,'change_areavida'),(387,'Can delete Área de Vida',97,'delete_areavida'),(388,'Can view Área de Vida',97,'view_areavida'),(389,'Can add Eudaimonia',98,'add_eudaimonia'),(390,'Can change Eudaimonia',98,'change_eudaimonia'),(391,'Can delete Eudaimonia',98,'delete_eudaimonia'),(392,'Can view Eudaimonia',98,'view_eudaimonia'),(393,'Can add Evento Kairos',99,'add_eventokairos'),(394,'Can change Evento Kairos',99,'change_eventokairos'),(395,'Can delete Evento Kairos',99,'delete_eventokairos'),(396,'Can view Evento Kairos',99,'view_eventokairos'),(397,'Can add Gnosis',100,'add_gnosis'),(398,'Can change Gnosis',100,'change_gnosis'),(399,'Can delete Gnosis',100,'delete_gnosis'),(400,'Can view Gnosis',100,'view_gnosis'),(401,'Can add prosoche mes',101,'add_prosochemes'),(402,'Can change prosoche mes',101,'change_prosochemes'),(403,'Can delete prosoche mes',101,'delete_prosochemes'),(404,'Can view prosoche mes',101,'view_prosochemes'),(405,'Can add prosoche habito',102,'add_prosochehabito'),(406,'Can change prosoche habito',102,'change_prosochehabito'),(407,'Can delete prosoche habito',102,'delete_prosochehabito'),(408,'Can view prosoche habito',102,'view_prosochehabito'),(409,'Can add Ejercicio Areté',103,'add_ejercicioarete'),(410,'Can change Ejercicio Areté',103,'change_ejercicioarete'),(411,'Can delete Ejercicio Areté',103,'delete_ejercicioarete'),(412,'Can view Ejercicio Areté',103,'view_ejercicioarete'),(413,'Can add Entrenamiento Semanal',104,'add_entrenamientosemanal'),(414,'Can change Entrenamiento Semanal',104,'change_entrenamientosemanal'),(415,'Can delete Entrenamiento Semanal',104,'delete_entrenamientosemanal'),(416,'Can view Entrenamiento Semanal',104,'view_entrenamientosemanal'),(417,'Can add Planificación Diaria',105,'add_planificaciondiaria'),(418,'Can change Planificación Diaria',105,'change_planificaciondiaria'),(419,'Can delete Planificación Diaria',105,'delete_planificaciondiaria'),(420,'Can view Planificación Diaria',105,'view_planificaciondiaria'),(421,'Can add prosoche habito dia',106,'add_prosochehabitodia'),(422,'Can change prosoche habito dia',106,'change_prosochehabitodia'),(423,'Can delete prosoche habito dia',106,'delete_prosochehabitodia'),(424,'Can view prosoche habito dia',106,'view_prosochehabitodia'),(425,'Can add prosoche diario',107,'add_prosochediario'),(426,'Can change prosoche diario',107,'change_prosochediario'),(427,'Can delete prosoche diario',107,'delete_prosochediario'),(428,'Can view prosoche diario',107,'view_prosochediario'),(429,'Can add prosoche semana',108,'add_prosochesemana'),(430,'Can change prosoche semana',108,'change_prosochesemana'),(431,'Can delete prosoche semana',108,'delete_prosochesemana'),(432,'Can view prosoche semana',108,'view_prosochesemana'),(433,'Can add Seguimiento Vires',109,'add_seguimientovires'),(434,'Can change Seguimiento Vires',109,'change_seguimientovires'),(435,'Can delete Seguimiento Vires',109,'delete_seguimientovires'),(436,'Can view Seguimiento Vires',109,'view_seguimientovires'),(437,'Can add Trimestre Eudaimonia',110,'add_trimestreeudaimonia'),(438,'Can change Trimestre Eudaimonia',110,'change_trimestreeudaimonia'),(439,'Can delete Trimestre Eudaimonia',110,'delete_trimestreeudaimonia'),(440,'Can view Trimestre Eudaimonia',110,'view_trimestreeudaimonia'),(441,'Can add revision semanal',111,'add_revisionsemanal'),(442,'Can change revision semanal',111,'change_revisionsemanal'),(443,'Can delete revision semanal',111,'delete_revisionsemanal'),(444,'Can view revision semanal',111,'view_revisionsemanal'),(445,'Can add persona importante',112,'add_personaimportante'),(446,'Can change persona importante',112,'change_personaimportante'),(447,'Can delete persona importante',112,'delete_personaimportante'),(448,'Can view persona importante',112,'view_personaimportante'),(449,'Can add interaccion',113,'add_interaccion'),(450,'Can change interaccion',113,'change_interaccion'),(451,'Can delete interaccion',113,'delete_interaccion'),(452,'Can view interaccion',113,'view_interaccion'),(453,'Can add Insignia',114,'add_insignia'),(454,'Can change Insignia',114,'change_insignia'),(455,'Can delete Insignia',114,'delete_insignia'),(456,'Can view Insignia',114,'view_insignia'),(457,'Can add Reflexión Guiada (Tema)',115,'add_reflexionguiadatema'),(458,'Can change Reflexión Guiada (Tema)',115,'change_reflexionguiadatema'),(459,'Can delete Reflexión Guiada (Tema)',115,'delete_reflexionguiadatema'),(460,'Can view Reflexión Guiada (Tema)',115,'view_reflexionguiadatema'),(461,'Can add Racha de Escritura',116,'add_rachaescritura'),(462,'Can change Racha de Escritura',116,'change_rachaescritura'),(463,'Can delete Racha de Escritura',116,'delete_rachaescritura'),(464,'Can view Racha de Escritura',116,'view_rachaescritura'),(465,'Can add Reflexión Libre',117,'add_reflexionlibre'),(466,'Can change Reflexión Libre',117,'change_reflexionlibre'),(467,'Can delete Reflexión Libre',117,'delete_reflexionlibre'),(468,'Can view Reflexión Libre',117,'view_reflexionlibre'),(469,'Can add Insignia de Usuario',118,'add_insigniausuario'),(470,'Can change Insignia de Usuario',118,'change_insigniausuario'),(471,'Can delete Insignia de Usuario',118,'delete_insigniausuario'),(472,'Can view Insignia de Usuario',118,'view_insigniausuario'),(473,'Can add Virtud',119,'add_virtud'),(474,'Can change Virtud',119,'change_virtud'),(475,'Can delete Virtud',119,'delete_virtud'),(476,'Can view Virtud',119,'view_virtud'),(477,'Can add Trigger de Hábito',120,'add_triggerhabito'),(478,'Can change Trigger de Hábito',120,'change_triggerhabito'),(479,'Can delete Trigger de Hábito',120,'delete_triggerhabito'),(480,'Can view Trigger de Hábito',120,'view_triggerhabito'),(481,'Can add estiramiento ejercicio',121,'add_estiramientoejercicio'),(482,'Can change estiramiento ejercicio',121,'change_estiramientoejercicio'),(483,'Can delete estiramiento ejercicio',121,'delete_estiramientoejercicio'),(484,'Can view estiramiento ejercicio',121,'view_estiramientoejercicio'),(485,'Can add estiramiento plan',122,'add_estiramientoplan'),(486,'Can change estiramiento plan',122,'change_estiramientoplan'),(487,'Can delete estiramiento plan',122,'delete_estiramientoplan'),(488,'Can view estiramiento plan',122,'view_estiramientoplan'),(489,'Can add estiramiento paso',123,'add_estiramientopaso'),(490,'Can change estiramiento paso',123,'change_estiramientopaso'),(491,'Can delete estiramiento paso',123,'delete_estiramientopaso'),(492,'Can view estiramiento paso',123,'view_estiramientopaso'),(493,'Can add hyrox objective',124,'add_hyroxobjective'),(494,'Can change hyrox objective',124,'change_hyroxobjective'),(495,'Can delete hyrox objective',124,'delete_hyroxobjective'),(496,'Can view hyrox objective',124,'view_hyroxobjective'),(497,'Can add hyrox session',125,'add_hyroxsession'),(498,'Can change hyrox session',125,'change_hyroxsession'),(499,'Can delete hyrox session',125,'delete_hyroxsession'),(500,'Can view hyrox session',125,'view_hyroxsession'),(501,'Can add hyrox activity',126,'add_hyroxactivity'),(502,'Can change hyrox activity',126,'change_hyroxactivity'),(503,'Can delete hyrox activity',126,'delete_hyroxactivity'),(504,'Can view hyrox activity',126,'view_hyroxactivity'),(505,'Can add hyrox readiness log',127,'add_hyroxreadinesslog'),(506,'Can change hyrox readiness log',127,'change_hyroxreadinesslog'),(507,'Can delete hyrox readiness log',127,'delete_hyroxreadinesslog'),(508,'Can view hyrox readiness log',127,'view_hyroxreadinesslog'),(509,'Can add Registro de Lesión',128,'add_userinjury'),(510,'Can change Registro de Lesión',128,'change_userinjury'),(511,'Can delete Registro de Lesión',128,'delete_userinjury'),(512,'Can view Registro de Lesión',128,'view_userinjury'),(513,'Can add Registro Diario de Recuperación',129,'add_dailyrecoveryentry'),(514,'Can change Registro Diario de Recuperación',129,'change_dailyrecoveryentry'),(515,'Can delete Registro Diario de Recuperación',129,'delete_dailyrecoveryentry'),(516,'Can view Registro Diario de Recuperación',129,'view_dailyrecoveryentry'),(517,'Can add recovery test log',130,'add_recoverytestlog'),(518,'Can change recovery test log',130,'change_recoverytestlog'),(519,'Can delete recovery test log',130,'delete_recoverytestlog'),(520,'Can view recovery test log',130,'view_recoverytestlog'),(525,'Can add Fase de Entrenamiento',136,'add_faseentrenamiento'),(526,'Can change Fase de Entrenamiento',136,'change_faseentrenamiento'),(527,'Can delete Fase de Entrenamiento',136,'delete_faseentrenamiento'),(528,'Can view Fase de Entrenamiento',136,'view_faseentrenamiento');
/*!40000 ALTER TABLE `auth_permission` ENABLE KEYS */;
UNLOCK TABLES;

--
-- Table structure for table `auth_user`
--

DROP TABLE IF EXISTS `auth_user`;
/*!40101 SET @saved_cs_client     = @@character_set_client */;
/*!50503 SET character_set_client = utf8mb4 */;
CREATE TABLE `auth_user` (
  `id` int NOT NULL AUTO_INCREMENT,
  `password` varchar(128) COLLATE utf8mb4_unicode_ci NOT NULL,
  `last_login` datetime(6) DEFAULT NULL,
  `is_superuser` tinyint(1) NOT NULL,
  `username` varchar(150) COLLATE utf8mb4_unicode_ci NOT NULL,
  `first_name` varchar(150) COLLATE utf8mb4_unicode_ci NOT NULL,
  `last_name` varchar(150) COLLATE utf8mb4_unicode_ci NOT NULL,
  `email` varchar(254) COLLATE utf8mb4_unicode_ci NOT NULL,
  `is_staff` tinyint(1) NOT NULL,
  `is_active` tinyint(1) NOT NULL,
  `date_joined` datetime(6) NOT NULL,
  PRIMARY KEY (`id`),
  UNIQUE KEY `username` (`username`)
) ENGINE=InnoDB AUTO_INCREMENT=5 DEFAULT CHARSET=utf8mb4 COLLATE=utf8mb4_unicode_ci;
/*!40101 SET character_set_client = @saved_cs_client */;

--
-- Dumping data for table `auth_user`
--

LOCK TABLES `auth_user` WRITE;
/*!40000 ALTER TABLE `auth_user` DISABLE KEYS */;
INSERT INTO `auth_user` VALUES (1,'pbkdf2_sha256$720000$s6I8HnFAQLSHPG1qPNlz4I$uso/hh+xhX8mbo0Y3+LPckg4F4/CcgY6onJ5Ud+ZgBE=','2026-03-18 19:02:57.044000',1,'kure','','','',1,1,'2025-08-24 17:31:18.345000'),(2,'pbkdf2_sha256$1000000$JfvDR0FgxFSqeb3pYg7N15$xEwPGLBYt+doV1zbnHVTn9xDDQSZUXSn92jU1RBDRoc=','2025-08-31 07:29:17.425000',0,'diego','','','',0,1,'2025-08-24 18:02:23.497000'),(3,'pbkdf2_sha256$1000000$lenEu2hzuDBnSqaSj6skUK$Uh71gYFBHFpqacsKIKhT3K+TGoVZxZWcH2hGACo07CY=','2026-03-28 07:20:51.404000',0,'david','','','',0,1,'2025-08-30 15:30:00.631000'),(4,'pbkdf2_sha256$720000$s2t7ExKQsfKz8CsYjiNMtP$FSeZUsGqKKNL90YW6fiXMPMwUfv74Xcf9IDLXn/Y6iY=','2025-09-29 07:20:28.335000',0,'antonio','','','',0,1,'2025-09-29 07:20:07.720000');
/*!40000 ALTER TABLE `auth_user` ENABLE KEYS */;
UNLOCK TABLES;

--
-- Table structure for table `auth_user_groups`
--

DROP TABLE IF EXISTS `auth_user_groups`;
/*!40101 SET @saved_cs_client     = @@character_set_client */;
/*!50503 SET character_set_client = utf8mb4 */;
CREATE TABLE `auth_user_groups` (
  `id` bigint NOT NULL AUTO_INCREMENT,
  `user_id` int NOT NULL,
  `group_id` int NOT NULL,
  PRIMARY KEY (`id`),
  UNIQUE KEY `auth_user_groups_user_id_group_id_94350c0c_uniq` (`user_id`,`group_id`),
  KEY `auth_user_groups_group_id_97559544_fk_auth_group_id` (`group_id`),
  CONSTRAINT `auth_user_groups_group_id_97559544_fk_auth_group_id` FOREIGN KEY (`group_id`) REFERENCES `auth_group` (`id`),
  CONSTRAINT `auth_user_groups_user_id_6a12ed8b_fk_auth_user_id` FOREIGN KEY (`user_id`) REFERENCES `auth_user` (`id`)
) ENGINE=InnoDB DEFAULT CHARSET=utf8mb4 COLLATE=utf8mb4_unicode_ci;
/*!40101 SET character_set_client = @saved_cs_client */;

--
-- Dumping data for table `auth_user_groups`
--

LOCK TABLES `auth_user_groups` WRITE;
/*!40000 ALTER TABLE `auth_user_groups` DISABLE KEYS */;
/*!40000 ALTER TABLE `auth_user_groups` ENABLE KEYS */;
UNLOCK TABLES;

--
-- Table structure for table `auth_user_user_permissions`
--

DROP TABLE IF EXISTS `auth_user_user_permissions`;
/*!40101 SET @saved_cs_client     = @@character_set_client */;
/*!50503 SET character_set_client = utf8mb4 */;
CREATE TABLE `auth_user_user_permissions` (
  `id` bigint NOT NULL AUTO_INCREMENT,
  `user_id` int NOT NULL,
  `permission_id` int NOT NULL,
  PRIMARY KEY (`id`),
  UNIQUE KEY `auth_user_user_permissions_user_id_permission_id_14a6b632_uniq` (`user_id`,`permission_id`),
  KEY `auth_user_user_permi_permission_id_1fbb5f2c_fk_auth_perm` (`permission_id`),
  CONSTRAINT `auth_user_user_permi_permission_id_1fbb5f2c_fk_auth_perm` FOREIGN KEY (`permission_id`) REFERENCES `auth_permission` (`id`),
  CONSTRAINT `auth_user_user_permissions_user_id_a95ead1b_fk_auth_user_id` FOREIGN KEY (`user_id`) REFERENCES `auth_user` (`id`)
) ENGINE=InnoDB DEFAULT CHARSET=utf8mb4 COLLATE=utf8mb4_unicode_ci;
/*!40101 SET character_set_client = @saved_cs_client */;

--
-- Dumping data for table `auth_user_user_permissions`
--

LOCK TABLES `auth_user_user_permissions` WRITE;
/*!40000 ALTER TABLE `auth_user_user_permissions` DISABLE KEYS */;
/*!40000 ALTER TABLE `auth_user_user_permissions` ENABLE KEYS */;
UNLOCK TABLES;

--
-- Table structure for table `clientes_bitacoradiaria`
--

DROP TABLE IF EXISTS `clientes_bitacoradiaria`;
/*!40101 SET @saved_cs_client     = @@character_set_client */;
/*!50503 SET character_set_client = utf8mb4 */;
CREATE TABLE `clientes_bitacoradiaria` (
  `id` bigint NOT NULL AUTO_INCREMENT,
  `fecha` date NOT NULL,
  `horas_sueno` decimal(4,2) DEFAULT NULL,
  `humor` varchar(20) COLLATE utf8mb4_unicode_ci DEFAULT NULL,
  `rpe` smallint unsigned DEFAULT NULL,
  `nota_personal` longtext COLLATE utf8mb4_unicode_ci,
  `mindfulness_am` tinyint(1) NOT NULL,
  `mindfulness_pm` tinyint(1) NOT NULL,
  `peso_kg` decimal(5,2) DEFAULT NULL,
  `energia_subjetiva` smallint unsigned DEFAULT NULL,
  `dolor_articular` smallint unsigned DEFAULT NULL,
  `autoconciencia` longtext COLLATE utf8mb4_unicode_ci,
  `descarga_cognitiva` longtext COLLATE utf8mb4_unicode_ci,
  `rumiacion_baja` tinyint(1) DEFAULT NULL,
  `circunferencia_biceps` decimal(5,2) DEFAULT NULL,
  `emocion_dia` varchar(100) COLLATE utf8mb4_unicode_ci DEFAULT NULL,
  `cosas_positivas` longtext COLLATE utf8mb4_unicode_ci,
  `aprendizaje` longtext COLLATE utf8mb4_unicode_ci,
  `quien_quiero_ser` longtext COLLATE utf8mb4_unicode_ci,
  `tareas_dia` longtext COLLATE utf8mb4_unicode_ci,
  `que_puedo_mejorar` longtext COLLATE utf8mb4_unicode_ci,
  `reflexion_diaria` longtext COLLATE utf8mb4_unicode_ci,
  `limito_socialmente` tinyint(1) DEFAULT NULL,
  `check_in_energia` varchar(10) COLLATE utf8mb4_unicode_ci DEFAULT NULL,
  `cliente_id` bigint NOT NULL,
  PRIMARY KEY (`id`),
  KEY `bitacora_cliente_fecha_idx` (`cliente_id`,`fecha`),
  CONSTRAINT `clientes_bitacoradia_cliente_id_abd0bb91_fk_clientes_` FOREIGN KEY (`cliente_id`) REFERENCES `clientes_cliente` (`id`),
  CONSTRAINT `clientes_bitacoradiaria_chk_1` CHECK ((`rpe` >= 0)),
  CONSTRAINT `clientes_bitacoradiaria_chk_2` CHECK ((`energia_subjetiva` >= 0)),
  CONSTRAINT `clientes_bitacoradiaria_chk_3` CHECK ((`dolor_articular` >= 0))
) ENGINE=InnoDB AUTO_INCREMENT=4 DEFAULT CHARSET=utf8mb4 COLLATE=utf8mb4_unicode_ci;
/*!40101 SET character_set_client = @saved_cs_client */;

--
-- Dumping data for table `clientes_bitacoradiaria`
--

LOCK TABLES `clientes_bitacoradiaria` WRITE;
/*!40000 ALTER TABLE `clientes_bitacoradiaria` DISABLE KEYS */;
INSERT INTO `clientes_bitacoradiaria` VALUES (1,'2025-08-25',7.00,NULL,NULL,NULL,0,0,NULL,5,0,NULL,NULL,NULL,NULL,NULL,NULL,NULL,NULL,NULL,NULL,NULL,NULL,NULL,1),(2,'2025-09-02',7.00,NULL,NULL,NULL,0,0,NULL,5,0,NULL,NULL,NULL,NULL,NULL,NULL,NULL,NULL,NULL,NULL,NULL,NULL,NULL,2),(3,'2025-09-08',7.00,NULL,NULL,NULL,0,0,NULL,5,0,NULL,NULL,NULL,NULL,NULL,NULL,NULL,NULL,NULL,NULL,NULL,NULL,NULL,2);
/*!40000 ALTER TABLE `clientes_bitacoradiaria` ENABLE KEYS */;
UNLOCK TABLES;

--
-- Table structure for table `clientes_cliente`
--

DROP TABLE IF EXISTS `clientes_cliente`;
/*!40101 SET @saved_cs_client     = @@character_set_client */;
/*!50503 SET character_set_client = utf8mb4 */;
CREATE TABLE `clientes_cliente` (
  `id` bigint NOT NULL AUTO_INCREMENT,
  `nombre` varchar(100) COLLATE utf8mb4_unicode_ci NOT NULL,
  `email` varchar(254) COLLATE utf8mb4_unicode_ci NOT NULL,
  `telefono` varchar(20) COLLATE utf8mb4_unicode_ci NOT NULL,
  `fecha_nacimiento` date DEFAULT NULL,
  `direccion` varchar(255) COLLATE utf8mb4_unicode_ci NOT NULL,
  `genero` varchar(10) COLLATE utf8mb4_unicode_ci NOT NULL,
  `fecha_registro` date NOT NULL,
  `membresia_activa` tinyint(1) NOT NULL,
  `fecha_vencimiento_membresia` date DEFAULT NULL,
  `proximo_registro_peso` date DEFAULT NULL,
  `peso_corporal` double DEFAULT NULL,
  `grasa_corporal` double DEFAULT NULL,
  `cintura` double DEFAULT NULL,
  `pecho` double DEFAULT NULL,
  `hombro` double DEFAULT NULL,
  `cuello` double DEFAULT NULL,
  `biceps` double DEFAULT NULL,
  `antebrazos` double DEFAULT NULL,
  `caderas` double DEFAULT NULL,
  `muslos` double DEFAULT NULL,
  `gemelos` double DEFAULT NULL,
  `entrenos_perfectos` int unsigned NOT NULL,
  `foto` varchar(100) COLLATE utf8mb4_unicode_ci DEFAULT NULL,
  `experiencia_años` double NOT NULL,
  `objetivo_principal` varchar(50) COLLATE utf8mb4_unicode_ci NOT NULL,
  `dias_disponibles` int NOT NULL,
  `tiempo_por_sesion` int NOT NULL,
  `ejercicios_preferidos` json NOT NULL,
  `ejercicios_evitar` json NOT NULL,
  `flexibilidad_horario` tinyint(1) NOT NULL,
  `nivel_estres` int NOT NULL,
  `calidad_sueño` int NOT NULL,
  `nivel_energia` int NOT NULL,
  `one_rm_data` json NOT NULL,
  `historial_volumen` json NOT NULL,
  `perfil_nutricion_id` bigint DEFAULT NULL,
  `programa_id` bigint DEFAULT NULL,
  `rutina_actual_id` bigint DEFAULT NULL,
  `user_id` int DEFAULT NULL,
  PRIMARY KEY (`id`),
  UNIQUE KEY `perfil_nutricion_id` (`perfil_nutricion_id`),
  UNIQUE KEY `user_id` (`user_id`),
  KEY `clientes_cliente_programa_id_eea2f58b_fk_rutinas_programa_id` (`programa_id`),
  KEY `clientes_cliente_rutina_actual_id_dc133d37_fk_rutinas_rutina_id` (`rutina_actual_id`),
  CONSTRAINT `clientes_cliente_perfil_nutricion_id_fce5a060_fk_nutricion` FOREIGN KEY (`perfil_nutricion_id`) REFERENCES `nutricion_app_django_userprofile` (`id`),
  CONSTRAINT `clientes_cliente_programa_id_eea2f58b_fk_rutinas_programa_id` FOREIGN KEY (`programa_id`) REFERENCES `rutinas_programa` (`id`),
  CONSTRAINT `clientes_cliente_rutina_actual_id_dc133d37_fk_rutinas_rutina_id` FOREIGN KEY (`rutina_actual_id`) REFERENCES `rutinas_rutina` (`id`),
  CONSTRAINT `clientes_cliente_user_id_a58c2f33_fk_auth_user_id` FOREIGN KEY (`user_id`) REFERENCES `auth_user` (`id`),
  CONSTRAINT `clientes_cliente_chk_1` CHECK ((`entrenos_perfectos` >= 0))
) ENGINE=InnoDB AUTO_INCREMENT=5 DEFAULT CHARSET=utf8mb4 COLLATE=utf8mb4_unicode_ci;
/*!40101 SET character_set_client = @saved_cs_client */;

--
-- Dumping data for table `clientes_cliente`
--

LOCK TABLES `clientes_cliente` WRITE;
/*!40000 ALTER TABLE `clientes_cliente` DISABLE KEYS */;
INSERT INTO `clientes_cliente` VALUES (1,'diego','diego@diego.com','123456789',NULL,'','','2025-08-25',1,NULL,NULL,NULL,NULL,NULL,NULL,NULL,NULL,NULL,NULL,NULL,NULL,NULL,0,'clientes_fotos/4f381b3e9fb886311918479e8886b901_fEAEeSd.jpg',0.5,'general',4,90,'[]','[]',1,5,7,7,'{}','{}',NULL,NULL,NULL,2),(2,'david','david@david.es','123456',NULL,'','','2025-08-30',1,NULL,NULL,NULL,NULL,NULL,NULL,NULL,NULL,NULL,NULL,NULL,NULL,NULL,0,'clientes_fotos/IMG_3539.jpeg',4,'general',5,60,'[]','[]',1,5,7,7,'{\"dead bug\": 45.0, \"face pulls\": 88.0, \"push press\": 33.75, \"curl araña\": 43.33, \"peso muerto\": 102.67, \"pallof press\": 45.5, \"press arnold\": 59.5, \"cruce de poleas\": 38.0, \"jalón al pecho\": 112.0, \"plancha (plank)\": 53.75, \"sentadilla hack\": 28.0, \"curl con barra z\": 46.67, \"peso muerto sumo\": 91.2, \"prensa de piernas\": 336.0, \"peso muerto rumano\": 125.33, \"remo pecho apoyado\": 49.0, \"fondos entre bancos\": 8.75, \"sentadilla búlgara\": 11.2, \"curl femoral sentado\": 71.67, \"curl femoral tumbado\": 77.0, \"hip thrust con barra\": 220.0, \"press banca con barra\": 120.4, \"curl de concentración\": 14.67, \"dips (fondos en pecho)\": 30.83, \"dominadas (con lastre)\": 3.0, \"jalon unilateral pecho\": 50.67, \"machine shoulder press\": 63.0, \"press cerrado en banca\": 82.0, \"encogimientos con barra\": 142.92, \"zancadas con mancuernas\": 7.17, \"aperturas con mancuernas\": 24.93, \"convergent machine press\": 98.0, \"remo con barra (pendlay)\": 64.5, \"hiperextensiones inversas\": 30.67, \"press inclinado con barra\": 84.33, \"patada de glúteo en polea\": 37.0, \"press banca con mancuernas\": 123.33, \"press francés con barra z\": 59.5, \"aguante en barra (dead hang)\": 56.0, \"buenos días (good mornings)\": 71.67, \"curl de muñeca (wrist curl)\": 30.83, \"curl martillo con mancuernas\": 21.5, \"patada de tríceps con polea\": 32.08, \"remo en polea baja (gironda)\": 73.33, \"sentadilla frontal con barra\": 32.0, \"sentadilla trasera con barra\": 60.92, \"curl inclinado con mancuernas\": 56.67, \"remo con mancuerna a una mano\": 82.33, \"crunch en polea (cable crunch)\": 49.0, \"elevaciones de piernas colgado\": 44.0, \"elevaciones laterales en polea\": 26.25, \"press inclinado con mancuernas\": 78.83, \"elevaciones frontales con polea\": 20.0, \"abducción de cadera en máquina\": 112.0, \"farmer walk (paseo del granjero)\": 113.58, \"fondos en paralelas (con lastre)\": 30.83, \"press militar con barra (de pie)\": 46.67, \"elevaciones laterales con mancuernas\": 8.8, \"extensiones de tríceps en polea alta\": 22.0, \"extensiones de cuádriceps en máquina\": 49.0, \"extensiones de tríceps con polea alta\": 30.67, \"press militar con mancuernas (sentado)\": 77.0, \"elevación de gemelos de pie (máquina)\": 153.33, \"remo al mentón con polea (upright row)\": 81.0, \"elevación de gemelos sentado (máquina)\": 112.0}','{}',1,NULL,NULL,3),(4,'antonio','','',NULL,'','','2025-09-29',1,NULL,NULL,NULL,NULL,NULL,NULL,NULL,NULL,NULL,NULL,NULL,NULL,NULL,0,'clientes_fotos/default.png',0.5,'general',4,75,'[]','[]',1,7,5,5,'{\"press arnold\": 41.0, \"fondos entre bancos\": 41.0, \"press inclinado con barra\": 41.0, \"press banca con mancuernas\": 41.0, \"press francés con barra z\": 41.0, \"press militar con barra (de pie)\": 41.0}','{}',NULL,NULL,NULL,4);
/*!40000 ALTER TABLE `clientes_cliente` ENABLE KEYS */;
UNLOCK TABLES;

--
-- Table structure for table `clientes_estadosemanal`
--

DROP TABLE IF EXISTS `clientes_estadosemanal`;
/*!40101 SET @saved_cs_client     = @@character_set_client */;
/*!50503 SET character_set_client = utf8mb4 */;
CREATE TABLE `clientes_estadosemanal` (
  `id` bigint NOT NULL AUTO_INCREMENT,
  `semana_inicio` date NOT NULL,
  `semana_fin` date NOT NULL,
  `promedio_sueno` decimal(4,2) NOT NULL,
  `promedio_rpe` decimal(4,2) NOT NULL,
  `humor_dominante` varchar(20) COLLATE utf8mb4_unicode_ci NOT NULL,
  `mensaje_joi` longtext COLLATE utf8mb4_unicode_ci NOT NULL,
  `sugerencia` longtext COLLATE utf8mb4_unicode_ci,
  `cliente_id` bigint NOT NULL,
  PRIMARY KEY (`id`),
  KEY `clientes_estadoseman_cliente_id_da27671b_fk_clientes_` (`cliente_id`),
  CONSTRAINT `clientes_estadoseman_cliente_id_da27671b_fk_clientes_` FOREIGN KEY (`cliente_id`) REFERENCES `clientes_cliente` (`id`)
) ENGINE=InnoDB DEFAULT CHARSET=utf8mb4 COLLATE=utf8mb4_unicode_ci;
/*!40101 SET character_set_client = @saved_cs_client */;

--
-- Dumping data for table `clientes_estadosemanal`
--

LOCK TABLES `clientes_estadosemanal` WRITE;
/*!40000 ALTER TABLE `clientes_estadosemanal` DISABLE KEYS */;
/*!40000 ALTER TABLE `clientes_estadosemanal` ENABLE KEYS */;
UNLOCK TABLES;

--
-- Table structure for table `clientes_fasecliente`
--

DROP TABLE IF EXISTS `clientes_fasecliente`;
/*!40101 SET @saved_cs_client     = @@character_set_client */;
/*!50503 SET character_set_client = utf8mb4 */;
CREATE TABLE `clientes_fasecliente` (
  `id` bigint NOT NULL AUTO_INCREMENT,
  `fase` varchar(20) COLLATE utf8mb4_unicode_ci NOT NULL,
  `fecha_inicio` date NOT NULL,
  `fecha_fin` date DEFAULT NULL,
  `cliente_id` bigint NOT NULL,
  PRIMARY KEY (`id`),
  KEY `clientes_fasecliente_cliente_id_17838900_fk_clientes_cliente_id` (`cliente_id`),
  CONSTRAINT `clientes_fasecliente_cliente_id_17838900_fk_clientes_cliente_id` FOREIGN KEY (`cliente_id`) REFERENCES `clientes_cliente` (`id`)
) ENGINE=InnoDB DEFAULT CHARSET=utf8mb4 COLLATE=utf8mb4_unicode_ci;
/*!40101 SET character_set_client = @saved_cs_client */;

--
-- Dumping data for table `clientes_fasecliente`
--

LOCK TABLES `clientes_fasecliente` WRITE;
/*!40000 ALTER TABLE `clientes_fasecliente` DISABLE KEYS */;
/*!40000 ALTER TABLE `clientes_fasecliente` ENABLE KEYS */;
UNLOCK TABLES;

--
-- Table structure for table `clientes_medida`
--

DROP TABLE IF EXISTS `clientes_medida`;
/*!40101 SET @saved_cs_client     = @@character_set_client */;
/*!50503 SET character_set_client = utf8mb4 */;
CREATE TABLE `clientes_medida` (
  `id` bigint NOT NULL AUTO_INCREMENT,
  `nombre` varchar(100) COLLATE utf8mb4_unicode_ci NOT NULL,
  `valor` double DEFAULT NULL,
  `unidad` varchar(20) COLLATE utf8mb4_unicode_ci NOT NULL,
  PRIMARY KEY (`id`)
) ENGINE=InnoDB DEFAULT CHARSET=utf8mb4 COLLATE=utf8mb4_unicode_ci;
/*!40101 SET character_set_client = @saved_cs_client */;

--
-- Dumping data for table `clientes_medida`
--

LOCK TABLES `clientes_medida` WRITE;
/*!40000 ALTER TABLE `clientes_medida` DISABLE KEYS */;
/*!40000 ALTER TABLE `clientes_medida` ENABLE KEYS */;
UNLOCK TABLES;

--
-- Table structure for table `clientes_minireto`
--

DROP TABLE IF EXISTS `clientes_minireto`;
/*!40101 SET @saved_cs_client     = @@character_set_client */;
/*!50503 SET character_set_client = utf8mb4 */;
CREATE TABLE `clientes_minireto` (
  `id` bigint NOT NULL AUTO_INCREMENT,
  `semana_inicio` date NOT NULL,
  `descripcion` varchar(200) COLLATE utf8mb4_unicode_ci NOT NULL,
  `cumplido` tinyint(1) NOT NULL,
  `cliente_id` bigint NOT NULL,
  PRIMARY KEY (`id`),
  KEY `clientes_minireto_cliente_id_1746c34f_fk_clientes_cliente_id` (`cliente_id`),
  CONSTRAINT `clientes_minireto_cliente_id_1746c34f_fk_clientes_cliente_id` FOREIGN KEY (`cliente_id`) REFERENCES `clientes_cliente` (`id`)
) ENGINE=InnoDB AUTO_INCREMENT=100 DEFAULT CHARSET=utf8mb4 COLLATE=utf8mb4_unicode_ci;
/*!40101 SET character_set_client = @saved_cs_client */;

--
-- Dumping data for table `clientes_minireto`
--

LOCK TABLES `clientes_minireto` WRITE;
/*!40000 ALTER TABLE `clientes_minireto` DISABLE KEYS */;
INSERT INTO `clientes_minireto` VALUES (1,'2025-08-25','Haz al menos 3 entrenos esta semana',0,1),(2,'2025-08-25','Suma más de 10.000 kg en total',0,1),(3,'2025-08-25','Duerme 7h o más al menos 4 días',0,1),(4,'2025-08-25','Haz al menos 3 entrenos esta semana',0,2),(5,'2025-08-25','Suma más de 10.000 kg en total',0,2),(6,'2025-08-25','Duerme 7h o más al menos 4 días',0,2),(7,'2025-09-01','Haz al menos 3 entrenos esta semana',0,2),(8,'2025-09-01','Suma más de 10.000 kg en total',0,2),(9,'2025-09-01','Duerme 7h o más al menos 4 días',0,2),(10,'2025-09-08','Haz al menos 3 entrenos esta semana',0,2),(11,'2025-09-08','Suma más de 10.000 kg en total',0,2),(12,'2025-09-08','Duerme 7h o más al menos 4 días',0,2),(13,'2025-09-15','Haz al menos 3 entrenos esta semana',0,2),(14,'2025-09-15','Suma más de 10.000 kg en total',0,2),(15,'2025-09-15','Duerme 7h o más al menos 4 días',0,2),(16,'2025-09-22','Haz al menos 3 entrenos esta semana',0,2),(17,'2025-09-22','Suma más de 10.000 kg en total',0,2),(18,'2025-09-22','Duerme 7h o más al menos 4 días',0,2),(19,'2025-09-29','Haz al menos 3 entrenos esta semana',0,2),(20,'2025-09-29','Suma más de 10.000 kg en total',0,2),(21,'2025-09-29','Duerme 7h o más al menos 4 días',0,2),(22,'2025-09-29','Haz al menos 3 entrenos esta semana',0,4),(23,'2025-09-29','Suma más de 10.000 kg en total',0,4),(24,'2025-09-29','Duerme 7h o más al menos 4 días',0,4),(25,'2025-10-06','Haz al menos 3 entrenos esta semana',0,2),(26,'2025-10-06','Suma más de 10.000 kg en total',0,2),(27,'2025-10-06','Duerme 7h o más al menos 4 días',0,2),(28,'2025-10-13','Haz al menos 3 entrenos esta semana',0,2),(29,'2025-10-13','Suma más de 10.000 kg en total',0,2),(30,'2025-10-13','Duerme 7h o más al menos 4 días',0,2),(31,'2025-10-20','Haz al menos 3 entrenos esta semana',0,2),(32,'2025-10-20','Suma más de 10.000 kg en total',0,2),(33,'2025-10-20','Duerme 7h o más al menos 4 días',0,2),(34,'2025-10-27','Haz al menos 3 entrenos esta semana',0,2),(35,'2025-10-27','Suma más de 10.000 kg en total',0,2),(36,'2025-10-27','Duerme 7h o más al menos 4 días',0,2),(37,'2025-11-03','Haz al menos 3 entrenos esta semana',0,2),(38,'2025-11-03','Suma más de 10.000 kg en total',0,2),(39,'2025-11-03','Duerme 7h o más al menos 4 días',0,2),(40,'2025-11-10','Haz al menos 3 entrenos esta semana',0,2),(41,'2025-11-10','Suma más de 10.000 kg en total',0,2),(42,'2025-11-10','Duerme 7h o más al menos 4 días',0,2),(43,'2025-11-17','Haz al menos 3 entrenos esta semana',0,2),(44,'2025-11-17','Suma más de 10.000 kg en total',0,2),(45,'2025-11-17','Duerme 7h o más al menos 4 días',0,2),(46,'2025-11-24','Haz al menos 3 entrenos esta semana',0,2),(47,'2025-11-24','Suma más de 10.000 kg en total',0,2),(48,'2025-11-24','Duerme 7h o más al menos 4 días',0,2),(49,'2025-12-01','Haz al menos 3 entrenos esta semana',0,2),(50,'2025-12-01','Suma más de 10.000 kg en total',0,2),(51,'2025-12-01','Duerme 7h o más al menos 4 días',0,2),(52,'2025-12-08','Haz al menos 3 entrenos esta semana',0,2),(53,'2025-12-08','Suma más de 10.000 kg en total',0,2),(54,'2025-12-08','Duerme 7h o más al menos 4 días',0,2),(55,'2025-12-15','Haz al menos 3 entrenos esta semana',0,2),(56,'2025-12-15','Suma más de 10.000 kg en total',0,2),(57,'2025-12-15','Duerme 7h o más al menos 4 días',0,2),(58,'2025-12-22','Haz al menos 3 entrenos esta semana',0,2),(59,'2025-12-22','Suma más de 10.000 kg en total',0,2),(60,'2025-12-22','Duerme 7h o más al menos 4 días',0,2),(61,'2025-12-29','Haz al menos 3 entrenos esta semana',0,2),(62,'2025-12-29','Suma más de 10.000 kg en total',0,2),(63,'2025-12-29','Duerme 7h o más al menos 4 días',0,2),(64,'2026-01-05','Haz al menos 3 entrenos esta semana',0,2),(65,'2026-01-05','Suma más de 10.000 kg en total',0,2),(66,'2026-01-05','Duerme 7h o más al menos 4 días',0,2),(67,'2026-01-12','Haz al menos 3 entrenos esta semana',0,2),(68,'2026-01-12','Suma más de 10.000 kg en total',0,2),(69,'2026-01-12','Duerme 7h o más al menos 4 días',0,2),(70,'2026-01-19','Haz al menos 3 entrenos esta semana',0,2),(71,'2026-01-19','Suma más de 10.000 kg en total',0,2),(72,'2026-01-19','Duerme 7h o más al menos 4 días',0,2),(73,'2026-01-26','Haz al menos 3 entrenos esta semana',0,2),(74,'2026-01-26','Suma más de 10.000 kg en total',0,2),(75,'2026-01-26','Duerme 7h o más al menos 4 días',0,2),(76,'2026-02-02','Haz al menos 3 entrenos esta semana',0,2),(77,'2026-02-02','Suma más de 10.000 kg en total',0,2),(78,'2026-02-02','Duerme 7h o más al menos 4 días',0,2),(79,'2026-02-09','Haz al menos 3 entrenos esta semana',0,2),(80,'2026-02-09','Suma más de 10.000 kg en total',0,2),(81,'2026-02-09','Duerme 7h o más al menos 4 días',0,2),(82,'2026-02-16','Haz al menos 3 entrenos esta semana',0,2),(83,'2026-02-16','Suma más de 10.000 kg en total',0,2),(84,'2026-02-16','Duerme 7h o más al menos 4 días',0,2),(85,'2026-02-23','Haz al menos 3 entrenos esta semana',0,2),(86,'2026-02-23','Suma más de 10.000 kg en total',0,2),(87,'2026-02-23','Duerme 7h o más al menos 4 días',0,2),(88,'2026-03-02','Haz al menos 3 entrenos esta semana',0,2),(89,'2026-03-02','Suma más de 10.000 kg en total',0,2),(90,'2026-03-02','Duerme 7h o más al menos 4 días',0,2),(91,'2026-03-09','Haz al menos 3 entrenos esta semana',0,2),(92,'2026-03-09','Suma más de 10.000 kg en total',0,2),(93,'2026-03-09','Duerme 7h o más al menos 4 días',0,2),(94,'2026-03-16','Haz al menos 3 entrenos esta semana',0,2),(95,'2026-03-16','Suma más de 10.000 kg en total',0,2),(96,'2026-03-16','Duerme 7h o más al menos 4 días',0,2),(97,'2026-03-23','Haz al menos 3 entrenos esta semana',0,2),(98,'2026-03-23','Suma más de 10.000 kg en total',0,2),(99,'2026-03-23','Duerme 7h o más al menos 4 días',0,2);
/*!40000 ALTER TABLE `clientes_minireto` ENABLE KEYS */;
UNLOCK TABLES;

--
-- Table structure for table `clientes_objetivocliente`
--

DROP TABLE IF EXISTS `clientes_objetivocliente`;
/*!40101 SET @saved_cs_client     = @@character_set_client */;
/*!50503 SET character_set_client = utf8mb4 */;
CREATE TABLE `clientes_objetivocliente` (
  `id` bigint NOT NULL AUTO_INCREMENT,
  `medida` varchar(20) COLLATE utf8mb4_unicode_ci NOT NULL,
  `valor` double NOT NULL,
  `fecha` date NOT NULL,
  `cliente_id` bigint NOT NULL,
  PRIMARY KEY (`id`),
  UNIQUE KEY `clientes_objetivocliente_cliente_id_medida_ac963d5c_uniq` (`cliente_id`,`medida`),
  CONSTRAINT `clientes_objetivocli_cliente_id_21bb3428_fk_clientes_` FOREIGN KEY (`cliente_id`) REFERENCES `clientes_cliente` (`id`)
) ENGINE=InnoDB DEFAULT CHARSET=utf8mb4 COLLATE=utf8mb4_unicode_ci;
/*!40101 SET character_set_client = @saved_cs_client */;

--
-- Dumping data for table `clientes_objetivocliente`
--

LOCK TABLES `clientes_objetivocliente` WRITE;
/*!40000 ALTER TABLE `clientes_objetivocliente` DISABLE KEYS */;
/*!40000 ALTER TABLE `clientes_objetivocliente` ENABLE KEYS */;
UNLOCK TABLES;

--
-- Table structure for table `clientes_objetivopeso`
--

DROP TABLE IF EXISTS `clientes_objetivopeso`;
/*!40101 SET @saved_cs_client     = @@character_set_client */;
/*!50503 SET character_set_client = utf8mb4 */;
CREATE TABLE `clientes_objetivopeso` (
  `id` bigint NOT NULL AUTO_INCREMENT,
  `peso_objetivo_kg` decimal(5,2) NOT NULL,
  `fecha_inicio` date NOT NULL,
  `fecha_fin` date DEFAULT NULL,
  `alcanzado` tinyint(1) NOT NULL,
  `cliente_id` bigint NOT NULL,
  PRIMARY KEY (`id`),
  KEY `clientes_objetivopeso_cliente_id_d4ae817d_fk_clientes_cliente_id` (`cliente_id`),
  CONSTRAINT `clientes_objetivopeso_cliente_id_d4ae817d_fk_clientes_cliente_id` FOREIGN KEY (`cliente_id`) REFERENCES `clientes_cliente` (`id`)
) ENGINE=InnoDB AUTO_INCREMENT=2 DEFAULT CHARSET=utf8mb4 COLLATE=utf8mb4_unicode_ci;
/*!40101 SET character_set_client = @saved_cs_client */;

--
-- Dumping data for table `clientes_objetivopeso`
--

LOCK TABLES `clientes_objetivopeso` WRITE;
/*!40000 ALTER TABLE `clientes_objetivopeso` DISABLE KEYS */;
INSERT INTO `clientes_objetivopeso` VALUES (1,90.00,'2025-09-21',NULL,0,2);
/*!40000 ALTER TABLE `clientes_objetivopeso` ENABLE KEYS */;
UNLOCK TABLES;

--
-- Table structure for table `clientes_pesodiario`
--

DROP TABLE IF EXISTS `clientes_pesodiario`;
/*!40101 SET @saved_cs_client     = @@character_set_client */;
/*!50503 SET character_set_client = utf8mb4 */;
CREATE TABLE `clientes_pesodiario` (
  `id` bigint NOT NULL AUTO_INCREMENT,
  `fecha` date NOT NULL,
  `peso_kg` decimal(5,2) NOT NULL,
  `cliente_id` bigint NOT NULL,
  PRIMARY KEY (`id`),
  UNIQUE KEY `fecha` (`fecha`),
  UNIQUE KEY `clientes_pesodiario_cliente_id_fecha_bd76f6ff_uniq` (`cliente_id`,`fecha`),
  CONSTRAINT `clientes_pesodiario_cliente_id_123defda_fk_clientes_cliente_id` FOREIGN KEY (`cliente_id`) REFERENCES `clientes_cliente` (`id`)
) ENGINE=InnoDB AUTO_INCREMENT=2 DEFAULT CHARSET=utf8mb4 COLLATE=utf8mb4_unicode_ci;
/*!40101 SET character_set_client = @saved_cs_client */;

--
-- Dumping data for table `clientes_pesodiario`
--

LOCK TABLES `clientes_pesodiario` WRITE;
/*!40000 ALTER TABLE `clientes_pesodiario` DISABLE KEYS */;
INSERT INTO `clientes_pesodiario` VALUES (1,'2025-09-21',73.30,2);
/*!40000 ALTER TABLE `clientes_pesodiario` ENABLE KEYS */;
UNLOCK TABLES;

--
-- Table structure for table `clientes_plannutricional`
--

DROP TABLE IF EXISTS `clientes_plannutricional`;
/*!40101 SET @saved_cs_client     = @@character_set_client */;
/*!50503 SET character_set_client = utf8mb4 */;
CREATE TABLE `clientes_plannutricional` (
  `id` bigint NOT NULL AUTO_INCREMENT,
  `fecha_generacion` datetime(6) NOT NULL,
  `edad` int NOT NULL,
  `genero` varchar(1) COLLATE utf8mb4_unicode_ci NOT NULL,
  `altura_cm` decimal(5,2) NOT NULL,
  `peso_kg` decimal(5,2) NOT NULL,
  `nivel_actividad` varchar(20) COLLATE utf8mb4_unicode_ci NOT NULL,
  `objetivo` varchar(20) COLLATE utf8mb4_unicode_ci NOT NULL,
  `calorias_estimadas` decimal(7,2) NOT NULL,
  `gramos_proteinas` decimal(7,2) NOT NULL,
  `gramos_grasas` decimal(7,2) NOT NULL,
  `gramos_carbohidratos` decimal(7,2) NOT NULL,
  `plan_generado_texto` longtext COLLATE utf8mb4_unicode_ci NOT NULL,
  `cliente_id` bigint NOT NULL,
  PRIMARY KEY (`id`),
  KEY `clientes_plannutrici_cliente_id_265520a2_fk_clientes_` (`cliente_id`),
  CONSTRAINT `clientes_plannutrici_cliente_id_265520a2_fk_clientes_` FOREIGN KEY (`cliente_id`) REFERENCES `clientes_cliente` (`id`)
) ENGINE=InnoDB DEFAULT CHARSET=utf8mb4 COLLATE=utf8mb4_unicode_ci;
/*!40101 SET character_set_client = @saved_cs_client */;

--
-- Dumping data for table `clientes_plannutricional`
--

LOCK TABLES `clientes_plannutricional` WRITE;
/*!40000 ALTER TABLE `clientes_plannutricional` DISABLE KEYS */;
/*!40000 ALTER TABLE `clientes_plannutricional` ENABLE KEYS */;
UNLOCK TABLES;

--
-- Table structure for table `clientes_revisionprogreso`
--

DROP TABLE IF EXISTS `clientes_revisionprogreso`;
/*!40101 SET @saved_cs_client     = @@character_set_client */;
/*!50503 SET character_set_client = utf8mb4 */;
CREATE TABLE `clientes_revisionprogreso` (
  `id` bigint NOT NULL AUTO_INCREMENT,
  `fecha` date NOT NULL,
  `peso_corporal` decimal(5,2) DEFAULT NULL,
  `grasa_corporal` decimal(5,2) DEFAULT NULL,
  `cintura` decimal(5,2) DEFAULT NULL,
  `pecho` decimal(5,2) DEFAULT NULL,
  `biceps` decimal(5,2) DEFAULT NULL,
  `muslos` decimal(5,2) DEFAULT NULL,
  `observaciones` longtext COLLATE utf8mb4_unicode_ci,
  `hombro` decimal(5,2) DEFAULT NULL,
  `cuello` decimal(5,2) DEFAULT NULL,
  `antebrazos` decimal(5,2) DEFAULT NULL,
  `caderas` decimal(5,2) DEFAULT NULL,
  `gemelos` decimal(5,2) DEFAULT NULL,
  `cliente_id` bigint NOT NULL,
  PRIMARY KEY (`id`),
  KEY `clientes_revisionpro_cliente_id_2acb5bdb_fk_clientes_` (`cliente_id`),
  CONSTRAINT `clientes_revisionpro_cliente_id_2acb5bdb_fk_clientes_` FOREIGN KEY (`cliente_id`) REFERENCES `clientes_cliente` (`id`)
) ENGINE=InnoDB DEFAULT CHARSET=utf8mb4 COLLATE=utf8mb4_unicode_ci;
/*!40101 SET character_set_client = @saved_cs_client */;

--
-- Dumping data for table `clientes_revisionprogreso`
--

LOCK TABLES `clientes_revisionprogreso` WRITE;
/*!40000 ALTER TABLE `clientes_revisionprogreso` DISABLE KEYS */;
/*!40000 ALTER TABLE `clientes_revisionprogreso` ENABLE KEYS */;
UNLOCK TABLES;

--
-- Table structure for table `clientes_sugerenciaaceptada`
--

DROP TABLE IF EXISTS `clientes_sugerenciaaceptada`;
/*!40101 SET @saved_cs_client     = @@character_set_client */;
/*!50503 SET character_set_client = utf8mb4 */;
CREATE TABLE `clientes_sugerenciaaceptada` (
  `id` bigint NOT NULL AUTO_INCREMENT,
  `semana_inicio` date NOT NULL,
  `tipo` varchar(20) COLLATE utf8mb4_unicode_ci NOT NULL,
  `aceptada` tinyint(1) NOT NULL,
  `cliente_id` bigint NOT NULL,
  PRIMARY KEY (`id`),
  KEY `clientes_sugerenciaa_cliente_id_6db5bf92_fk_clientes_` (`cliente_id`),
  CONSTRAINT `clientes_sugerenciaa_cliente_id_6db5bf92_fk_clientes_` FOREIGN KEY (`cliente_id`) REFERENCES `clientes_cliente` (`id`)
) ENGINE=InnoDB DEFAULT CHARSET=utf8mb4 COLLATE=utf8mb4_unicode_ci;
/*!40101 SET character_set_client = @saved_cs_client */;

--
-- Dumping data for table `clientes_sugerenciaaceptada`
--

LOCK TABLES `clientes_sugerenciaaceptada` WRITE;
/*!40000 ALTER TABLE `clientes_sugerenciaaceptada` DISABLE KEYS */;
/*!40000 ALTER TABLE `clientes_sugerenciaaceptada` ENABLE KEYS */;
UNLOCK TABLES;

--
-- Table structure for table `clientes_userprofile`
--

DROP TABLE IF EXISTS `clientes_userprofile`;
/*!40101 SET @saved_cs_client     = @@character_set_client */;
/*!50503 SET character_set_client = utf8mb4 */;
CREATE TABLE `clientes_userprofile` (
  `id` bigint NOT NULL AUTO_INCREMENT,
  `user_id` int NOT NULL,
  PRIMARY KEY (`id`),
  UNIQUE KEY `user_id` (`user_id`),
  CONSTRAINT `clientes_userprofile_user_id_96ffe98c_fk_auth_user_id` FOREIGN KEY (`user_id`) REFERENCES `auth_user` (`id`)
) ENGINE=InnoDB DEFAULT CHARSET=utf8mb4 COLLATE=utf8mb4_unicode_ci;
/*!40101 SET character_set_client = @saved_cs_client */;

--
-- Dumping data for table `clientes_userprofile`
--

LOCK TABLES `clientes_userprofile` WRITE;
/*!40000 ALTER TABLE `clientes_userprofile` DISABLE KEYS */;
/*!40000 ALTER TABLE `clientes_userprofile` ENABLE KEYS */;
UNLOCK TABLES;

--
-- Table structure for table `diario_areavida`
--

DROP TABLE IF EXISTS `diario_areavida`;
/*!40101 SET @saved_cs_client     = @@character_set_client */;
/*!50503 SET character_set_client = utf8mb4 */;
CREATE TABLE `diario_areavida` (
  `id` bigint NOT NULL AUTO_INCREMENT,
  `nombre` varchar(100) COLLATE utf8mb4_unicode_ci NOT NULL,
  `descripcion` longtext COLLATE utf8mb4_unicode_ci,
  `icono` varchar(50) COLLATE utf8mb4_unicode_ci DEFAULT NULL,
  `color` varchar(7) COLLATE utf8mb4_unicode_ci NOT NULL,
  `activa` tinyint(1) NOT NULL,
  PRIMARY KEY (`id`),
  UNIQUE KEY `nombre` (`nombre`)
) ENGINE=InnoDB AUTO_INCREMENT=2 DEFAULT CHARSET=utf8mb4 COLLATE=utf8mb4_unicode_ci;
/*!40101 SET character_set_client = @saved_cs_client */;

--
-- Dumping data for table `diario_areavida`
--

LOCK TABLES `diario_areavida` WRITE;
/*!40000 ALTER TABLE `diario_areavida` DISABLE KEYS */;
INSERT INTO `diario_areavida` VALUES (1,'Desarrollo personal','',NULL,'#00ffff',1);
/*!40000 ALTER TABLE `diario_areavida` ENABLE KEYS */;
UNLOCK TABLES;

--
-- Table structure for table `diario_ejercicioarete`
--

DROP TABLE IF EXISTS `diario_ejercicioarete`;
/*!40101 SET @saved_cs_client     = @@character_set_client */;
/*!50503 SET character_set_client = utf8mb4 */;
CREATE TABLE `diario_ejercicioarete` (
  `id` bigint NOT NULL AUTO_INCREMENT,
  `nombre` varchar(100) COLLATE utf8mb4_unicode_ci NOT NULL,
  `descripcion` longtext COLLATE utf8mb4_unicode_ci NOT NULL,
  `instrucciones` longtext COLLATE utf8mb4_unicode_ci,
  `estado` varchar(15) COLLATE utf8mb4_unicode_ci NOT NULL,
  `fecha_completado` datetime(6) DEFAULT NULL,
  `reflexiones` longtext COLLATE utf8mb4_unicode_ci,
  `numero_orden` int unsigned NOT NULL,
  `usuario_id` int NOT NULL,
  PRIMARY KEY (`id`),
  UNIQUE KEY `diario_ejercicioarete_usuario_id_numero_orden_3e5de303_uniq` (`usuario_id`,`numero_orden`),
  CONSTRAINT `diario_ejercicioarete_usuario_id_ec414be7_fk_auth_user_id` FOREIGN KEY (`usuario_id`) REFERENCES `auth_user` (`id`),
  CONSTRAINT `diario_ejercicioarete_chk_1` CHECK ((`numero_orden` >= 0))
) ENGINE=InnoDB DEFAULT CHARSET=utf8mb4 COLLATE=utf8mb4_unicode_ci;
/*!40101 SET character_set_client = @saved_cs_client */;

--
-- Dumping data for table `diario_ejercicioarete`
--

LOCK TABLES `diario_ejercicioarete` WRITE;
/*!40000 ALTER TABLE `diario_ejercicioarete` DISABLE KEYS */;
/*!40000 ALTER TABLE `diario_ejercicioarete` ENABLE KEYS */;
UNLOCK TABLES;

--
-- Table structure for table `diario_entrenamientosemanal`
--

DROP TABLE IF EXISTS `diario_entrenamientosemanal`;
/*!40101 SET @saved_cs_client     = @@character_set_client */;
/*!50503 SET character_set_client = utf8mb4 */;
CREATE TABLE `diario_entrenamientosemanal` (
  `id` bigint NOT NULL AUTO_INCREMENT,
  `semana_inicio` date NOT NULL,
  `tipo` varchar(10) COLLATE utf8mb4_unicode_ci NOT NULL,
  `lunes` longtext COLLATE utf8mb4_unicode_ci,
  `martes` longtext COLLATE utf8mb4_unicode_ci,
  `miercoles` longtext COLLATE utf8mb4_unicode_ci,
  `jueves` longtext COLLATE utf8mb4_unicode_ci,
  `viernes` longtext COLLATE utf8mb4_unicode_ci,
  `sabado` longtext COLLATE utf8mb4_unicode_ci,
  `domingo` longtext COLLATE utf8mb4_unicode_ci,
  `fecha_creacion` datetime(6) NOT NULL,
  `usuario_id` int NOT NULL,
  PRIMARY KEY (`id`),
  UNIQUE KEY `diario_entrenamientosema_usuario_id_semana_inicio_4ef20e6e_uniq` (`usuario_id`,`semana_inicio`,`tipo`),
  CONSTRAINT `diario_entrenamientosemanal_usuario_id_ad34122c_fk_auth_user_id` FOREIGN KEY (`usuario_id`) REFERENCES `auth_user` (`id`)
) ENGINE=InnoDB DEFAULT CHARSET=utf8mb4 COLLATE=utf8mb4_unicode_ci;
/*!40101 SET character_set_client = @saved_cs_client */;

--
-- Dumping data for table `diario_entrenamientosemanal`
--

LOCK TABLES `diario_entrenamientosemanal` WRITE;
/*!40000 ALTER TABLE `diario_entrenamientosemanal` DISABLE KEYS */;
/*!40000 ALTER TABLE `diario_entrenamientosemanal` ENABLE KEYS */;
UNLOCK TABLES;

--
-- Table structure for table `diario_eudaimonia`
--

DROP TABLE IF EXISTS `diario_eudaimonia`;
/*!40101 SET @saved_cs_client     = @@character_set_client */;
/*!50503 SET character_set_client = utf8mb4 */;
CREATE TABLE `diario_eudaimonia` (
  `id` bigint NOT NULL AUTO_INCREMENT,
  `prioridad` varchar(5) COLLATE utf8mb4_unicode_ci NOT NULL,
  `puntuacion` int NOT NULL,
  `fecha_actualizacion` datetime(6) NOT NULL,
  `area_id` bigint NOT NULL,
  `usuario_id` int NOT NULL,
  PRIMARY KEY (`id`),
  UNIQUE KEY `diario_eudaimonia_usuario_id_area_id_3fdcf278_uniq` (`usuario_id`,`area_id`),
  KEY `diario_eudaimonia_area_id_b9608473_fk_diario_areavida_id` (`area_id`),
  CONSTRAINT `diario_eudaimonia_area_id_b9608473_fk_diario_areavida_id` FOREIGN KEY (`area_id`) REFERENCES `diario_areavida` (`id`),
  CONSTRAINT `diario_eudaimonia_usuario_id_019a2db8_fk_auth_user_id` FOREIGN KEY (`usuario_id`) REFERENCES `auth_user` (`id`)
) ENGINE=InnoDB AUTO_INCREMENT=2 DEFAULT CHARSET=utf8mb4 COLLATE=utf8mb4_unicode_ci;
/*!40101 SET character_set_client = @saved_cs_client */;

--
-- Dumping data for table `diario_eudaimonia`
--

LOCK TABLES `diario_eudaimonia` WRITE;
/*!40000 ALTER TABLE `diario_eudaimonia` DISABLE KEYS */;
INSERT INTO `diario_eudaimonia` VALUES (1,'alta',5,'2025-10-19 15:02:22.502000',1,3);
/*!40000 ALTER TABLE `diario_eudaimonia` ENABLE KEYS */;
UNLOCK TABLES;

--
-- Table structure for table `diario_eventokairos`
--

DROP TABLE IF EXISTS `diario_eventokairos`;
/*!40101 SET @saved_cs_client     = @@character_set_client */;
/*!50503 SET character_set_client = utf8mb4 */;
CREATE TABLE `diario_eventokairos` (
  `id` bigint NOT NULL AUTO_INCREMENT,
  `titulo` varchar(200) COLLATE utf8mb4_unicode_ci NOT NULL,
  `descripcion` longtext COLLATE utf8mb4_unicode_ci,
  `tipo` varchar(10) COLLATE utf8mb4_unicode_ci NOT NULL,
  `fecha_inicio` datetime(6) NOT NULL,
  `fecha_fin` datetime(6) DEFAULT NULL,
  `todo_el_dia` tinyint(1) NOT NULL,
  `recordatorio` tinyint(1) NOT NULL,
  `minutos_recordatorio` int unsigned NOT NULL,
  `completado` tinyint(1) NOT NULL,
  `color` varchar(7) COLLATE utf8mb4_unicode_ci NOT NULL,
  `fecha_creacion` datetime(6) NOT NULL,
  `usuario_id` int NOT NULL,
  PRIMARY KEY (`id`),
  KEY `diario_eventokairos_usuario_id_00587de6_fk_auth_user_id` (`usuario_id`),
  CONSTRAINT `diario_eventokairos_usuario_id_00587de6_fk_auth_user_id` FOREIGN KEY (`usuario_id`) REFERENCES `auth_user` (`id`),
  CONSTRAINT `diario_eventokairos_chk_1` CHECK ((`minutos_recordatorio` >= 0))
) ENGINE=InnoDB AUTO_INCREMENT=3 DEFAULT CHARSET=utf8mb4 COLLATE=utf8mb4_unicode_ci;
/*!40101 SET character_set_client = @saved_cs_client */;

--
-- Dumping data for table `diario_eventokairos`
--

LOCK TABLES `diario_eventokairos` WRITE;
/*!40000 ALTER TABLE `diario_eventokairos` DISABLE KEYS */;
INSERT INTO `diario_eventokairos` VALUES (1,'Entregó','Entrever','personal','2025-10-20 00:00:00.000000',NULL,0,0,15,0,'#00ffff','2025-10-20 07:16:14.439000',3),(2,'Gym','','personal','2025-10-25 00:00:00.000000',NULL,0,0,15,0,'#00ffff','2025-10-25 07:06:10.631000',3);
/*!40000 ALTER TABLE `diario_eventokairos` ENABLE KEYS */;
UNLOCK TABLES;

--
-- Table structure for table `diario_gnosis`
--

DROP TABLE IF EXISTS `diario_gnosis`;
/*!40101 SET @saved_cs_client     = @@character_set_client */;
/*!50503 SET character_set_client = utf8mb4 */;
CREATE TABLE `diario_gnosis` (
  `id` bigint NOT NULL AUTO_INCREMENT,
  `titulo` varchar(200) COLLATE utf8mb4_unicode_ci NOT NULL,
  `categoria` varchar(10) COLLATE utf8mb4_unicode_ci NOT NULL,
  `estado` varchar(12) COLLATE utf8mb4_unicode_ci NOT NULL,
  `tematica` varchar(100) COLLATE utf8mb4_unicode_ci DEFAULT NULL,
  `puntuacion` varchar(10) COLLATE utf8mb4_unicode_ci DEFAULT NULL,
  `autor` varchar(100) COLLATE utf8mb4_unicode_ci DEFAULT NULL,
  `url` varchar(200) COLLATE utf8mb4_unicode_ci DEFAULT NULL,
  `notas` longtext COLLATE utf8mb4_unicode_ci,
  `fecha_inicio` date DEFAULT NULL,
  `fecha_fin` date DEFAULT NULL,
  `fecha_creacion` datetime(6) NOT NULL,
  `usuario_id` int NOT NULL,
  PRIMARY KEY (`id`),
  KEY `diario_gnosis_usuario_id_3f5bf353_fk_auth_user_id` (`usuario_id`),
  CONSTRAINT `diario_gnosis_usuario_id_3f5bf353_fk_auth_user_id` FOREIGN KEY (`usuario_id`) REFERENCES `auth_user` (`id`)
) ENGINE=InnoDB AUTO_INCREMENT=4 DEFAULT CHARSET=utf8mb4 COLLATE=utf8mb4_unicode_ci;
/*!40101 SET character_set_client = @saved_cs_client */;

--
-- Dumping data for table `diario_gnosis`
--

LOCK TABLES `diario_gnosis` WRITE;
/*!40000 ALTER TABLE `diario_gnosis` DISABLE KEYS */;
INSERT INTO `diario_gnosis` VALUES (1,'Vinland','video','finalizado','',NULL,'','','',NULL,NULL,'2025-10-19 15:03:02.788000',3),(2,'Vinland','video','finalizado','',NULL,'','','',NULL,NULL,'2025-10-19 15:04:17.885000',3),(3,'Vinland','video','finalizado','',NULL,'','','',NULL,NULL,'2025-10-19 15:04:21.446000',3);
/*!40000 ALTER TABLE `diario_gnosis` ENABLE KEYS */;
UNLOCK TABLES;

--
-- Table structure for table `diario_insignia`
--

DROP TABLE IF EXISTS `diario_insignia`;
/*!40101 SET @saved_cs_client     = @@character_set_client */;
/*!50503 SET character_set_client = utf8mb4 */;
CREATE TABLE `diario_insignia` (
  `id` bigint NOT NULL AUTO_INCREMENT,
  `codigo` varchar(50) COLLATE utf8mb4_unicode_ci NOT NULL,
  `nombre` varchar(100) COLLATE utf8mb4_unicode_ci NOT NULL,
  `descripcion` longtext COLLATE utf8mb4_unicode_ci NOT NULL,
  `virtud_asociada` varchar(20) COLLATE utf8mb4_unicode_ci NOT NULL,
  `icono` varchar(50) COLLATE utf8mb4_unicode_ci NOT NULL,
  `color` varchar(7) COLLATE utf8mb4_unicode_ci NOT NULL,
  `criterio_logro` longtext COLLATE utf8mb4_unicode_ci NOT NULL,
  `puntos_virtud` int NOT NULL,
  `es_secreta` tinyint(1) NOT NULL,
  `orden` int NOT NULL,
  `activa` tinyint(1) NOT NULL,
  `veces_desbloqueada` int NOT NULL,
  PRIMARY KEY (`id`),
  UNIQUE KEY `codigo` (`codigo`)
) ENGINE=InnoDB AUTO_INCREMENT=41 DEFAULT CHARSET=utf8mb4 COLLATE=utf8mb4_unicode_ci;
/*!40101 SET character_set_client = @saved_cs_client */;

--
-- Dumping data for table `diario_insignia`
--

LOCK TABLES `diario_insignia` WRITE;
/*!40000 ALTER TABLE `diario_insignia` DISABLE KEYS */;
INSERT INTO `diario_insignia` VALUES (1,'primera_reflexion_guiada','Primer Paso','Completaste tu primera reflexión guiada','sabiduria','fa-seedling','#4CAF50','Completar 1 reflexión guiada',10,0,1,1,0),(2,'explorador_curioso','Explorador Curioso','Completaste 5 reflexiones guiadas','sabiduria','fa-compass','#2196F3','Completar 5 reflexiones guiadas',15,0,2,1,0),(3,'mente_abierta','Mente Abierta','Completaste 10 reflexiones guiadas','sabiduria','fa-brain','#9C27B0','Completar 10 reflexiones guiadas',20,0,3,1,0),(4,'buscador_sabiduria','Buscador de Sabiduría','Completaste 25 reflexiones guiadas','sabiduria','fa-book-open','#FF9800','Completar 25 reflexiones guiadas',30,0,4,1,0),(5,'filosofo_practico','Filósofo Práctico','Completaste 50 reflexiones guiadas','sabiduria','fa-scroll','#795548','Completar 50 reflexiones guiadas',50,0,5,1,0),(6,'racha_7_dias','Constancia Inicial','Escribiste durante 7 días consecutivos','coraje','fa-fire','#FF5722','Racha de 7 días',15,0,1,1,0),(7,'racha_14_dias','Disciplina Forjada','Escribiste durante 14 días consecutivos','coraje','fa-fire','#FF5722','Racha de 14 días',20,0,2,1,0),(8,'racha_30_dias','Hábito Inquebrantable','Escribiste durante 30 días consecutivos','coraje','fa-fire','#FF5722','Racha de 30 días',30,0,3,1,0),(9,'racha_100_dias','Voluntad de Hierro','Escribiste durante 100 días consecutivos','coraje','fa-fire','#FF5722','Racha de 100 días',50,0,4,1,0),(10,'racha_365_dias','Maestro del Tiempo','Escribiste durante 365 días consecutivos','coraje','fa-crown','#FFD700','Racha de 365 días',100,0,5,1,0),(11,'primera_interaccion','Conexión Humana','Registraste tu primera interacción significativa','justicia','fa-handshake','#00BCD4','Registrar 1 interacción en Simbiosis',10,0,1,1,0),(12,'tejedor_lazos','Tejedor de Lazos','Registraste 10 interacciones significativas','justicia','fa-users','#3F51B5','Registrar 10 interacciones',20,0,2,1,0),(13,'balance_semanal','Equilibrio Semanal','Activaste los 6 pilares durante una semana','templanza','fa-balance-scale','#607D8B','Todos los pilares activos en una semana',25,0,1,1,0),(14,'cuerpo_sano','Mens Sana in Corpore Sano','Registraste tu seguimiento de Vires durante 30 días','templanza','fa-heartbeat','#E91E63','Vires registrado 30 días',30,0,2,1,0),(15,'sabio_ancestral','Sabio Ancestral','Completaste 100 reflexiones guiadas. Tu dedicación al autoconocimiento es extraordinaria.','sabiduria','fa-scroll','#8B4513','Completar 100 reflexiones guiadas',100,0,6,1,0),(16,'escriba_dedicado','Escriba Dedicado','Escribiste 50 reflexiones libres. Tu voz interior se fortalece con cada palabra.','sabiduria','fa-pen-fancy','#4A148C','Escribir 50 reflexiones libres',40,0,7,1,0),(17,'maestro_categorias','Maestro de Categorías','Completaste al menos una reflexión guiada de cada categoría (salud, social, naturaleza, filosofía, personal).','sabiduria','fa-layer-group','#1976D2','Completar reflexiones de todas las categorías',25,0,8,1,0),(18,'reflexion_profunda','Reflexión Profunda','Escribiste una reflexión de más de 1,000 palabras. La profundidad de tu introspección es admirable.','sabiduria','fa-book-open','#00695C','Escribir una reflexión de 1,000+ palabras',15,0,9,1,0),(19,'ciclo_completo','Ciclo Completo','Escribiste al menos una reflexión cada mes durante un año completo.','sabiduria','fa-calendar-check','#6A1B9A','Reflexión en cada mes del año',50,0,10,1,0),(20,'phoenix_renacido','Fénix Renacido','Volviste a escribir después de una ausencia de 30+ días. El coraje no es nunca caer, sino siempre levantarse.','coraje','fa-phoenix-squadron','#D84315','Volver a escribir después de 30+ días de ausencia',30,0,6,1,0),(21,'guerrero_matutino','Guerrero Matutino','Completaste tu entrada de Prosoche matutina durante 30 días consecutivos.','coraje','fa-sun','#F57C00','Prosoche matutina 30 días consecutivos',25,0,7,1,0),(22,'guardian_nocturno','Guardián Nocturno','Completaste tu reflexión nocturna durante 30 días consecutivos.','coraje','fa-moon','#283593','Reflexión nocturna 30 días consecutivos',25,0,8,1,0),(23,'guardian_relaciones','Guardián de Relaciones','Mantuviste 5 relaciones en estado \"saludable\" en Simbiosis durante un mes.','justicia','fa-user-shield','#0288D1','5 relaciones saludables durante 30 días',30,0,3,1,0),(24,'corazon_empatico','Corazón Empático','Completaste 10 reflexiones guiadas de categoría \"social\" (causas humanitarias).','justicia','fa-heart-circle','#C2185B','Completar 10 reflexiones sociales',25,0,4,1,0),(25,'puente_constructor','Constructor de Puentes','Mejoraste la salud de una relación que estaba en estado \"necesita atención\" o \"crítico\".','justicia','fa-bridge','#5D4037','Mejorar salud de una relación',20,0,5,1,0),(26,'equilibrista_maestro','Equilibrista Maestro','Mantuviste los 6 pilares activos durante 4 semanas consecutivas.','templanza','fa-balance-scale-right','#455A64','6 pilares activos durante 4 semanas',40,0,3,1,0),(27,'atleta_filosofo','Atleta Filósofo','Registraste tu seguimiento de Vires (salud física) durante 100 días.','templanza','fa-running','#E64A19','Vires registrado 100 días',50,0,4,1,0),(28,'moderacion_sabia','Moderación Sabia','Completaste 20 ejercicios de Areté. Tu práctica de la excelencia es constante.','templanza','fa-om','#6A1B9A','Completar 20 ejercicios de Areté',35,0,5,1,0),(29,'polimata_estoico','Polímata Estoico','Alcanzaste nivel \"Adepto\" o superior en las 4 virtudes. Tu desarrollo es verdaderamente integral.','general','fa-crown','#FFD700','Nivel Adepto+ en las 4 virtudes',100,0,2,1,0),(30,'habito_positivo_1dia','Primer Paso','Completaste tu primer día de un hábito positivo','general','🎯','#FFD700','Completaste tu primer día de un hábito positivo',0,0,0,1,0),(31,'habito_positivo_7dias','Una Semana de Constancia','Mantuviste un hábito positivo durante 7 días','general','🥈','#FFD700','Mantuviste un hábito positivo durante 7 días',0,0,0,1,0),(32,'habito_positivo_21dias','Formando el Hábito','21 días de un hábito positivo - ¡Se está consolidando!','general','🥇','#FFD700','21 días de un hábito positivo - ¡Se está consolidando!',0,0,0,1,0),(33,'habito_positivo_30dias','Un Mes de Éxito','Completaste 30 días de un hábito positivo','general','💎','#FFD700','Completaste 30 días de un hábito positivo',0,0,0,1,0),(34,'habito_positivo_66dias','Hábito Automático','66 días - El hábito es ahora parte de ti','general','👑','#FFD700','66 días - El hábito es ahora parte de ti',0,0,0,1,0),(35,'habito_negativo_1dia','Primer Día Limpio','Un día sin tu hábito negativo - ¡Excelente inicio!','general','🎯','#FFD700','Un día sin tu hábito negativo - ¡Excelente inicio!',0,0,0,1,0),(36,'habito_negativo_3dias','72 Horas de Libertad','3 días sin el hábito - Las primeras 72 horas son críticas','general','🥉','#FFD700','3 días sin el hábito - Las primeras 72 horas son críticas',0,0,0,1,0),(37,'habito_negativo_7dias','Una Semana de Victoria','7 días sin el hábito negativo - ¡La semana más difícil!','general','🥈','#FFD700','7 días sin el hábito negativo - ¡La semana más difícil!',0,0,0,1,0),(38,'habito_negativo_21dias','Rompiendo el Patrón','21 días limpio - El hábito está perdiendo fuerza','general','🥇','#FFD700','21 días limpio - El hábito está perdiendo fuerza',0,0,0,1,0),(39,'habito_negativo_30dias','Un Mes de Libertad','30 días sin el hábito - ¡Logro monumental!','general','💎','#FFD700','30 días sin el hábito - ¡Logro monumental!',0,0,0,1,0),(40,'habito_negativo_90dias','Hábito Roto','90 días - Has superado el período crítico','general','👑','#FFD700','90 días - Has superado el período crítico',0,0,0,1,0);
/*!40000 ALTER TABLE `diario_insignia` ENABLE KEYS */;
UNLOCK TABLES;

--
-- Table structure for table `diario_insigniausuario`
--

DROP TABLE IF EXISTS `diario_insigniausuario`;
/*!40101 SET @saved_cs_client     = @@character_set_client */;
/*!50503 SET character_set_client = utf8mb4 */;
CREATE TABLE `diario_insigniausuario` (
  `id` bigint NOT NULL AUTO_INCREMENT,
  `fecha_obtencion` datetime(6) NOT NULL,
  `vista` tinyint(1) NOT NULL,
  `favorita` tinyint(1) NOT NULL,
  `insignia_id` bigint NOT NULL,
  `usuario_id` int NOT NULL,
  PRIMARY KEY (`id`),
  UNIQUE KEY `diario_insigniausuario_usuario_id_insignia_id_8d8246ad_uniq` (`usuario_id`,`insignia_id`),
  KEY `diario_insigniausuar_insignia_id_304cce39_fk_diario_in` (`insignia_id`),
  CONSTRAINT `diario_insigniausuar_insignia_id_304cce39_fk_diario_in` FOREIGN KEY (`insignia_id`) REFERENCES `diario_insignia` (`id`),
  CONSTRAINT `diario_insigniausuario_usuario_id_5bfa0377_fk_auth_user_id` FOREIGN KEY (`usuario_id`) REFERENCES `auth_user` (`id`)
) ENGINE=InnoDB AUTO_INCREMENT=5 DEFAULT CHARSET=utf8mb4 COLLATE=utf8mb4_unicode_ci;
/*!40101 SET character_set_client = @saved_cs_client */;

--
-- Dumping data for table `diario_insigniausuario`
--

LOCK TABLES `diario_insigniausuario` WRITE;
/*!40000 ALTER TABLE `diario_insigniausuario` DISABLE KEYS */;
INSERT INTO `diario_insigniausuario` VALUES (1,'2025-10-25 07:05:26.647000',1,0,1,3),(2,'2026-02-08 20:39:49.663000',0,0,30,3),(3,'2026-02-08 20:48:33.896000',0,0,35,3),(4,'2026-02-09 20:34:40.989000',0,0,31,3);
/*!40000 ALTER TABLE `diario_insigniausuario` ENABLE KEYS */;
UNLOCK TABLES;

--
-- Table structure for table `diario_interaccion`
--

DROP TABLE IF EXISTS `diario_interaccion`;
/*!40101 SET @saved_cs_client     = @@character_set_client */;
/*!50503 SET character_set_client = utf8mb4 */;
CREATE TABLE `diario_interaccion` (
  `id` bigint NOT NULL AUTO_INCREMENT,
  `titulo` varchar(200) COLLATE utf8mb4_unicode_ci NOT NULL,
  `descripcion` longtext COLLATE utf8mb4_unicode_ci NOT NULL,
  `mi_sentir` longtext COLLATE utf8mb4_unicode_ci NOT NULL,
  `aprendizaje` longtext COLLATE utf8mb4_unicode_ci NOT NULL,
  `fecha` date NOT NULL,
  `tipo_interaccion` varchar(20) COLLATE utf8mb4_unicode_ci NOT NULL,
  `usuario_id` int NOT NULL,
  PRIMARY KEY (`id`),
  KEY `diario_interaccion_usuario_id_d84bfa61_fk_auth_user_id` (`usuario_id`),
  CONSTRAINT `diario_interaccion_usuario_id_d84bfa61_fk_auth_user_id` FOREIGN KEY (`usuario_id`) REFERENCES `auth_user` (`id`)
) ENGINE=InnoDB DEFAULT CHARSET=utf8mb4 COLLATE=utf8mb4_unicode_ci;
/*!40101 SET character_set_client = @saved_cs_client */;

--
-- Dumping data for table `diario_interaccion`
--

LOCK TABLES `diario_interaccion` WRITE;
/*!40000 ALTER TABLE `diario_interaccion` DISABLE KEYS */;
/*!40000 ALTER TABLE `diario_interaccion` ENABLE KEYS */;
UNLOCK TABLES;

--
-- Table structure for table `diario_interaccion_personas`
--

DROP TABLE IF EXISTS `diario_interaccion_personas`;
/*!40101 SET @saved_cs_client     = @@character_set_client */;
/*!50503 SET character_set_client = utf8mb4 */;
CREATE TABLE `diario_interaccion_personas` (
  `id` bigint NOT NULL AUTO_INCREMENT,
  `interaccion_id` bigint NOT NULL,
  `personaimportante_id` bigint NOT NULL,
  PRIMARY KEY (`id`),
  UNIQUE KEY `diario_interaccion_perso_interaccion_id_personaim_0b3745d1_uniq` (`interaccion_id`,`personaimportante_id`),
  KEY `diario_interaccion_p_personaimportante_id_5b43439c_fk_diario_pe` (`personaimportante_id`),
  CONSTRAINT `diario_interaccion_p_interaccion_id_40eb14b0_fk_diario_in` FOREIGN KEY (`interaccion_id`) REFERENCES `diario_interaccion` (`id`),
  CONSTRAINT `diario_interaccion_p_personaimportante_id_5b43439c_fk_diario_pe` FOREIGN KEY (`personaimportante_id`) REFERENCES `diario_personaimportante` (`id`)
) ENGINE=InnoDB DEFAULT CHARSET=utf8mb4 COLLATE=utf8mb4_unicode_ci;
/*!40101 SET character_set_client = @saved_cs_client */;

--
-- Dumping data for table `diario_interaccion_personas`
--

LOCK TABLES `diario_interaccion_personas` WRITE;
/*!40000 ALTER TABLE `diario_interaccion_personas` DISABLE KEYS */;
/*!40000 ALTER TABLE `diario_interaccion_personas` ENABLE KEYS */;
UNLOCK TABLES;

--
-- Table structure for table `diario_personaimportante`
--

DROP TABLE IF EXISTS `diario_personaimportante`;
/*!40101 SET @saved_cs_client     = @@character_set_client */;
/*!50503 SET character_set_client = utf8mb4 */;
CREATE TABLE `diario_personaimportante` (
  `id` bigint NOT NULL AUTO_INCREMENT,
  `nombre` varchar(100) COLLATE utf8mb4_unicode_ci NOT NULL,
  `tipo_relacion` varchar(20) COLLATE utf8mb4_unicode_ci NOT NULL,
  `salud_relacion` int NOT NULL,
  `notas` longtext COLLATE utf8mb4_unicode_ci NOT NULL,
  `fecha_creacion` datetime(6) NOT NULL,
  `usuario_id` int NOT NULL,
  PRIMARY KEY (`id`),
  KEY `diario_personaimportante_usuario_id_c08a77e7_fk_auth_user_id` (`usuario_id`),
  CONSTRAINT `diario_personaimportante_usuario_id_c08a77e7_fk_auth_user_id` FOREIGN KEY (`usuario_id`) REFERENCES `auth_user` (`id`)
) ENGINE=InnoDB DEFAULT CHARSET=utf8mb4 COLLATE=utf8mb4_unicode_ci;
/*!40101 SET character_set_client = @saved_cs_client */;

--
-- Dumping data for table `diario_personaimportante`
--

LOCK TABLES `diario_personaimportante` WRITE;
/*!40000 ALTER TABLE `diario_personaimportante` DISABLE KEYS */;
/*!40000 ALTER TABLE `diario_personaimportante` ENABLE KEYS */;
UNLOCK TABLES;

--
-- Table structure for table `diario_planificaciondiaria`
--

DROP TABLE IF EXISTS `diario_planificaciondiaria`;
/*!40101 SET @saved_cs_client     = @@character_set_client */;
/*!50503 SET character_set_client = utf8mb4 */;
CREATE TABLE `diario_planificaciondiaria` (
  `id` bigint NOT NULL AUTO_INCREMENT,
  `fecha` date NOT NULL,
  `hora` time(6) NOT NULL,
  `actividad` varchar(200) COLLATE utf8mb4_unicode_ci NOT NULL,
  `descripcion` longtext COLLATE utf8mb4_unicode_ci,
  `completado` tinyint(1) NOT NULL,
  `usuario_id` int NOT NULL,
  PRIMARY KEY (`id`),
  UNIQUE KEY `diario_planificaciondiaria_usuario_id_fecha_hora_420395dc_uniq` (`usuario_id`,`fecha`,`hora`),
  CONSTRAINT `diario_planificaciondiaria_usuario_id_26c5ba86_fk_auth_user_id` FOREIGN KEY (`usuario_id`) REFERENCES `auth_user` (`id`)
) ENGINE=InnoDB DEFAULT CHARSET=utf8mb4 COLLATE=utf8mb4_unicode_ci;
/*!40101 SET character_set_client = @saved_cs_client */;

--
-- Dumping data for table `diario_planificaciondiaria`
--

LOCK TABLES `diario_planificaciondiaria` WRITE;
/*!40000 ALTER TABLE `diario_planificaciondiaria` DISABLE KEYS */;
/*!40000 ALTER TABLE `diario_planificaciondiaria` ENABLE KEYS */;
UNLOCK TABLES;

--
-- Table structure for table `diario_prosochediario`
--

DROP TABLE IF EXISTS `diario_prosochediario`;
/*!40101 SET @saved_cs_client     = @@character_set_client */;
/*!50503 SET character_set_client = utf8mb4 */;
CREATE TABLE `diario_prosochediario` (
  `id` bigint NOT NULL AUTO_INCREMENT,
  `fecha` date NOT NULL,
  `estado_animo` int NOT NULL,
  `etiquetas` varchar(200) COLLATE utf8mb4_unicode_ci NOT NULL,
  `fecha_creacion` datetime(6) NOT NULL,
  `prosoche_mes_id` bigint NOT NULL,
  `fecha_actualizacion` datetime(6) NOT NULL,
  `felicidad` longtext COLLATE utf8mb4_unicode_ci NOT NULL,
  `gratitud_1` varchar(200) COLLATE utf8mb4_unicode_ci NOT NULL,
  `gratitud_2` varchar(200) COLLATE utf8mb4_unicode_ci NOT NULL,
  `gratitud_3` varchar(200) COLLATE utf8mb4_unicode_ci NOT NULL,
  `gratitud_4` varchar(200) COLLATE utf8mb4_unicode_ci NOT NULL,
  `gratitud_5` varchar(200) COLLATE utf8mb4_unicode_ci NOT NULL,
  `persona_quiero_ser` longtext COLLATE utf8mb4_unicode_ci NOT NULL,
  `podcast_libro_dia` longtext COLLATE utf8mb4_unicode_ci NOT NULL,
  `que_ha_ido_bien` longtext COLLATE utf8mb4_unicode_ci NOT NULL,
  `que_puedo_mejorar` longtext COLLATE utf8mb4_unicode_ci NOT NULL,
  `reflexiones_dia` longtext COLLATE utf8mb4_unicode_ci NOT NULL,
  `tareas_dia` json NOT NULL DEFAULT (_utf8mb4'[]'),
  PRIMARY KEY (`id`),
  UNIQUE KEY `diario_prosochediario_prosoche_mes_id_fecha_e994b3cb_uniq` (`prosoche_mes_id`,`fecha`),
  CONSTRAINT `diario_prosochediari_prosoche_mes_id_184f989c_fk_diario_pr` FOREIGN KEY (`prosoche_mes_id`) REFERENCES `diario_prosochemes` (`id`)
) ENGINE=InnoDB AUTO_INCREMENT=30 DEFAULT CHARSET=utf8mb4 COLLATE=utf8mb4_unicode_ci;
/*!40101 SET character_set_client = @saved_cs_client */;

--
-- Dumping data for table `diario_prosochediario`
--

LOCK TABLES `diario_prosochediario` WRITE;
/*!40000 ALTER TABLE `diario_prosochediario` DISABLE KEYS */;
INSERT INTO `diario_prosochediario` VALUES (1,'2025-10-15',4,'Reflexión','2025-10-15 20:20:49.541000',1,'2025-10-15 20:21:13.664000','Sentimiento De paz.','','','','','','Para, por encima las circunstancias / mantenerme en elpesente','Visland saga','He conseguido mantenerme en mi centro. No sobrepasan','Debo seguir - dándome cuenta de lo condicionado quedamos\r\n.','','[]'),(2,'2025-10-16',4,'Etiqueta ','2025-10-16 05:21:14.668000',1,'2025-10-16 05:21:14.668000','','','','','','','Ver mi condicionamiento y mantenerme en el presente ','','','','','[]'),(3,'2025-10-18',3,'Sabado','2025-10-18 14:51:41.870000',1,'2025-10-18 15:06:56.642000','','','','','','','Focos','','','','','[]'),(4,'2025-10-19',3,'Domingo 19','2025-10-19 15:00:24.980000',1,'2025-10-19 20:57:02.003000','Llama de amigo cuando no la esperaba','Cañada tlf','Alimentación','','','','Sigo buscando encontrar la paz conmigo','Vagaron','Mas calmamertal','Sigo dependiendo que factores externas modifiquen estado anémico','','[]'),(5,'2025-10-20',4,'Lunes 20116','2025-10-20 07:13:25.872000',1,'2025-10-20 19:58:59.344000','He sentido menos ansiedad','Peso','','','','','Seguir enfocado en mi, pero sin aislar\r\n','Vibdland saga','Entrenamiento completo y he conseguido comer lo necesario','Vida social ','','[{\"texto\": \"Gym\", \"completada\": true}, {\"texto\": \"Alimentación\", \"completada\": true}, {\"texto\": \"Comprar\", \"completada\": true}, {\"texto\": \"Llamar Tomiño\", \"completada\": true}]'),(6,'2025-10-21',3,'Martes','2025-10-21 06:20:01.508000',1,'2025-10-21 19:57:29.664000','Me la sentido ligero de mete','Estar solo por primera vez en la ofi y haber lo superado','','','','','Madura, ser consciente de lo condicionado que estamos. Calmada, tranquila, ','No me dio tiempo, pero mi infección era bajaban','En general la sido un día positivo en el que he podido confirmar que puedo llevar of la','Demasiado trabajo y difícil pacía gestionarlo','Quiero seguir centrando en hacer las paces conmigo mismo. Dermioso tiempo castigándome por errores pasados\r\n','[{\"texto\": \"Gym\", \"completada\": false}, {\"texto\": \"Pastis\", \"completada\": true}, {\"texto\": \"Alimentación\", \"completada\": true}]'),(7,'2025-10-22',3,'miercoles','2025-10-22 15:18:45.160000',1,'2025-10-22 20:27:11.191000','Sobrio Laura','sobrino de laura','buen dia de trabajo','sigo en paz','','','Saber','N ninguno','Día en general','Sigo siendo muy reaccionario en el fútbol debo aprender a mateare la calma','Sobre tu miedo más recurrente: ¿Cómo puedes actuar \'a pesar de él\' mañana, aunque sea en algo pequeño? Comportándome desde la calma no siendo dependiente de mis emociones / to','[{\"texto\": \"futbol\", \"completada\": true}, {\"texto\": \"trabajo\", \"completada\": true}, {\"texto\": \"app\", \"completada\": true}, {\"texto\": \"alimentacion\", \"completada\": true}, {\"texto\": \"pasti\", \"completada\": true}]'),(8,'2025-10-23',3,'Jueves','2025-10-23 18:19:01.103000',1,'2025-10-23 18:19:01.103000','','','','','','','Maduro a, sabia, en pez con todo sin asuntos pendientes','','','','','[{\"texto\": \"- Entrenar\", \"completada\": true}, {\"texto\": \"App\", \"completada\": false}, {\"texto\": \"Descanso l\", \"completada\": true}, {\"texto\": \"Alimentación\", \"completada\": false}]'),(9,'2025-10-24',3,'Viernes','2025-10-24 04:40:49.543000',1,'2025-10-24 20:15:12.482000','Sentirme sereno y no dejarme arrastrar por emociones','App','Con Alba ha sido un encuentro más distendido','','','','Serena, maduren I segura de si misma','Nada','En general me he sentido tranquilo','Migreocupaciónpor el futuro','.\\n\\n---\\n\\n¿Qué decisión importante estás postergando por miedo o comodidad? ¿Es imposible o solo incómodo? Pues no se si o es un periodo que me toca vivir pero estoy envase de mis padres me siento cómodo\r\n\r\n\r\n','[{\"texto\": \"Gym\", \"completada\": true}]'),(10,'2025-10-25',4,'Sábado','2025-10-25 06:55:42.633000',1,'2025-10-25 06:55:42.633000','','','','','','','Segura de si misma, sin querer demostrar mi ser mida deseo y saber','','','','','[{\"texto\": \".gym\", \"completada\": false}, {\"texto\": \"Alimentación\", \"completada\": false}, {\"texto\": \"Pastis\", \"completada\": false}, {\"texto\": \"Cumple\", \"completada\": false}]'),(11,'2025-10-26',4,'Domingo','2025-10-26 12:00:45.915000',1,'2025-10-26 12:00:45.915000','','','','','','','Saber ver','','','','','[{\"texto\": \"Gym.\", \"completada\": false}, {\"texto\": \"App\", \"completada\": false}]'),(12,'2025-10-27',4,'Lunes','2025-10-27 20:40:02.771000',1,'2025-10-27 20:40:02.771000','','Sino nos peresaría','Buen entrenamiento','Sigo subido de peso','','','Serena, calmada decidida gam sus propósitos','Austero','','','¿Qué decisión importante estás postergando? ¿Es realmente \'imposible\' actuar o simplemente \'incómodo\'?','[{\"texto\": \"•Gym\", \"completada\": true}, {\"texto\": \"Alimentación\", \"completada\": true}]'),(13,'2025-10-28',4,'Martes','2025-10-28 20:30:13.610000',1,'2025-10-28 20:30:13.610000','Sigo sintiédome bien en el trabajo y sigo entreando bien','','','','','','Calma, vivir en el presente dándome cuenta lo condicionado que estoy','Gunter','','','¿Qué \'historia\' te has contado hoy para justificar una incoherencia entre tus creencias y tus acciones (disonancia cognitiva)?\r\n','[{\"texto\": \"Gym\", \"completada\": true}, {\"texto\": \"Alimentación\", \"completada\": true}]'),(14,'2025-10-30',4,'Jueves','2025-10-30 20:36:58.364000',1,'2025-10-30 20:36:58.364000','','','','','','','Calma','','','','¿Qué decisión importante estás postergando por miedo o comodidad? ¿Es imposible o solo incómodo?','[{\"texto\": \"Gym\", \"completada\": true}]'),(15,'2025-11-02',3,'Domingo','2025-11-02 16:56:46.594000',2,'2025-11-02 16:56:46.594000','','','','','','','No lo se','','','','','[]'),(16,'2025-11-03',3,'Lunes','2025-11-03 18:42:09.615000',2,'2025-11-03 18:42:09.615000','','','','','','','¿Quién quiero sor?','','','','','[]'),(17,'2025-12-23',4,'Martes','2025-12-23 20:55:28.686000',3,'2025-12-23 20:56:22.305000','Mensaje de amigos','','','','','','Yo','Una hora un libro','Me sentí bien','Algunos comportamientos puntuales','¿En qué área de tu vida estás dejando que la inercia decida por ti? ¿Qué pequeña acción consciente puedes tomar hoy para romperla? |','[{\"texto\": \"Gym\", \"completada\": true}]'),(18,'2025-12-24',4,'Miercoles','2025-12-24 06:07:08.083000',3,'2025-12-24 06:07:08.083000','','Mensajes amigos','Comida familiar ','Parece que todo va bien ','','','Segura de sí misma, que deja fluir preocupándose de lo justo y dejando que ocurran las cosas ','','','','','[{\"texto\": \"Pavo\", \"completada\": false}]'),(19,'2026-01-02',4,'Viernes 2','2026-01-02 06:12:36.607000',4,'2026-01-03 06:51:28.226000','Respetarme tomando decisiones que aunque al principio eran difíciles luego sentí que hice lo correcto','','','','','','Segura de sí misma sin depender de la validación externa','Sidatha','','','','[{\"texto\": \"Trabajo\", \"completada\": false}]'),(20,'2026-01-03',4,'Sábado 3 Enero 2026','2026-01-03 06:55:03.342000',4,'2026-01-03 06:55:03.342000','','Finde','Cena con laura','App','Paz','','No busca validación externa, no necesita demostrar nada, respetándose a sí mismo haciendo lo que se que hay que hacer ','','','','','[{\"texto\": \"Gym\", \"completada\": false}, {\"texto\": \"App\", \"completada\": false}, {\"texto\": \"Cena con Laura\", \"completada\": false}]'),(21,'2026-01-04',4,'Domingo 4 Enero','2026-01-04 17:21:45.365000',4,'2026-01-04 17:21:45.365000','','','','','','','No lo se','','','','','[]'),(22,'2026-01-05',3,'Lunes 5 enero 2026','2026-01-05 05:57:25.116000',4,'2026-01-05 05:57:25.116000','','','','','','','Con confianza autosuficiente y sobre todo dejar ser el que siempre está ahí ','','','','','[{\"texto\": \"Gym\", \"completada\": false}]'),(23,'2026-01-06',4,'MArtes 6 enero 2026','2026-01-06 06:31:04.696000',4,'2026-01-07 06:22:28.833000','','','','','','','Persona que sabe de su valía','Shiddatha','','','','[{\"texto\": \"gym\", \"completada\": false}]'),(24,'2026-01-07',4,'Miércoles 7 entero 2026','2026-01-07 06:21:55.169000',4,'2026-01-07 06:21:55.169000','','','','','','','Segura, decidida y no intenta demostrar ni forzar nada','','','','','[{\"texto\": \"Trabajo\", \"completada\": false}, {\"texto\": \"Fútbol\", \"completada\": false}]'),(25,'2026-01-08',4,'Jueves 8 enero 2026','2026-01-08 06:28:30.363000',4,'2026-01-09 06:23:14.168000','Buena sintonía en el trabajo y un estoy bien enfocado en mis objetivos','','','','','','No necesita des mostrar nada a nadie salvo a sí mismo ','Ninguno','Entrenamiento consistente','Carácter todavía blando','','[{\"texto\": \"Gym\", \"completada\": false}, {\"texto\": \"Trabajo\", \"completada\": false}, {\"texto\": \"App\", \"completada\": false}, {\"texto\": \"Lectura\", \"completada\": false}]'),(26,'2026-01-09',4,'Viernes 9 enero 2026','2026-01-09 06:20:36.613000',4,'2026-01-09 06:20:55.801000','','','','','','','No necesita desmostratar nada a nadie. No se traiciona','','','','','[{\"texto\": \"Trabajo\", \"completada\": false}, {\"texto\": \"Gym\", \"completada\": false}]'),(27,'2026-02-08',4,'.Domingo 8','2026-02-08 20:36:05.871000',5,'2026-02-08 20:36:05.871000','Descanso','Buen entreno','Paseo con perro','','','','Serio, seguro','Libro del desasosiego','','Mas proactividad','','[{\"texto\": \"Gym\", \"completada\": true}]'),(28,'2026-02-09',3,'Lunes 9 febrero','2026-02-09 06:21:37.455000',5,'2026-02-09 20:34:25.627000','He estado centrado','Buen día de entrebo','Me sentí bien emocionalmente ','','','','Integra, proactiva que sabe lo que quiere y va a por ello sin dejarse afectar por aspectos externos','El libro del desasosiego','Seguridad ','Necesito exponerme más ','','[{\"texto\": \"Trabajo\", \"completada\": true}, {\"texto\": \"Gym\", \"completada\": true}]'),(29,'2026-02-10',4,'Martes 10 de febrero 2026','2026-02-10 06:28:07.877000',5,'2026-02-10 06:28:07.877000','','','','','','','Proactiva, sabiendo autosuficiente y no dejándose llevar por eventos externos','','','','','[{\"texto\": \"Gym\", \"completada\": false}, {\"texto\": \"Trabajo\", \"completada\": false}]');
/*!40000 ALTER TABLE `diario_prosochediario` ENABLE KEYS */;
UNLOCK TABLES;

--
-- Table structure for table `diario_prosochehabito`
--

DROP TABLE IF EXISTS `diario_prosochehabito`;
/*!40101 SET @saved_cs_client     = @@character_set_client */;
/*!50503 SET character_set_client = utf8mb4 */;
CREATE TABLE `diario_prosochehabito` (
  `id` bigint NOT NULL AUTO_INCREMENT,
  `nombre` varchar(100) COLLATE utf8mb4_unicode_ci NOT NULL,
  `descripcion` longtext COLLATE utf8mb4_unicode_ci NOT NULL,
  `color` varchar(7) COLLATE utf8mb4_unicode_ci NOT NULL,
  `fecha_creacion` datetime(6) NOT NULL,
  `prosoche_mes_id` bigint NOT NULL,
  `fecha_inicio` date NOT NULL,
  `fecha_objetivo` date DEFAULT NULL,
  `objetivo_dias` int NOT NULL,
  `tipo_habito` varchar(10) COLLATE utf8mb4_unicode_ci NOT NULL,
  `anhelo_craving` varchar(200) COLLATE utf8mb4_unicode_ci NOT NULL,
  `identidad_objetivo` varchar(200) COLLATE utf8mb4_unicode_ci NOT NULL,
  `ley_1_obvio` longtext COLLATE utf8mb4_unicode_ci NOT NULL,
  `ley_2_atractivo` longtext COLLATE utf8mb4_unicode_ci NOT NULL,
  `ley_3_facil` longtext COLLATE utf8mb4_unicode_ci NOT NULL,
  `ley_4_satisfactorio` longtext COLLATE utf8mb4_unicode_ci NOT NULL,
  `recompensa_reward` varchar(200) COLLATE utf8mb4_unicode_ci NOT NULL,
  `senal_cue` varchar(200) COLLATE utf8mb4_unicode_ci NOT NULL,
  PRIMARY KEY (`id`),
  UNIQUE KEY `diario_prosochehabito_prosoche_mes_id_nombre_5f9ce379_uniq` (`prosoche_mes_id`,`nombre`),
  CONSTRAINT `diario_prosochehabit_prosoche_mes_id_31bec582_fk_diario_pr` FOREIGN KEY (`prosoche_mes_id`) REFERENCES `diario_prosochemes` (`id`)
) ENGINE=InnoDB AUTO_INCREMENT=29 DEFAULT CHARSET=utf8mb4 COLLATE=utf8mb4_unicode_ci;
/*!40101 SET character_set_client = @saved_cs_client */;

--
-- Dumping data for table `diario_prosochehabito`
--

LOCK TABLES `diario_prosochehabito` WRITE;
/*!40000 ALTER TABLE `diario_prosochehabito` DISABLE KEYS */;
INSERT INTO `diario_prosochehabito` VALUES (1,'Entrenar','','#f39c12','2025-10-15 16:44:52.989000',1,'2026-02-08',NULL,30,'positivo','','','','','','','',''),(2,'.Ver','','#33c759','2025-10-15 20:21:47.118000',1,'2026-02-08',NULL,30,'positivo','','','','','','','',''),(3,'Alimedución','','#0061fd','2025-10-15 20:23:04.893000',1,'2026-02-08',NULL,30,'positivo','','','','','','','',''),(4,'Nfp ','','#0061fe','2025-10-17 10:53:27.367000',1,'2026-02-08',NULL,30,'positivo','','','','','','','',''),(5,'Past','','#ff3a2f','2025-10-17 20:23:40.588000',1,'2026-02-08',NULL,30,'positivo','','','','','','','',''),(7,'Entrenar','','#f39c12','2025-11-02 16:57:05.048000',2,'2026-02-08',NULL,30,'positivo','','','','','','','',''),(8,'.Ver','','#33c759','2025-11-02 16:57:05.085000',2,'2026-02-08',NULL,30,'positivo','','','','','','','',''),(9,'Alimedución','','#0061fd','2025-11-02 16:57:05.112000',2,'2026-02-08',NULL,30,'positivo','','','','','','','',''),(10,'Nfp ','','#0061fe','2025-11-02 16:57:05.144000',2,'2026-02-08',NULL,30,'positivo','','','','','','','',''),(11,'Past','','#ff3a2f','2025-11-02 16:57:05.169000',2,'2026-02-08',NULL,30,'positivo','','','','','','','',''),(12,'Entrenar','','#f39c12','2025-12-23 20:56:31.556000',3,'2026-02-08',NULL,30,'positivo','','','','','','','',''),(13,'.Ver','','#33c759','2025-12-23 20:56:31.582000',3,'2026-02-08',NULL,30,'positivo','','','','','','','',''),(14,'Alimedución','','#0061fd','2025-12-23 20:56:31.606000',3,'2026-02-08',NULL,30,'positivo','','','','','','','',''),(15,'Nfp ','','#0061fe','2025-12-23 20:56:31.629000',3,'2026-02-08',NULL,30,'positivo','','','','','','','',''),(16,'Past','','#ff3a2f','2025-12-23 20:56:31.655000',3,'2026-02-08',NULL,30,'positivo','','','','','','','',''),(17,'Entrenar','','#f39c12','2026-01-02 06:14:39.005000',4,'2026-02-08',NULL,30,'positivo','','','','','','','',''),(18,'.Ver','','#33c759','2026-01-02 06:14:39.029000',4,'2026-02-08',NULL,30,'positivo','','','','','','','',''),(19,'Alimedución','','#0061fd','2026-01-02 06:14:39.055000',4,'2026-02-08',NULL,30,'positivo','','','','','','','',''),(20,'Nfp ','','#0061fe','2026-01-02 06:14:39.079000',4,'2026-02-08',NULL,30,'positivo','','','','','','','',''),(21,'Past','','#ff3a2f','2026-01-02 06:14:39.107000',4,'2026-02-08',NULL,30,'positivo','','','','','','','',''),(22,'Diario','','#f39c12','2026-01-03 06:52:17.461000',4,'2026-02-08',NULL,30,'positivo','','','','','','','',''),(23,'Entrenar','Quiero mejorar mi aspecto físico','#f39c12','2026-02-04 06:23:29.937000',5,'2026-02-08',NULL,30,'positivo','Sentir resultados','Soy una persona deportista como estilo de vida','Después del trabajo.','','','','','Cuando veo - personas que tienen ese estilo de vida'),(24,'.Ver','','#33c759','2026-02-04 06:23:29.963000',5,'2026-02-08',NULL,30,'positivo','','','','','','','',''),(25,'Alimedución','','#0061fd','2026-02-04 06:23:29.991000',5,'2026-02-08',NULL,30,'positivo','','','','','','','',''),(26,'Nfp','','#ff0000','2026-02-04 06:23:30.014000',5,'2026-02-08',NULL,30,'negativo','Sentir reclinado','Soy una persona que controla sus deseos negativos','Evitando tentaciones','Mi salud se resiste, a la larga es perjudicial, necesito recuperar el control','No lo sé','\r\n','Endorfinas','Soledad o Exaltación'),(27,'Past','','#ff3a2f','2026-02-04 06:23:30.038000',5,'2026-02-08',NULL,30,'positivo','','','','','','','',''),(28,'Diario','','#f39c12','2026-02-04 06:23:30.061000',5,'2026-02-08',NULL,30,'positivo','','','','','','','','');
/*!40000 ALTER TABLE `diario_prosochehabito` ENABLE KEYS */;
UNLOCK TABLES;

--
-- Table structure for table `diario_prosochehabitodia`
--

DROP TABLE IF EXISTS `diario_prosochehabitodia`;
/*!40101 SET @saved_cs_client     = @@character_set_client */;
/*!50503 SET character_set_client = utf8mb4 */;
CREATE TABLE `diario_prosochehabitodia` (
  `id` bigint NOT NULL AUTO_INCREMENT,
  `dia` int NOT NULL,
  `completado` tinyint(1) NOT NULL,
  `notas` longtext COLLATE utf8mb4_unicode_ci NOT NULL,
  `fecha_actualizacion` datetime(6) NOT NULL,
  `habito_id` bigint NOT NULL,
  PRIMARY KEY (`id`),
  UNIQUE KEY `diario_prosochehabitodia_habito_id_dia_df0a1ee0_uniq` (`habito_id`,`dia`),
  CONSTRAINT `diario_prosochehabit_habito_id_0371332e_fk_diario_pr` FOREIGN KEY (`habito_id`) REFERENCES `diario_prosochehabito` (`id`)
) ENGINE=InnoDB AUTO_INCREMENT=151 DEFAULT CHARSET=utf8mb4 COLLATE=utf8mb4_unicode_ci;
/*!40101 SET character_set_client = @saved_cs_client */;

--
-- Dumping data for table `diario_prosochehabitodia`
--

LOCK TABLES `diario_prosochehabitodia` WRITE;
/*!40000 ALTER TABLE `diario_prosochehabitodia` DISABLE KEYS */;
INSERT INTO `diario_prosochehabitodia` VALUES (1,10,1,'','2025-10-16 17:06:25.546000',1),(2,11,1,'','2025-10-17 10:53:12.098000',1),(3,17,1,'','2025-10-17 20:22:42.171000',1),(4,17,1,'','2025-10-17 20:22:47.273000',3),(5,17,1,'','2025-10-17 20:22:50.182000',4),(6,17,1,'','2025-10-17 20:22:56.627000',2),(7,17,1,'','2025-10-17 20:23:59.856000',5),(8,18,1,'','2025-10-18 10:53:11.850000',5),(9,18,1,'','2025-10-18 10:53:14.669000',1),(10,19,1,'','2025-10-19 14:55:33.583000',1),(11,18,1,'','2025-10-19 14:55:35.950000',2),(12,19,1,'','2025-10-19 14:55:38.406000',2),(13,19,1,'','2025-10-19 14:55:40.461000',3),(14,18,1,'','2025-10-19 14:55:42.395000',3),(16,19,1,'','2025-10-19 14:55:47.341000',4),(18,20,1,'','2025-10-20 19:59:15.230000',1),(19,20,1,'','2025-10-20 19:59:21.417000',5),(20,20,1,'','2025-10-20 19:59:25.247000',4),(21,20,1,'','2025-10-20 19:59:29.644000',3),(22,20,1,'','2025-10-20 19:59:33.986000',2),(23,21,1,'','2025-10-21 19:58:49.449000',2),(24,21,1,'','2025-10-21 19:58:52.136000',3),(25,21,1,'','2025-10-21 19:58:54.163000',4),(26,21,1,'','2025-10-21 19:58:57.738000',5),(27,22,1,'','2025-10-22 15:19:40.779000',2),(28,22,1,'','2025-10-22 15:19:49.839000',5),(29,22,1,'','2025-10-22 20:28:51.696000',3),(30,22,1,'','2025-10-22 20:28:55.310000',4),(31,23,1,'','2025-10-24 04:41:11.207000',2),(32,23,1,'','2025-10-24 04:41:15.651000',3),(33,23,1,'','2025-10-24 04:41:21.135000',4),(34,23,1,'','2025-10-24 04:41:24.168000',5),(35,24,1,'','2025-10-24 20:15:26.063000',5),(36,19,1,'','2025-10-24 20:15:29.516000',5),(37,24,1,'','2025-10-24 20:15:33.082000',4),(38,24,1,'','2025-10-24 20:15:35.038000',3),(39,24,1,'','2025-10-24 20:15:37.049000',2),(40,24,1,'','2025-10-24 20:15:39.003000',1),(41,23,1,'','2025-10-24 20:15:42.865000',1),(42,25,1,'','2025-10-26 12:00:58.281000',1),(43,25,1,'','2025-10-26 12:01:04.841000',5),(44,26,1,'','2025-10-26 12:01:09.097000',1),(45,26,1,'','2025-10-26 12:01:14.768000',2),(46,25,1,'','2025-10-26 12:01:18.847000',2),(47,25,1,'','2025-10-26 12:01:29.634000',3),(48,26,1,'','2025-10-26 12:01:33.233000',3),(49,25,1,'','2025-10-26 12:01:36.886000',4),(50,27,1,'','2025-10-27 20:40:16.149000',1),(51,27,1,'','2025-10-27 20:40:20.440000',2),(52,27,1,'','2025-10-27 20:40:24.938000',3),(53,26,1,'','2025-10-27 20:40:31.101000',4),(54,27,1,'','2025-10-27 20:40:36.093000',4),(55,26,1,'','2025-10-27 20:40:40.619000',5),(56,18,1,'','2025-10-27 20:40:46.369000',4),(57,27,1,'','2025-10-27 20:40:50.039000',5),(58,28,1,'','2025-10-28 20:30:29.760000',1),(59,28,1,'','2025-10-28 20:30:32.762000',2),(60,28,1,'','2025-10-28 20:30:42.183000',3),(61,28,1,'','2025-10-28 20:30:45.149000',4),(62,28,1,'','2025-10-28 20:30:47.227000',5),(63,29,1,'','2025-10-30 20:37:11.411000',1),(64,30,1,'','2025-10-30 20:37:15.216000',1),(65,29,1,'','2025-10-30 20:37:18.546000',2),(66,30,1,'','2025-10-30 20:37:21.442000',2),(67,29,1,'','2025-10-30 20:37:24.955000',3),(68,30,1,'','2025-10-30 20:37:26.979000',3),(69,29,1,'','2025-10-30 20:37:29.743000',4),(70,30,1,'','2025-10-30 20:37:31.513000',4),(71,29,1,'','2025-10-30 20:37:44.813000',5),(72,1,1,'','2025-11-02 16:57:13.565000',7),(73,1,1,'','2025-11-02 16:57:16.836000',8),(74,1,1,'','2025-11-02 16:57:19.410000',9),(75,1,1,'','2025-11-02 16:57:22.009000',10),(76,1,1,'','2025-11-02 16:57:23.875000',11),(77,2,1,'','2025-11-03 18:45:56.662000',8),(78,2,1,'','2025-11-03 18:45:59.336000',9),(79,2,1,'','2025-11-03 18:46:01.471000',10),(80,2,1,'','2025-11-03 18:46:04.134000',11),(81,3,1,'','2025-11-03 18:46:06.225000',11),(82,3,1,'','2025-11-03 18:46:08.083000',10),(83,3,1,'','2025-11-03 18:46:10.241000',9),(84,3,1,'','2025-11-03 18:46:12.352000',8),(85,4,1,'','2025-11-09 14:47:18.995000',10),(86,5,1,'','2025-11-09 14:47:20.971000',10),(87,4,1,'','2025-11-09 14:47:24.182000',9),(88,5,1,'','2025-11-09 14:47:26.182000',9),(89,6,1,'','2025-11-09 14:47:27.878000',9),(90,7,1,'','2025-11-09 14:47:29.624000',9),(91,8,1,'','2025-11-09 14:47:31.458000',9),(92,4,1,'','2025-11-09 14:47:33.761000',8),(93,5,1,'','2025-11-09 14:47:35.527000',8),(94,6,1,'','2025-11-09 14:47:37.211000',8),(95,7,1,'','2025-11-09 14:47:39.065000',8),(96,8,1,'','2025-11-09 14:47:40.692000',8),(97,8,1,'','2025-11-09 14:47:42.595000',7),(98,7,1,'','2025-11-09 14:47:44.227000',7),(99,6,1,'','2025-11-09 14:47:45.847000',7),(100,5,1,'','2025-11-09 14:47:47.502000',7),(101,8,1,'','2025-11-09 14:47:49.378000',10),(102,4,1,'','2025-11-09 14:47:51.255000',7),(103,2,1,'','2025-11-09 14:47:52.864000',7),(104,3,1,'','2025-11-09 14:47:54.654000',7),(105,23,1,'','2025-12-23 20:56:51.406000',12),(106,20,1,'','2025-12-23 20:57:02.938000',15),(107,21,1,'','2025-12-23 20:57:05.165000',15),(108,22,1,'','2025-12-23 20:57:06.996000',15),(109,23,1,'','2025-12-23 20:57:08.820000',15),(110,22,1,'','2025-12-23 20:57:12.386000',12),(111,1,1,'','2026-01-02 06:14:48.086000',18),(112,1,1,'','2026-01-02 06:14:59.670000',19),(113,2,1,'','2026-01-03 06:51:50.011000',17),(114,2,1,'','2026-01-03 06:51:55.424000',18),(115,2,1,'','2026-01-03 06:52:04.507000',20),(116,2,1,'','2026-01-03 06:52:42.768000',22),(117,3,1,'','2026-01-03 15:30:22.721000',17),(118,3,1,'','2026-01-03 15:30:30.715000',22),(119,4,1,'','2026-01-04 17:21:54.911000',17),(120,4,1,'','2026-01-04 17:22:02.690000',22),(122,5,1,'','2026-01-05 21:01:52.287000',20),(123,5,1,'','2026-01-05 21:01:55.935000',22),(124,5,1,'','2026-01-05 21:01:58.716000',18),(125,5,1,'','2026-01-05 21:02:01.487000',17),(126,6,1,'','2026-01-09 06:21:11.752000',17),(127,7,1,'','2026-01-09 06:21:18.724000',17),(128,8,1,'','2026-01-09 06:21:22.029000',17),(129,7,1,'','2026-01-09 06:21:35.566000',20),(130,6,1,'','2026-01-09 06:21:42.616000',22),(131,7,1,'','2026-01-09 06:21:45.642000',22),(132,8,1,'','2026-01-09 06:21:49.188000',22),(133,1,1,'','2026-02-04 06:23:37.157000',23),(134,2,1,'','2026-02-04 06:23:53.293000',26),(135,3,1,'','2026-02-04 06:23:55.497000',26),(136,4,1,'','2026-02-08 20:39:49.285000',23),(137,3,1,'','2026-02-08 20:39:50.927000',23),(138,2,1,'','2026-02-08 20:39:51.965000',23),(139,7,1,'','2026-02-08 20:39:53.956000',23),(140,8,1,'','2026-02-08 20:39:55.211000',23),(141,8,1,'','2026-02-08 20:48:35.075000',26),(142,9,1,'','2026-02-09 20:34:40.919000',23),(143,9,1,'','2026-02-09 20:35:21.262000',28),(144,9,1,'','2026-02-09 20:35:31.615000',26),(145,14,1,'','2026-02-15 15:44:08.797000',23),(146,13,1,'','2026-02-15 15:44:16.414000',23),(147,11,1,'','2026-02-15 15:44:25.645000',23),(148,10,1,'','2026-02-15 15:44:35.918000',26),(149,11,1,'','2026-02-15 15:44:36.882000',26),(150,13,1,'','2026-02-15 15:44:50.860000',26);
/*!40000 ALTER TABLE `diario_prosochehabitodia` ENABLE KEYS */;
UNLOCK TABLES;

--
-- Table structure for table `diario_prosochemes`
--

DROP TABLE IF EXISTS `diario_prosochemes`;
/*!40101 SET @saved_cs_client     = @@character_set_client */;
/*!50503 SET character_set_client = utf8mb4 */;
CREATE TABLE `diario_prosochemes` (
  `id` bigint NOT NULL AUTO_INCREMENT,
  `mes` varchar(20) COLLATE utf8mb4_unicode_ci NOT NULL,
  `año` int NOT NULL,
  `objetivo_mes_1` longtext COLLATE utf8mb4_unicode_ci NOT NULL,
  `objetivo_mes_2` longtext COLLATE utf8mb4_unicode_ci NOT NULL,
  `objetivo_mes_3` longtext COLLATE utf8mb4_unicode_ci NOT NULL,
  `objetivo_mes_1_completado` tinyint(1) NOT NULL,
  `objetivo_mes_2_completado` tinyint(1) NOT NULL,
  `objetivo_mes_3_completado` tinyint(1) NOT NULL,
  `logro_principal` longtext COLLATE utf8mb4_unicode_ci NOT NULL,
  `obstaculo_principal` longtext COLLATE utf8mb4_unicode_ci NOT NULL,
  `aprendizaje_principal` longtext COLLATE utf8mb4_unicode_ci NOT NULL,
  `momento_felicidad` longtext COLLATE utf8mb4_unicode_ci NOT NULL,
  `fecha_creacion` datetime(6) NOT NULL,
  `fecha_actualizacion` datetime(6) NOT NULL,
  `usuario_id` int NOT NULL,
  PRIMARY KEY (`id`),
  UNIQUE KEY `diario_prosochemes_usuario_id_mes_año_67d35e0a_uniq` (`usuario_id`,`mes`,`año`),
  CONSTRAINT `diario_prosochemes_usuario_id_2c8c148a_fk_auth_user_id` FOREIGN KEY (`usuario_id`) REFERENCES `auth_user` (`id`)
) ENGINE=InnoDB AUTO_INCREMENT=6 DEFAULT CHARSET=utf8mb4 COLLATE=utf8mb4_unicode_ci;
/*!40101 SET character_set_client = @saved_cs_client */;

--
-- Dumping data for table `diario_prosochemes`
--

LOCK TABLES `diario_prosochemes` WRITE;
/*!40000 ALTER TABLE `diario_prosochemes` DISABLE KEYS */;
INSERT INTO `diario_prosochemes` VALUES (1,'October',2025,'Búscate','Entreno','Alimentos y vit',0,0,0,'','','','','2025-10-15 16:44:32.080000','2025-10-30 20:37:58.344000',3),(2,'November',2025,'Ver','Alimentaria','Gym',0,0,0,'','','','','2025-11-01 21:01:14.852000','2025-11-02 16:57:53.328000',3),(3,'December',2025,'Gym','Salud','Aprender',0,0,0,'','','','','2025-12-23 20:52:44.957000','2025-12-24 06:07:44.082000',3),(4,'January',2026,'¿Dónde hoy no actué para gustar?','Entreno','Saber mi valía',0,0,0,'','','','','2026-01-01 17:00:46.115000','2026-01-09 06:21:58.834000',3),(5,'February',2026,'Salir de zona de confort','Entrenar y comer más','Soltar lastre',0,0,0,'','','','','2026-02-04 06:23:08.527000','2026-02-08 20:37:32.413000',3);
/*!40000 ALTER TABLE `diario_prosochemes` ENABLE KEYS */;
UNLOCK TABLES;

--
-- Table structure for table `diario_prosochesemana`
--

DROP TABLE IF EXISTS `diario_prosochesemana`;
/*!40101 SET @saved_cs_client     = @@character_set_client */;
/*!50503 SET character_set_client = utf8mb4 */;
CREATE TABLE `diario_prosochesemana` (
  `id` bigint NOT NULL AUTO_INCREMENT,
  `numero_semana` int NOT NULL,
  `objetivo_1` longtext COLLATE utf8mb4_unicode_ci NOT NULL,
  `objetivo_2` longtext COLLATE utf8mb4_unicode_ci NOT NULL,
  `objetivo_3` longtext COLLATE utf8mb4_unicode_ci NOT NULL,
  `objetivo_1_completado` tinyint(1) NOT NULL,
  `objetivo_2_completado` tinyint(1) NOT NULL,
  `objetivo_3_completado` tinyint(1) NOT NULL,
  `prosoche_mes_id` bigint NOT NULL,
  PRIMARY KEY (`id`),
  UNIQUE KEY `diario_prosochesemana_prosoche_mes_id_numero_s_5e7bca79_uniq` (`prosoche_mes_id`,`numero_semana`),
  CONSTRAINT `diario_prosocheseman_prosoche_mes_id_fe28c5d0_fk_diario_pr` FOREIGN KEY (`prosoche_mes_id`) REFERENCES `diario_prosochemes` (`id`)
) ENGINE=InnoDB AUTO_INCREMENT=13 DEFAULT CHARSET=utf8mb4 COLLATE=utf8mb4_unicode_ci;
/*!40101 SET character_set_client = @saved_cs_client */;

--
-- Dumping data for table `diario_prosochesemana`
--

LOCK TABLES `diario_prosochesemana` WRITE;
/*!40000 ALTER TABLE `diario_prosochesemana` DISABLE KEYS */;
INSERT INTO `diario_prosochesemana` VALUES (1,1,'','','',0,0,0,1),(2,2,'','','',0,0,0,1),(3,3,'Entrenar 5 dias a lasemana','Alimentación','Encontrar el foco sin aislamieto',0,0,0,1),(4,4,'','','',0,0,0,1),(5,5,'','','',0,0,0,1),(6,1,'A limitación','Gym','Paz',0,0,0,2),(7,1,'Seguir entrenando','Leer 10 páginas al día ','Dejar de ser el que siempre está ',0,0,0,4),(8,4,'','','',0,0,0,3),(9,5,'','','',0,0,0,3),(10,2,'( Superar el curso ) solamente pasarto ya es un logro','Dejar de sobre analizarme','Exponerme',0,0,0,5),(11,4,'','','',0,0,0,4),(12,1,'','','',0,0,0,5);
/*!40000 ALTER TABLE `diario_prosochesemana` ENABLE KEYS */;
UNLOCK TABLES;

--
-- Table structure for table `diario_rachaescritura`
--

DROP TABLE IF EXISTS `diario_rachaescritura`;
/*!40101 SET @saved_cs_client     = @@character_set_client */;
/*!50503 SET character_set_client = utf8mb4 */;
CREATE TABLE `diario_rachaescritura` (
  `id` bigint NOT NULL AUTO_INCREMENT,
  `dias_consecutivos` int NOT NULL,
  `fecha_ultima_entrada` date DEFAULT NULL,
  `racha_maxima` int NOT NULL,
  `fecha_racha_maxima` date DEFAULT NULL,
  `total_dias_escritos` int NOT NULL,
  `usuario_id` int NOT NULL,
  PRIMARY KEY (`id`),
  UNIQUE KEY `usuario_id` (`usuario_id`),
  CONSTRAINT `diario_rachaescritura_usuario_id_1d1e3958_fk_auth_user_id` FOREIGN KEY (`usuario_id`) REFERENCES `auth_user` (`id`)
) ENGINE=InnoDB AUTO_INCREMENT=2 DEFAULT CHARSET=utf8mb4 COLLATE=utf8mb4_unicode_ci;
/*!40101 SET character_set_client = @saved_cs_client */;

--
-- Dumping data for table `diario_rachaescritura`
--

LOCK TABLES `diario_rachaescritura` WRITE;
/*!40000 ALTER TABLE `diario_rachaescritura` DISABLE KEYS */;
INSERT INTO `diario_rachaescritura` VALUES (1,1,'2025-10-25',0,NULL,1,3);
/*!40000 ALTER TABLE `diario_rachaescritura` ENABLE KEYS */;
UNLOCK TABLES;

--
-- Table structure for table `diario_reflexionguiadatema`
--

DROP TABLE IF EXISTS `diario_reflexionguiadatema`;
/*!40101 SET @saved_cs_client     = @@character_set_client */;
/*!50503 SET character_set_client = utf8mb4 */;
CREATE TABLE `diario_reflexionguiadatema` (
  `id` bigint NOT NULL AUTO_INCREMENT,
  `titulo` varchar(200) COLLATE utf8mb4_unicode_ci NOT NULL,
  `slug` varchar(50) COLLATE utf8mb4_unicode_ci NOT NULL,
  `fecha_activacion` date NOT NULL,
  `es_recurrente` tinyint(1) NOT NULL,
  `activa` tinyint(1) NOT NULL,
  `contexto` longtext COLLATE utf8mb4_unicode_ci NOT NULL,
  `cita_filosofica` longtext COLLATE utf8mb4_unicode_ci NOT NULL,
  `autor_cita` varchar(100) COLLATE utf8mb4_unicode_ci NOT NULL,
  `pregunta_1` longtext COLLATE utf8mb4_unicode_ci NOT NULL,
  `pregunta_2` longtext COLLATE utf8mb4_unicode_ci NOT NULL,
  `pregunta_3` longtext COLLATE utf8mb4_unicode_ci NOT NULL,
  `pregunta_4` longtext COLLATE utf8mb4_unicode_ci NOT NULL,
  `pregunta_5` longtext COLLATE utf8mb4_unicode_ci NOT NULL,
  `accion_sugerida` longtext COLLATE utf8mb4_unicode_ci NOT NULL,
  `categoria` varchar(20) COLLATE utf8mb4_unicode_ci NOT NULL,
  `icono` varchar(50) COLLATE utf8mb4_unicode_ci NOT NULL,
  `color` varchar(7) COLLATE utf8mb4_unicode_ci NOT NULL,
  `veces_completada` int NOT NULL,
  `fecha_creacion` datetime(6) NOT NULL,
  `fecha_modificacion` datetime(6) NOT NULL,
  PRIMARY KEY (`id`),
  UNIQUE KEY `slug` (`slug`)
) ENGINE=InnoDB AUTO_INCREMENT=31 DEFAULT CHARSET=utf8mb4 COLLATE=utf8mb4_unicode_ci;
/*!40101 SET character_set_client = @saved_cs_client */;

--
-- Dumping data for table `diario_reflexionguiadatema`
--

LOCK TABLES `diario_reflexionguiadatema` WRITE;
/*!40000 ALTER TABLE `diario_reflexionguiadatema` DISABLE KEYS */;
INSERT INTO `diario_reflexionguiadatema` VALUES (1,'Día Mundial contra el Cáncer','dia-mundial-cancer','2025-02-04',1,1,'El cáncer es una de las principales causas de mortalidad en el mundo, pero también es un recordatorio de la fragilidad y la fortaleza del espíritu humano. Millones de personas enfrentan esta enfermedad cada año con valentía extraordinaria, demostrando que el coraje no es la ausencia de miedo, sino la capacidad de actuar a pesar de él.\n\nLos estoicos enseñaban que no podemos controlar lo que nos sucede, pero sí cómo respondemos. Muchos pacientes de cáncer encuentran significado y propósito incluso en medio del sufrimiento, transformando su experiencia en una oportunidad de crecimiento personal y conexión profunda con lo que realmente importa.\n\nHoy es un día para reflexionar sobre nuestra propia mortalidad, apreciar la salud cuando la tenemos, y honrar a quienes luchan contra esta enfermedad con dignidad y esperanza.','No podemos elegir nuestras circunstancias externas, pero siempre podemos elegir cómo responder a ellas.','Epicteto','¿Qué aspectos de tu salud das por sentado que podrías perder mañana?','¿Cómo responderías si te enfrentaras a un diagnóstico grave? ¿Qué valores te guiarían?','¿Conoces a alguien que haya enfrentado el cáncer con valentía? ¿Qué aprendiste de su ejemplo?','¿Qué pequeña acción puedes hacer hoy para cuidar mejor de tu salud física y mental?','','Hoy, dedica 10 minutos a investigar sobre prevención del cáncer o dona a una organización que apoye la investigación oncológica. También puedes enviar un mensaje de apoyo a alguien que esté luchando contra esta enfermedad.','salud','fa-ribbon','#E91E63',0,'2025-10-23 18:09:53.394000','2025-10-23 18:09:53.394000'),(2,'Día Internacional de la Mujer','dia-internacional-mujer','2025-03-08',1,1,'El Día Internacional de la Mujer conmemora la lucha por la igualdad, el reconocimiento y el ejercicio efectivo de los derechos de las mujeres. A lo largo de la historia, las mujeres han enfrentado discriminación sistemática, pero también han demostrado una resiliencia y fortaleza extraordinarias.\n\nDesde las sufragistas que lucharon por el derecho al voto, hasta las científicas, filósofas, artistas y líderes que han transformado el mundo, las mujeres han contribuido de manera invaluable al progreso humano, a menudo sin el reconocimiento que merecían.\n\nHoy es un día para reflexionar sobre la justicia, la equidad y el respeto. Los estoicos valoraban la virtud de la justicia (dikaiosyne) como fundamental para una sociedad floreciente. La igualdad de género no es solo un derecho humano, es una condición necesaria para el florecimiento colectivo.','La justicia consiste en dar a cada uno lo que le corresponde según su dignidad como ser humano.','Marco Aurelio','¿Qué mujeres en tu vida han sido modelos de fortaleza, sabiduría o coraje?','¿De qué formas, conscientes o inconscientes, podrías estar perpetuando desigualdades de género?','¿Qué puedes hacer en tu esfera de influencia para promover la igualdad y el respeto?','¿Cómo te gustaría que tus hijas, hermanas o futuras generaciones de mujeres vivan en el mundo?','','Hoy, lee sobre una mujer histórica que admires y que quizás no reciba suficiente reconocimiento. Comparte su historia con alguien. También puedes reflexionar sobre cómo puedes ser un mejor aliado en la lucha por la igualdad.','social','fa-venus','#9C27B0',0,'2025-10-23 18:09:53.418000','2025-10-23 18:09:53.418000'),(3,'Día Mundial de la Salud','dia-mundial-salud','2025-04-07',1,1,'La salud es uno de nuestros bienes más preciados, y sin embargo, a menudo la damos por sentada hasta que la perdemos. El Día Mundial de la Salud nos invita a reflexionar sobre el bienestar físico, mental y social, y sobre las desigualdades en el acceso a la atención médica que existen en el mundo.\n\nLos estoicos entendían que el cuerpo es el vehículo del alma. Séneca escribió: \"No es que tengamos poco tiempo, sino que perdemos mucho\". La salud nos da tiempo de calidad para vivir de acuerdo con nuestros valores y propósitos.\n\nLa salud no es solo la ausencia de enfermedad, sino un estado de completo bienestar. Esto incluye cuidar nuestra mente tanto como nuestro cuerpo, cultivar relaciones significativas, y vivir con propósito.','Debes tener un cuerpo sano para tener una mente sana.','Juvenal (Mens sana in corpore sano)','¿Qué hábitos de salud has estado posponiendo que sabes que deberías adoptar?','¿Cómo está tu salud mental en este momento? ¿Qué necesitas para cuidarla mejor?','¿Qué relación tienes con tu cuerpo? ¿Lo tratas con respeto y gratitud?','¿Qué pequeño cambio podrías hacer hoy que mejore tu bienestar a largo plazo?','','Hoy, programa una cita médica que has estado posponiendo (chequeo general, dentista, etc.). También puedes dedicar 15 minutos a una actividad que nutra tu salud mental: meditación, caminata en la naturaleza, o una conversación profunda con alguien que te importa.','salud','fa-heartbeat','#4CAF50',0,'2025-10-23 18:09:53.443000','2025-10-23 18:09:53.443000'),(4,'Día de la Tierra','dia-de-la-tierra','2025-04-22',1,1,'El Día de la Tierra nos recuerda que somos parte de un ecosistema interconectado, no sus dueños. Nuestro planeta enfrenta desafíos sin precedentes: cambio climático, pérdida de biodiversidad, contaminación. Pero también es un día de esperanza y acción.\n\nLos estoicos enseñaban que vivimos en un cosmos ordenado (kosmos) del cual somos parte integral. Marco Aurelio escribió: \"Todo está entrelazado, y el lazo es sagrado\". Nuestra conexión con la naturaleza no es opcional; es fundamental para nuestra supervivencia y bienestar.\n\nCuidar de la Tierra no es solo un acto de responsabilidad ambiental, es un acto de justicia hacia las futuras generaciones y hacia todas las formas de vida con las que compartimos este planeta.','La naturaleza no hace nada en vano. Somos parte de ella, no sus conquistadores.','Aristóteles','¿Cuándo fue la última vez que pasaste tiempo en la naturaleza sin distracciones tecnológicas?','¿Qué hábitos de consumo tuyos tienen un impacto negativo en el medio ambiente?','¿Qué legado ambiental quieres dejar para las futuras generaciones?','¿Cómo puedes vivir de forma más alineada con el ritmo natural de la Tierra?','','Hoy, pasa al menos 20 minutos en contacto con la naturaleza (un parque, un jardín, incluso observar el cielo). También puedes comprometerte a un cambio sostenible: reducir plásticos de un solo uso, compostar, usar transporte público, o plantar un árbol.','naturaleza','fa-globe-americas','#2E7D32',0,'2025-10-23 18:09:53.465000','2025-10-23 18:09:53.465000'),(5,'Día Mundial de la Salud Mental','dia-mundial-salud-mental','2025-10-10',1,1,'La salud mental es tan importante como la salud física, pero durante mucho tiempo ha sido estigmatizada y descuidada. Millones de personas en el mundo luchan con ansiedad, depresión, trauma y otros desafíos mentales, a menudo en silencio.\n\nLos estoicos practicaban lo que hoy llamaríamos \"higiene mental\". Marco Aurelio escribía cada noche en su diario, examinando sus pensamientos y emociones. Epicteto enseñaba a distinguir entre lo que está en nuestro control (nuestros juicios, reacciones) y lo que no lo está (eventos externos).\n\nCuidar de nuestra salud mental no es debilidad, es sabiduría. Pedir ayuda cuando la necesitamos no es fracaso, es coraje. Y crear espacios seguros donde otros puedan compartir sus luchas es un acto de compasión.','No son las cosas las que nos perturban, sino nuestros juicios sobre las cosas.','Epicteto','¿Cómo está tu salud mental en este momento? Sé honesto contigo mismo.','¿Qué pensamientos recurrentes te causan más sufrimiento? ¿Son realmente ciertos?','¿Tienes a alguien con quien puedas hablar abiertamente sobre tus luchas internas?','¿Qué prácticas te ayudan a mantener el equilibrio mental? ¿Las estás haciendo regularmente?','¿Cómo puedes ser más compasivo contigo mismo cuando enfrentas dificultades emocionales?','Hoy, dedica 10 minutos a una práctica de mindfulness o meditación. Si has estado luchando con tu salud mental, considera buscar ayuda profesional. También puedes enviar un mensaje a alguien preguntándole cómo está realmente, creando un espacio seguro para la vulnerabilidad.','salud','fa-brain','#00BCD4',0,'2025-10-23 18:09:53.490000','2025-10-23 18:09:53.490000'),(6,'Solsticio de Invierno: La Noche Más Larga','solsticio-invierno','2025-12-21',1,1,'El solsticio de invierno marca la noche más larga del año, pero también el punto de inflexión: a partir de ahora, los días comenzarán a alargarse nuevamente. Desde tiempos antiguos, este momento ha sido celebrado como un símbolo de renacimiento y esperanza.\n\nLos estoicos valoraban la observación de los ciclos naturales como una forma de conectar con el orden del cosmos. Así como la naturaleza atraviesa períodos de oscuridad antes de la luz, nosotros también experimentamos inviernos personales: momentos de dificultad, pérdida o confusión.\n\nPero así como el solsticio nos recuerda que la luz siempre regresa, nuestras propias \"noches oscuras del alma\" también son temporales. La clave está en confiar en el proceso, mantener la esperanza, y recordar que después del invierno siempre viene la primavera.','El impedimento para la acción hace avanzar la acción. Lo que se interpone en el camino se convierte en el camino.','Marco Aurelio','¿Qué \"invierno personal\" estás atravesando en este momento de tu vida?','¿Qué lecciones has aprendido de períodos oscuros anteriores que superaste?','¿Cómo puedes encontrar significado o crecimiento incluso en medio de la dificultad?','¿Qué \"luz\" (esperanza, propósito, conexión) puedes cultivar mientras esperas que pase el invierno?','','Hoy, enciende una vela como símbolo de la luz que siempre regresa. Escribe sobre un desafío que estés enfrentando y cómo puedes transformarlo en una oportunidad de crecimiento. También puedes pasar tiempo en silencio, honrando los ciclos naturales de la vida.','naturaleza','fa-snowflake','#607D8B',0,'2025-10-23 18:09:53.515000','2025-10-23 18:09:53.515000'),(7,'Nacimiento de Marco Aurelio: El Emperador Filósofo','nacimiento-marco-aurelio','2025-04-26',1,1,'Marco Aurelio (121-180 d.C.) fue emperador de Roma y uno de los más grandes filósofos estoicos. A pesar de tener el poder absoluto, eligió vivir con humildad, disciplina y servicio. Sus \"Meditaciones\" son un testimonio de su lucha diaria por ser una mejor persona.\n\nLo extraordinario de Marco Aurelio es que escribía para sí mismo, no para la posteridad. Sus reflexiones eran un ejercicio de autoexamen: recordarse a sí mismo sus principios cuando el poder podría haberlo corrompido, mantener la perspectiva cuando las responsabilidades lo abrumaban, y cultivar la compasión cuando otros lo decepcionaban.\n\nSu vida nos enseña que la grandeza no está en el poder que tenemos, sino en cómo lo usamos. Que el liderazgo verdadero es servicio. Y que la filosofía no es teoría abstracta, sino práctica diaria.','La felicidad de tu vida depende de la calidad de tus pensamientos.','Marco Aurelio','¿Qué poder o influencia tienes en tu vida (por pequeña que sea) y cómo la estás usando?','¿Qué principios te guían cuando enfrentas decisiones difíciles?','¿Cómo puedes servir mejor a quienes dependen de ti (familia, equipo, comunidad)?','¿Qué pensamientos recurrentes están afectando la calidad de tu vida?','','Hoy, lee un pasaje de las \"Meditaciones\" de Marco Aurelio y reflexiona sobre cómo aplicarlo a tu vida actual. También puedes identificar un área donde tienes influencia y preguntarte: \"¿Estoy usando este poder para servir o para mi ego?\"','filosofia','fa-crown','#795548',0,'2025-10-23 18:09:53.540000','2025-10-23 18:09:53.540000'),(8,'Día Mundial de la Prevención del Suicidio','dia-prevencion-suicidio','2025-09-10',1,1,'El suicidio es una tragedia que afecta a familias y comunidades en todo el mundo. Cada año, cientos de miles de personas toman la decisión de terminar con su vida, a menudo porque sienten que no hay otra salida al dolor que están experimentando.\n\nPero el suicidio es prevenible. Una conversación, una mano extendida, un momento de conexión genuina puede salvar una vida. El estoicismo nos enseña que incluso en el sufrimiento más profundo, siempre hay una elección sobre cómo responder, y que pedir ayuda es un acto de coraje, no de debilidad.\n\nHoy es un día para recordar a quienes hemos perdido, para aprender a reconocer las señales de alerta, y para comprometernos a crear comunidades donde nadie tenga que sufrir en silencio.','La vida no es esperar a que pase la tormenta, es aprender a bailar bajo la lluvia.','Séneca (adaptado)','¿Has experimentado pensamientos de desesperanza? ¿Con quién puedes hablar sobre esto?','¿Conoces las señales de alerta del suicidio en otras personas? ¿Estás atento a ellas?','¿Qué te ha ayudado a superar momentos de profunda dificultad en el pasado?','¿Cómo puedes crear un espacio más seguro para que otros compartan sus luchas?','','Hoy, aprende sobre las señales de alerta del suicidio y los recursos de ayuda disponibles en tu país. Si estás luchando, llama a una línea de prevención del suicidio. Si conoces a alguien que podría estar en riesgo, acércate con compasión y pregúntale directamente cómo está.','salud','fa-hands-helping','#FF5722',0,'2025-10-23 18:09:53.562000','2025-10-23 18:09:53.563000'),(9,'Equinoccio de Primavera: Balance y Renacimiento','equinoccio-primavera','2025-03-20',1,1,'El equinoccio de primavera marca el momento en que el día y la noche tienen la misma duración, un punto de perfecto equilibrio antes de que la luz comience a dominar. Es un símbolo universal de renacimiento, renovación y nuevos comienzos.\n\nLos estoicos valoraban el concepto de \"sophrosyne\" (templanza o moderación), que es precisamente sobre encontrar el equilibrio en todas las cosas. Ni exceso ni deficiencia, sino el punto medio virtuoso.\n\nLa primavera nos invita a reflexionar sobre qué semillas queremos plantar en nuestras vidas. ¿Qué hábitos, relaciones, proyectos o valores queremos cultivar? Así como la naturaleza se despierta del invierno, nosotros también podemos despertar a nuevas posibilidades.','La virtud está en el punto medio entre dos extremos.','Aristóteles','¿Qué áreas de tu vida están desequilibradas en este momento?','¿Qué \"semillas\" (hábitos, proyectos, relaciones) quieres plantar en esta nueva estación?','¿Qué necesitas soltar o \"podar\" para que lo nuevo pueda crecer?','¿Cómo puedes encontrar más balance entre acción y descanso, trabajo y juego, soledad y conexión?','','Hoy, identifica un área de tu vida que necesita más equilibrio y toma una acción concreta para restaurarlo. También puedes plantar literalmente una semilla (una planta, un árbol) como símbolo de tu compromiso con el crecimiento.','naturaleza','fa-seedling','#8BC34A',0,'2025-10-23 18:09:53.587000','2025-10-23 18:09:53.587000'),(10,'Año Nuevo: Reflexión y Renovación','ano-nuevo-reflexion','2025-01-01',1,1,'El Año Nuevo es un momento simbólico de cierre y apertura, una oportunidad para reflexionar sobre el año que termina y establecer intenciones para el que comienza. Pero los estoicos nos recuerdan que cada día es una oportunidad de comenzar de nuevo.\n\nSéneca escribió: \"No es que tengamos poco tiempo, sino que perdemos mucho\". El Año Nuevo no es mágico por sí mismo, pero puede ser un catalizador poderoso si lo usamos para hacer un examen honesto de nuestra vida.\n\nEn lugar de resoluciones superficiales que abandonaremos en febrero, podemos preguntarnos: ¿Quién quiero ser? ¿Qué valores quiero encarnar? ¿Qué legado quiero construir? Y luego, alinear nuestras acciones diarias con esas respuestas.','No cuentes los días, haz que los días cuenten.','Muhammad Ali (inspirado en filosofía estoica)','¿Qué logros del año pasado te llenan de orgullo? ¿Qué aprendiste de tus fracasos?','¿Qué hábitos o patrones del año pasado quieres dejar atrás?','¿Quién quieres ser dentro de un año? Descríbete con detalle.','¿Qué tres valores quieres que guíen tus decisiones este año?','¿Qué pequeña acción puedes hacer hoy que te acerque a la persona que quieres ser?','Hoy, dedica 30 minutos a escribir una revisión completa del año pasado y establecer intenciones claras para el nuevo año. No hagas una lista de deseos, sino un compromiso con valores y acciones concretas. Comparte tus intenciones con alguien que te haga responsable.','personal','fa-calendar-alt','#FF9800',0,'2025-10-23 18:09:53.609000','2025-10-23 18:09:53.610000'),(11,'El Agua: Fuente de Vida y Reflexión','dia-mundial-del-agua','2025-03-22',1,1,'El agua cubre el 71% de nuestro planeta, pero solo el 2.5% es agua dulce y apenas el 0.3% es accesible para el consumo humano. Más de 2,000 millones de personas viven en países con estrés hídrico, y para 2050 se estima que la mitad de la población mundial enfrentará escasez de agua.\n\nLos estoicos valoraban profundamente los elementos naturales. Veían en el agua un recordatorio de la fluidez necesaria en la vida: adaptarse, fluir alrededor de los obstáculos, y siempre encontrar el camino hacia adelante. El agua no lucha contra la roca, simplemente la rodea o, con paciencia infinita, la erosiona.\n\nHoy reflexionamos sobre nuestra relación con este recurso vital. ¿Lo valoramos? ¿Lo desperdiciamos? ¿Somos conscientes de nuestro privilegio al tener acceso a agua potable?','Nada es más suave ni más flexible que el agua, pero nada puede resistirla.','Lao Tzu','¿Cuándo fue la última vez que realmente apreciaste tener acceso a agua limpia? ¿Qué privilegios das por sentado?','¿De qué formas podrías ser más consciente de tu consumo de agua? ¿Qué pequeños cambios podrías implementar?','¿Cómo puedes aplicar la filosofía del agua a tu vida: ser flexible, persistente, y fluir alrededor de obstáculos?','','','Hoy, cada vez que uses agua, toma un momento para agradecer. Investiga una organización que trabaje en acceso al agua potable y considera apoyarla.','naturaleza','fa-tint','#2196F3',0,'2025-10-23 18:10:14.881000','2025-10-23 18:10:14.881000'),(12,'Eudaimonia: La Verdadera Felicidad','dia-internacional-felicidad','2025-03-20',1,1,'En 2012, la ONU estableció el 20 de marzo como el Día Internacional de la Felicidad, reconociendo que la búsqueda de la felicidad es un objetivo humano fundamental. Pero, ¿qué es realmente la felicidad?\n\nLos griegos distinguían entre \"hedonia\" (placer momentáneo) y \"eudaimonia\" (florecimiento humano). Los estoicos enseñaban que la verdadera felicidad no viene de circunstancias externas, sino del cultivo de la virtud y el vivir de acuerdo con la naturaleza.\n\nAristóteles definió la eudaimonia como \"la actividad del alma de acuerdo con la virtud\". No es un estado que se alcanza, sino una forma de vivir. No es sentirse bien todo el tiempo, sino vivir bien consistentemente.\n\nLa ciencia moderna confirma esta sabiduría antigua: las personas más felices no son las que persiguen el placer, sino las que encuentran significado, cultivan relaciones profundas, y contribuyen a algo más grande que ellas mismas.','La felicidad depende de nosotros mismos.','Aristóteles','¿Qué te hace verdaderamente feliz a largo plazo, más allá de los placeres momentáneos?','¿Estás persiguiendo hedonia (placer) o eudaimonia (florecimiento)? ¿Cuál es la diferencia en tu vida?','¿Qué virtudes necesitas cultivar para vivir una vida más plena y significativa?','','','Escribe tres cosas que te dan significado profundo (no placer superficial) y comprométete a dedicarles más tiempo esta semana.','filosofia','fa-smile','#FFD700',0,'2025-10-23 18:10:14.909000','2025-10-23 18:10:14.909000'),(13,'La Belleza de las Palabras','dia-mundial-poesia','2025-03-21',1,1,'La poesía es una de las formas más antiguas de expresión humana. Desde los himnos homéricos hasta los haikus japoneses, la poesía ha sido el vehículo para expresar lo inexpresable: el amor, el dolor, la belleza, la trascendencia.\n\nMarco Aurelio, aunque emperador y filósofo, apreciaba profundamente la poesía. Sus \"Meditaciones\" están llenas de imágenes poéticas y reflexiones líricas sobre la naturaleza efímera de la vida.\n\nLa poesía nos obliga a desacelerar, a saborear cada palabra, a encontrar significado en la economía del lenguaje. En un mundo de información rápida y superficial, la poesía es un acto de resistencia contemplativa.\n\nEscribir o leer poesía es un ejercicio estoico: nos conecta con nuestras emociones profundas, nos ayuda a procesar experiencias difíciles, y nos recuerda la belleza que existe incluso en el sufrimiento.','La poesía es la revelación de un sentimiento que el poeta cree que es interior y personal, pero que el lector reconoce como propio.','Salvatore Quasimodo','¿Cuándo fue la última vez que leíste o escribiste algo poético? ¿Qué te impide hacerlo más seguido?','¿Hay alguna experiencia o emoción en tu vida que solo podría expresarse poéticamente, no literalmente?','¿Qué belleza has ignorado hoy por estar apurado o distraído?','','','Lee un poema que te conmueva. O mejor aún, intenta escribir un poema corto (aunque sea de 4 líneas) sobre algo que estés sintiendo hoy.','personal','fa-feather','#9C27B0',0,'2025-10-23 18:10:14.930000','2025-10-23 18:10:14.930000'),(14,'Creatividad: El Fuego Interior','dia-mundial-creatividad','2025-04-21',1,1,'La creatividad no es solo para artistas. Es la capacidad humana fundamental de imaginar posibilidades, resolver problemas de formas nuevas, y expresar nuestra perspectiva única del mundo.\n\nLos estoicos valoraban la creatividad como expresión de nuestra naturaleza racional. Marco Aurelio escribió sus \"Meditaciones\" no como tratado filosófico, sino como ejercicio creativo de autoexploración. Séneca escribió tragedias. Epicteto usaba metáforas y analogías creativas para enseñar.\n\nLa neurociencia moderna muestra que la creatividad no es un don mágico, sino una habilidad que se cultiva. Requiere dos cosas: espacio mental (tiempo sin distracciones) y permiso para fallar (experimentar sin juicio).\n\nEn un mundo que valora la eficiencia y la productividad, la creatividad es un acto de rebeldía. Es jugar sin propósito, explorar sin destino, crear sin garantía de éxito.','La creatividad es la inteligencia divirtiéndose.','Albert Einstein','¿Cuándo fue la última vez que creaste algo solo por el placer de crear, sin preocuparte por el resultado?','¿Qué te impide ser más creativo? ¿Miedo al fracaso? ¿Falta de tiempo? ¿Autocrítica excesiva?','¿Qué forma de creatividad te llama pero has ignorado? (Escribir, dibujar, cocinar, construir, componer...)','','','Dedica 30 minutos hoy a crear algo, lo que sea, sin juzgarte. No tiene que ser \"bueno\", solo tiene que ser tuyo.','personal','fa-palette','#FF5722',0,'2025-10-23 18:10:14.951000','2025-10-23 18:10:14.951000'),(15,'El Significado del Trabajo','dia-internacional-trabajo','2025-05-01',1,1,'El Día Internacional del Trabajo conmemora las luchas históricas por derechos laborales justos. Pero también nos invita a reflexionar sobre el significado del trabajo en nuestras vidas.\n\nLos estoicos tenían una visión única del trabajo. Epicteto, que fue esclavo, enseñaba que la libertad no viene de las circunstancias externas sino de nuestra actitud interna. Marco Aurelio, emperador con enormes responsabilidades, se recordaba cada mañana que su trabajo era servir al bien común.\n\nEl trabajo puede ser fuente de significado o de sufrimiento. La diferencia no está tanto en qué hacemos, sino en cómo lo hacemos y por qué lo hacemos. ¿Trabajamos solo por dinero? ¿Por estatus? ¿Por contribuir? ¿Por crecer?\n\nViktor Frankl, sobreviviente del Holocausto, descubrió que incluso en los trabajos más degradantes, encontrar significado era la diferencia entre desesperación y dignidad.','Elige un trabajo que ames y no tendrás que trabajar ni un día de tu vida.','Confucio','¿Qué significado encuentras en tu trabajo actual? Si no encuentras ninguno, ¿qué necesitaría cambiar?','¿Trabajas para vivir o vives para trabajar? ¿Cuál es el balance correcto para ti?','¿Cómo contribuye tu trabajo al bien común? Si no lo hace, ¿debería hacerlo?','','','Identifica una forma en que tu trabajo, por pequeña que sea, beneficia a otros. Enfócate en eso cuando te sientas desmotivado.','personal','fa-briefcase','#795548',0,'2025-10-23 18:10:14.972000','2025-10-23 18:10:14.972000'),(16,'Liberarse de las Cadenas','dia-mundial-sin-tabaco','2025-05-31',1,1,'El tabaco mata a más de 8 millones de personas cada año. Pero más allá de las estadísticas, el tabaquismo representa algo profundamente filosófico: la lucha entre lo que sabemos que es correcto y lo que hacemos.\n\nEpicteto enseñaba sobre el concepto de \"prohairesis\" - nuestra capacidad de elección. Decía que somos verdaderamente libres solo cuando nuestras acciones están alineadas con nuestra razón, no controladas por impulsos o adicciones.\n\nLas adicciones, ya sea al tabaco, alcohol, comida, tecnología o cualquier otra cosa, son formas de esclavitud autoimpuesta. No porque seamos débiles, sino porque somos humanos. Pero los estoicos creían que podemos liberarnos mediante la práctica consciente y la comprensión de nuestros patrones.\n\nEsta reflexión no es solo para fumadores. Todos tenemos \"tabaco\" en nuestras vidas: hábitos que sabemos que nos dañan pero repetimos. ¿Cuál es el tuyo?','No es libre quien no obtiene el dominio sobre sí mismo.','Pitágoras','¿Qué hábito o adicción (grande o pequeña) te controla más de lo que te gustaría admitir?','¿Qué función cumple ese hábito en tu vida? ¿Qué dolor evita o qué vacío llena?','¿Qué necesitarías para liberarte? ¿Apoyo? ¿Alternativas más sanas? ¿Confrontar emociones difíciles?','','','Identifica tu \"tabaco\" personal. No necesitas dejarlo hoy, pero sí necesitas nombrarlo y entender por qué lo haces.','salud','fa-smoking-ban','#E91E63',0,'2025-10-23 18:10:14.993000','2025-10-23 18:10:14.993000'),(17,'Vivir de Acuerdo con la Naturaleza','dia-mundial-medio-ambiente','2025-06-05',1,1,'Los estoicos tenían un principio fundamental: \"vivir de acuerdo con la naturaleza\". Pero no se referían solo a reciclar o plantar árboles (aunque eso ayuda). Se referían a entender nuestro lugar en el cosmos y actuar en armonía con él.\n\nMarco Aurelio escribió: \"Todo está entrelazado, y el vínculo es sagrado\". Entendía que somos parte de un sistema más grande, no sus dueños. Cada acción tiene consecuencias que se propagan como ondas en un estanque.\n\nHoy enfrentamos una crisis ambiental sin precedentes: cambio climático, extinción masiva de especies, contaminación, deforestación. Pero el problema no es solo técnico o político. Es filosófico. Hemos olvidado que somos naturaleza, no algo separado de ella.\n\nLa pregunta no es solo \"¿qué puedo hacer por el medio ambiente?\" sino \"¿cómo puedo vivir de forma que honre mi conexión con todo lo que existe?\"','La naturaleza no hace nada en vano.','Aristóteles','¿Cuándo fue la última vez que realmente te sentiste conectado con la naturaleza? ¿Qué sentiste?','¿De qué formas tu estilo de vida está en conflicto con el bienestar del planeta? Sé honesto.','¿Qué cambio concreto, por pequeño que sea, podrías hacer para vivir más en armonía con la naturaleza?','','','Pasa al menos 20 minutos hoy en contacto directo con la naturaleza (parque, jardín, incluso una planta). Observa sin distracciones.','naturaleza','fa-leaf','#4CAF50',0,'2025-10-23 18:10:15.012000','2025-10-23 18:10:15.012000'),(18,'Philia: El Amor de la Amistad','dia-internacional-amistad','2025-07-30',1,1,'Los griegos tenían múltiples palabras para \"amor\": eros (pasión), storge (familiar), agape (incondicional), y philia (amistad). Aristóteles dedicó dos libros enteros de su Ética a Nicomaquea a la amistad, considerándola esencial para una vida buena.\n\nDistinguía tres tipos de amistad: de utilidad (nos beneficiamos mutuamente), de placer (disfrutamos estar juntos), y de virtud (nos ayudamos mutuamente a ser mejores personas). Solo la última es verdadera y duradera.\n\nLos estoicos valoraban profundamente la amistad. Séneca escribió cartas extensas a su amigo Lucilio, explorando juntos las grandes preguntas de la vida. Marco Aurelio dedicó el primer libro de sus Meditaciones a agradecer a las personas que lo formaron.\n\nEn la era de las redes sociales, tenemos más \"amigos\" que nunca pero nos sentimos más solos. ¿Cuántas de nuestras amistades son de utilidad o placer, y cuántas son de virtud?','Un amigo es un alma que habita en dos cuerpos.','Aristóteles','¿Quiénes son tus verdaderos amigos, aquellos que te hacen mejor persona? ¿Cuándo fue la última vez que lo expresaste?','¿Eres el tipo de amigo que quisieras tener? ¿Qué podrías mejorar?','¿Has descuidado alguna amistad importante por estar ocupado? ¿Qué podrías hacer al respecto?','','','Contacta hoy a un amigo verdadero que no hayas visto en un tiempo. No por mensaje, sino por llamada o en persona. Dile por qué valoras su amistad.','social','fa-user-friends','#FF9800',0,'2025-10-23 18:10:15.034000','2025-10-23 18:10:15.034000'),(19,'La Sabiduría de la Juventud','dia-internacional-juventud','2025-08-12',1,1,'Hay un prejuicio cultural que asocia juventud con inexperiencia y vejez con sabiduría. Pero los estoicos sabían que la sabiduría no es cuestión de edad sino de reflexión.\n\nMarco Aurelio se convirtió en emperador a los 40 años, pero sus escritos muestran una madurez que muchos nunca alcanzan. Epicteto enseñaba que podemos ser viejos tontos o jóvenes sabios. La diferencia está en nuestra disposición a aprender y cuestionar.\n\nLos jóvenes de hoy enfrentan desafíos únicos: crisis climática, incertidumbre económica, sobrecarga de información, presión de redes sociales. Pero también tienen algo que generaciones anteriores no tuvieron: acceso sin precedentes a conocimiento y conexión global.\n\nEsta reflexión es para todos, jóvenes y no tan jóvenes. Para los jóvenes: ¿cómo estás usando tu energía y potencial? Para los mayores: ¿qué puedes aprender de la perspectiva joven?','No dejes que nadie menosprecie tu juventud, sino sé ejemplo en palabra, conducta, amor, fe y pureza.','1 Timoteo 4:12','¿Qué sabiduría has adquirido en tu vida hasta ahora, sin importar tu edad?','¿Qué estás haciendo con tu potencial? ¿Lo estás desperdiciando o cultivando?','¿Qué legado quieres dejar? ¿Qué estás construyendo hoy que importará en 10, 20, 50 años?','','','Escribe una carta a tu yo del futuro (5 o 10 años). ¿Qué esperas haber logrado? ¿Qué tipo de persona esperas ser?','personal','fa-seedling','#8BC34A',0,'2025-10-23 18:10:15.058000','2025-10-23 18:10:15.058000'),(20,'Paz Interior, Paz Exterior','dia-internacional-paz','2025-09-21',1,1,'La paz mundial parece un sueño imposible. Guerras, conflictos, violencia... el sufrimiento humano causado por humanos parece no tener fin. Pero los estoicos enseñaban algo radical: la paz exterior comienza con la paz interior.\n\nMarco Aurelio, quien pasó gran parte de su reinado en guerras, escribió: \"Puedes tener paz en cualquier momento retirándote a tu interior\". No era escapismo, sino reconocer que no podemos controlar el mundo, pero sí podemos controlar nuestra respuesta a él.\n\nLa paz no es ausencia de conflicto, sino presencia de justicia, compasión y entendimiento. Y eso comienza en nosotros. ¿Cómo podemos pedir paz en el mundo si no tenemos paz con nosotros mismos? ¿Cómo podemos exigir justicia si somos injustos en nuestras relaciones cercanas?\n\nGandhi dijo: \"Sé el cambio que quieres ver en el mundo\". Los estoicos dirían: \"Cultiva la paz interior y naturalmente crearás paz exterior\".','La paz comienza con una sonrisa.','Madre Teresa','¿Tienes paz interior? ¿Qué conflictos internos te mantienen en guerra contigo mismo?','¿Hay alguna relación en tu vida donde necesites hacer las paces? ¿Qué te detiene?','¿Cómo contribuyes a la paz o al conflicto en tu entorno inmediato (familia, trabajo, comunidad)?','','','Practica 10 minutos de meditación hoy. Luego, realiza un acto de paz: perdona a alguien, resuelve un conflicto, o simplemente sé amable con un extraño.','social','fa-dove','#00BCD4',0,'2025-10-23 18:10:15.079000','2025-10-23 18:10:15.079000'),(21,'Alimentar el Cuerpo, Nutrir el Alma','dia-mundial-alimentacion','2025-10-16',1,1,'Más de 800 millones de personas en el mundo sufren hambre crónica, mientras que en países desarrollados luchamos contra la obesidad y trastornos alimenticios. Nuestra relación con la comida está rota.\n\nLos estoicos practicaban el ayuno voluntario no por ascetismo, sino para apreciar lo que tienen y prepararse para la escasez. Séneca escribió: \"Establece ciertos días en los que te contentarás con muy poco, para que cuando llegue la pobreza real, no te tome por sorpresa\".\n\nPero la comida es más que nutrición física. Es cultura, conexión, ritual. Compartir comida es uno de los actos más humanos. En muchas tradiciones, comer juntos es sagrado.\n\nLa pregunta no es solo \"¿qué como?\" sino \"¿cómo como?\" ¿Con gratitud o con prisa? ¿Con conciencia o con distracción? ¿Solo o en comunidad?','Que tu alimento sea tu medicina, y tu medicina sea tu alimento.','Hipócrates','¿Cuándo fue la última vez que comiste con plena conciencia, saboreando cada bocado, sin distracciones?','¿Tu relación con la comida es saludable? ¿Comes para vivir o vives para comer? ¿Usas la comida para llenar vacíos emocionales?','¿Eres consciente del privilegio de tener acceso a comida? ¿Cómo podrías ayudar a quienes no lo tienen?','','','Hoy, come al menos una comida sin pantallas, sin prisa, con gratitud. Si es posible, compártela con alguien que ames.','salud','fa-utensils','#FF5722',1,'2025-10-23 18:10:15.100000','2025-10-25 07:05:26.488000'),(22,'El Amor a la Sabiduría','dia-mundial-filosofia','2025-11-21',1,1,'La palabra \"filosofía\" viene del griego \"philos\" (amor) y \"sophia\" (sabiduría). No es acumular conocimiento, sino amar la búsqueda de la verdad.\n\nSócrates, el padre de la filosofía occidental, decía que \"una vida sin examen no vale la pena vivirla\". No porque la vida no examinada sea mala, sino porque desperdiciaríamos nuestro potencial humano único: la capacidad de reflexionar sobre nuestra existencia.\n\nLa filosofía no es abstracta o irrelevante. Es profundamente práctica. Los estoicos la llamaban \"el arte de vivir\". Cada decisión que tomas refleja una filosofía, consciente o no. ¿Prefieres placer o significado? ¿Éxito o integridad? ¿Aprobación o autenticidad?\n\nEn un mundo de respuestas rápidas y certezas superficiales, la filosofía nos enseña a hacer mejores preguntas. No para tener todas las respuestas, sino para vivir con las preguntas correctas.','El asombro es el principio de la sabiduría.','Sócrates','¿Cuál es tu filosofía de vida? Si tuvieras que resumir tus principios fundamentales en 3-5 frases, ¿cuáles serían?','¿Qué pregunta filosófica te mantiene despierto por la noche? ¿Qué misterio de la existencia te fascina?','¿Vives de acuerdo con tu filosofía declarada, o hay una brecha entre lo que crees y lo que haces?','','','Lee un texto filosófico hoy, aunque sea breve. O mejor aún, ten una conversación filosófica profunda con alguien.','filosofia','fa-brain','#673AB7',0,'2025-10-23 18:10:15.121000','2025-10-23 18:10:15.121000'),(23,'El Servicio como Virtud','dia-internacional-voluntariado','2025-12-05',1,1,'Los estoicos creían que somos inherentemente sociales. Marco Aurelio escribió: \"Lo que no beneficia a la colmena no puede beneficiar a la abeja\". Servir a otros no es altruismo sacrificial, sino reconocer nuestra interconexión.\n\nEl voluntariado moderno mueve a más de 1,000 millones de personas en el mundo, contribuyendo billones de dólares en valor económico. Pero el verdadero valor no es económico, sino existencial. Servir nos saca de nuestra burbuja egocéntrica y nos recuerda que somos parte de algo más grande.\n\nParadójicamente, ayudar a otros es una de las mejores formas de ayudarnos a nosotros mismos. La investigación muestra que el voluntariado reduce depresión, aumenta satisfacción de vida, y hasta mejora la salud física. No porque sea transaccional, sino porque estamos diseñados para contribuir.\n\nLa pregunta no es \"¿tengo tiempo para ser voluntario?\" sino \"¿puedo darme el lujo de no serlo?\"','El mejor modo de encontrarse a uno mismo es perderse en el servicio de los demás.','Mahatma Gandhi','¿Cuándo fue la última vez que ayudaste a alguien sin esperar nada a cambio? ¿Cómo te sentiste?','¿Qué causa o comunidad necesita tu ayuda? ¿Qué habilidades únicas podrías ofrecer?','¿Qué te impide ser más generoso con tu tiempo? ¿Son razones válidas o excusas?','','','Investiga una organización local que necesite voluntarios. No necesitas comprometerte hoy, solo explora las posibilidades.','social','fa-hands-helping','#FF9800',0,'2025-10-23 18:10:15.140000','2025-10-23 18:10:15.140000'),(24,'El Día Más Largo del Año','solsticio-verano','2025-06-21',1,1,'El solsticio de verano marca el día más largo del año en el hemisferio norte. Desde tiempos ancestrales, los humanos han celebrado este momento como símbolo de abundancia, luz y vida.\n\nLos estoicos veían los ciclos naturales como maestros. Así como el sol alcanza su punto máximo y luego comienza a declinar, todo en la vida tiene su apogeo y su caída. No con tristeza, sino con aceptación. Es la naturaleza de las cosas.\n\nEste es un momento para celebrar la luz, pero también para recordar que la oscuridad vendrá. No para temer el invierno, sino para apreciar el verano. Para guardar energía, como las plantas que florecen ahora sabiendo que el frío llegará.\n\nHeráclito enseñaba que \"todo fluye\". El sol que hoy está en su máximo esplendor, mañana comenzará su descenso. Y eso está bien. Es el orden natural. Resistirlo es sufrir innecesariamente.','Haz como el sol: sal cada día y brilla, sin esperar agradecimiento.','Proverbio','¿Qué está en su \"solsticio\" en tu vida ahora mismo? ¿Qué está en su punto máximo?','¿Estás aprovechando este momento de abundancia o lo das por sentado?','¿Cómo puedes prepararte para los \"inviernos\" inevitables de la vida sin vivir con miedo?','','','Pasa tiempo al sol hoy. Literalmente. Siente su calor en tu piel y agradece esta estrella que hace posible toda la vida en la Tierra.','naturaleza','fa-sun','#FFC107',0,'2025-10-23 18:10:15.162000','2025-10-23 18:10:15.162000'),(25,'La Práctica de la Gratitud','dia-mundial-gratitud','2025-11-27',1,1,'La gratitud era una práctica central en el estoicismo. Marco Aurelio comenzaba cada día agradeciendo a las personas que lo habían formado. Epicteto enseñaba que la felicidad no viene de tener lo que queremos, sino de querer lo que tenemos.\n\nLa ciencia moderna confirma lo que los estoicos sabían: la gratitud es una de las prácticas más poderosas para el bienestar mental. Personas que practican gratitud regularmente reportan mayor felicidad, mejor salud, relaciones más fuertes, y mayor resiliencia ante adversidades.\n\nPero la gratitud no es solo decir \"gracias\". Es una forma de ver el mundo. Es reconocer que todo lo que tenemos es un regalo temporal, no un derecho permanente. Es apreciar lo ordinario como extraordinario.\n\nEl opuesto de la gratitud no es la ingratitud, sino la expectativa. Cuando esperamos que las cosas buenas nos sucedan, dejamos de apreciarlas cuando llegan.','No es el hombre que tiene poco, sino el que desea más, quien es pobre.','Séneca','¿Qué tres cosas en tu vida das por sentado pero deberías agradecer profundamente?','¿A quién en tu vida no has agradecido lo suficiente? ¿Qué te impide hacerlo?','¿Cómo cambiaría tu vida si vieras cada día como un regalo, no como un derecho?','','','Escribe una carta de gratitud a alguien que haya impactado tu vida positivamente. No necesitas enviarla (aunque sería hermoso), pero escríbela con sinceridad.','personal','fa-heart','#E91E63',0,'2025-10-23 18:10:15.183000','2025-10-23 18:10:15.183000'),(26,'Capacidad en la Diversidad','dia-personas-discapacidad','2025-12-03',1,1,'Más de 1,000 millones de personas en el mundo viven con alguna forma de discapacidad. Pero \"discapacidad\" es un término problemático. ¿Discapacidad para qué? ¿Según quién?\n\nLos estoicos tenían una perspectiva radical: lo único que realmente importa es nuestro carácter, nuestra capacidad de elegir la virtud. Epicteto, quien vivió con una discapacidad física, enseñaba que la verdadera libertad no depende del cuerpo sino de la mente.\n\nLa sociedad moderna está comenzando a entender el \"modelo social de la discapacidad\": las personas no están discapacitadas, la sociedad las discapacita al no ser inclusiva. Un edificio sin rampa no es un problema de la persona en silla de ruedas, es un problema del edificio.\n\nPero más profundamente, todos estamos \"discapacitados\" en algún sentido. Todos tenemos limitaciones. La pregunta no es si las tenemos, sino cómo respondemos a ellas.','No es lo que te sucede, sino cómo reaccionas a ello lo que importa.','Epicteto','¿Qué \"discapacidades\" (limitaciones, miedos, traumas) tienes que no son visibles pero te afectan?','¿Cómo juzgas a las personas por sus limitaciones en lugar de apreciar sus capacidades?','¿Qué podrías hacer para ser más inclusivo y empático con personas que tienen experiencias diferentes a la tuya?','','','Aprende sobre la experiencia de vivir con una discapacidad específica. Lee, escucha, o mejor aún, conversa con alguien que la viva.','social','fa-universal-access','#2196F3',0,'2025-10-23 18:10:15.204000','2025-10-23 18:10:15.204000'),(27,'El Poder de Soltar','dia-internacional-perdon','2025-07-07',1,1,'Marco Aurelio escribió: \"La mejor venganza es no ser como tu enemigo\". Los estoicos entendían que el resentimiento es un veneno que bebemos esperando que mate a nuestro enemigo.\n\nEl perdón no es decir que lo que pasó estuvo bien. No es reconciliarse con quien te hirió. No es olvidar. El perdón es soltar el resentimiento que te está envenenando. Es liberarte de la prisión emocional donde el pasado te mantiene cautivo.\n\nLa investigación psicológica muestra que el perdón reduce estrés, ansiedad y depresión. Mejora la salud cardiovascular. Fortalece relaciones. Pero el mayor beneficio es existencial: te devuelve tu poder. Mientras no perdones, quien te hirió sigue controlándote.\n\nEl perdón más difícil no es perdonar a otros, sino perdonarnos a nosotros mismos. Cargamos culpa por errores pasados, decisiones equivocadas, oportunidades perdidas. Pero como dijo Séneca: \"Errar es humano, perseverar en el error es diabólico\".','Aferrarse al enojo es como beber veneno y esperar que la otra persona muera.','Buda','¿A quién necesitas perdonar pero no has podido? ¿Qué te detiene?','¿Qué error de tu pasado no te has perdonado? ¿Por qué sigues castigándote?','¿Cómo sería tu vida si soltaras todo ese resentimiento y culpa? ¿Qué ganarías?','','','Escribe una carta de perdón (a alguien más o a ti mismo). No necesitas enviarla. Luego, quémala como símbolo de soltar.','personal','fa-hand-holding-heart','#9C27B0',0,'2025-10-23 18:10:15.225000','2025-10-23 18:10:15.225000'),(28,'Somos 8 Mil Millones','dia-mundial-poblacion','2025-07-11',1,1,'En noviembre de 2022, la población mundial alcanzó 8,000 millones de personas. Es un número difícil de comprender. Si contaras una persona por segundo, te tomaría más de 250 años contar a todos.\n\nMarco Aurelio, gobernando un imperio de millones, se recordaba constantemente: \"Pronto serás cenizas o huesos, un mero nombre o ni siquiera eso\". No con pesimismo, sino con perspectiva. Somos una gota en un océano de humanidad.\n\nPero cada gota importa. Cada una de esas 8,000 millones de personas tiene sueños, miedos, esperanzas, dolor. Cada una es el protagonista de su propia historia. Cada una merece dignidad.\n\nEl desafío de nuestra era es balancear dos verdades: somos insignificantes en la escala cósmica, pero infinitamente valiosos en la escala humana. Somos muchos, pero cada uno cuenta.','En la vida de cada hombre hay un momento en que debe decidir si va a vivir entre los muchos o entre los pocos.','Proverbio','¿Te sientes insignificante en un mundo de 8,000 millones? ¿Cómo afecta eso tu sentido de propósito?','¿Cómo puedes contribuir al bienestar colectivo sin perderte en la masa?','¿Ves a los demás como números o como personas? ¿Cómo puedes cultivar más empatía en un mundo tan poblado?','','','Hoy, realmente mira a las personas que encuentres. No como extras en tu película, sino como protagonistas de las suyas.','social','fa-globe','#00BCD4',0,'2025-10-23 18:10:15.246000','2025-10-23 18:10:15.246000'),(29,'El Poder de las Letras','dia-internacional-alfabetizacion','2025-09-08',1,1,'Más de 770 millones de adultos en el mundo no saben leer ni escribir. La mayoría son mujeres. La alfabetización no es solo una habilidad técnica, es una puerta a la libertad.\n\nEpicteto, quien fue esclavo, valoraba profundamente la educación como camino a la libertad interior. No podía controlar su situación externa, pero podía educar su mente. Eventualmente, su sabiduría lo liberó de formas que la abolición de la esclavitud no podría.\n\nLeer y escribir nos conecta con la humanidad a través del tiempo y el espacio. Puedo leer las palabras de Marco Aurelio escritas hace 2,000 años y sentir que me habla directamente. Puedo escribir estas palabras y quizás alguien las lea en 100 años.\n\nSi estás leyendo esto, tienes un privilegio que millones no tienen. ¿Qué estás haciendo con él?','Una vez que aprendes a leer, serás libre para siempre.','Frederick Douglass','¿Qué libro ha cambiado tu vida? ¿Por qué? ¿Se lo has recomendado a alguien?','¿Lees para escapar o para crecer? ¿Qué tipo de contenido consumes mayormente?','¿Cómo podrías usar tu alfabetización para ayudar a otros? ¿Enseñar? ¿Escribir? ¿Compartir conocimiento?','','','Lee algo profundo hoy, no entretenimiento superficial. Luego, escribe una reflexión sobre lo que aprendiste.','personal','fa-book-reader','#3F51B5',0,'2025-10-23 18:10:15.267000','2025-10-23 18:10:15.267000'),(30,'Más Allá de la Tolerancia','dia-internacional-tolerancia','2025-11-16',1,1,'La palabra \"tolerancia\" es problemática. Tolerar implica soportar algo desagradable. ¿Es eso lo mejor que podemos aspirar? Los estoicos nos invitan a algo más profundo: comprensión.\n\nMarco Aurelio escribió: \"Cuando te despiertes por la mañana, piensa en qué precioso privilegio es estar vivo: respirar, pensar, disfrutar, amar\". Pero también escribió: \"Hoy me encontraré con personas entrometidas, ingratas, arrogantes, deshonestas, celosas y huraños\". Su solución no era tolerarlas, sino entenderlas.\n\nVivimos en tiempos polarizados. Nos dividimos por política, religión, raza, género, nacionalidad. Pero los estoicos enseñaban cosmopolitismo: somos ciudadanos del cosmos, todos parte de la misma familia humana.\n\nLa tolerancia es el mínimo. La comprensión es el objetivo. El amor es el ideal. No amor romántico, sino reconocer la humanidad compartida en cada persona, incluso en aquellos con quienes profundamente discrepamos.','En lo esencial, unidad; en lo dudoso, libertad; en todo, caridad.','San Agustín','¿A quién \"toleras\" pero no comprendes? ¿Qué te impide intentar entender su perspectiva?','¿En qué áreas eres intolerante? ¿Son principios no negociables o prejuicios sin examinar?','¿Cómo puedes construir puentes en lugar de muros, incluso con personas muy diferentes a ti?','','','Ten una conversación genuina con alguien que piense muy diferente a ti. No para convencer, sino para entender. Escucha más de lo que hablas.','social','fa-hands','#FF9800',0,'2025-10-23 18:10:15.289000','2025-10-23 18:10:15.289000');
/*!40000 ALTER TABLE `diario_reflexionguiadatema` ENABLE KEYS */;
UNLOCK TABLES;

--
-- Table structure for table `diario_reflexionlibre`
--

DROP TABLE IF EXISTS `diario_reflexionlibre`;
/*!40101 SET @saved_cs_client     = @@character_set_client */;
/*!50503 SET character_set_client = utf8mb4 */;
CREATE TABLE `diario_reflexionlibre` (
  `id` bigint NOT NULL AUTO_INCREMENT,
  `fecha` datetime(6) NOT NULL,
  `fecha_modificacion` datetime(6) NOT NULL,
  `titulo` varchar(200) COLLATE utf8mb4_unicode_ci NOT NULL,
  `contenido` longtext COLLATE utf8mb4_unicode_ci NOT NULL,
  `etiquetas` varchar(500) COLLATE utf8mb4_unicode_ci NOT NULL,
  `tipo` varchar(20) COLLATE utf8mb4_unicode_ci NOT NULL,
  `estado_animo_post` int DEFAULT NULL,
  `es_privada` tinyint(1) NOT NULL,
  `favorita` tinyint(1) NOT NULL,
  `reflexion_guiada_id` bigint DEFAULT NULL,
  `usuario_id` int NOT NULL,
  PRIMARY KEY (`id`),
  KEY `diario_reflexionlibr_reflexion_guiada_id_7caae008_fk_diario_re` (`reflexion_guiada_id`),
  KEY `diario_reflexionlibre_usuario_id_d1c589bc_fk_auth_user_id` (`usuario_id`),
  CONSTRAINT `diario_reflexionlibr_reflexion_guiada_id_7caae008_fk_diario_re` FOREIGN KEY (`reflexion_guiada_id`) REFERENCES `diario_reflexionguiadatema` (`id`),
  CONSTRAINT `diario_reflexionlibre_usuario_id_d1c589bc_fk_auth_user_id` FOREIGN KEY (`usuario_id`) REFERENCES `auth_user` (`id`)
) ENGINE=InnoDB AUTO_INCREMENT=2 DEFAULT CHARSET=utf8mb4 COLLATE=utf8mb4_unicode_ci;
/*!40101 SET character_set_client = @saved_cs_client */;

--
-- Dumping data for table `diario_reflexionlibre`
--

LOCK TABLES `diario_reflexionlibre` WRITE;
/*!40000 ALTER TABLE `diario_reflexionlibre` DISABLE KEYS */;
INSERT INTO `diario_reflexionlibre` VALUES (1,'2025-10-25 07:05:26.455000','2025-10-25 07:05:26.456000','Alimentar el Cuerpo, Nutrir el Alma','1- no recuerdo la ultima vez que Cami con pera concierta, normalmente estamos pensado en lo que hacer despues damos por redo que la comida va a estar siempre di 1us1 que la matáramos quiera.i..\r\n\r\n2- diría que la relación comidaloso si es saludable lal meros,\r\nNo supone un eun objetivo queso algo de lo que disfruta r\r\n\r\n3, NN.soy encestede tener la comida ameno, mes podría necesitar.','','guiada',3,1,0,21,3);
/*!40000 ALTER TABLE `diario_reflexionlibre` ENABLE KEYS */;
UNLOCK TABLES;

--
-- Table structure for table `diario_revisionsemanal`
--

DROP TABLE IF EXISTS `diario_revisionsemanal`;
/*!40101 SET @saved_cs_client     = @@character_set_client */;
/*!50503 SET character_set_client = utf8mb4 */;
CREATE TABLE `diario_revisionsemanal` (
  `id` bigint NOT NULL AUTO_INCREMENT,
  `logro_principal` longtext COLLATE utf8mb4_unicode_ci NOT NULL,
  `obstaculo_principal` longtext COLLATE utf8mb4_unicode_ci NOT NULL,
  `aprendizaje_principal` longtext COLLATE utf8mb4_unicode_ci NOT NULL,
  `fecha_creacion` datetime(6) NOT NULL,
  `semana_id` bigint NOT NULL,
  `usuario_id` int NOT NULL,
  PRIMARY KEY (`id`),
  UNIQUE KEY `semana_id` (`semana_id`),
  KEY `diario_revisionsemanal_usuario_id_665319d9_fk_auth_user_id` (`usuario_id`),
  CONSTRAINT `diario_revisionseman_semana_id_7eb42094_fk_diario_pr` FOREIGN KEY (`semana_id`) REFERENCES `diario_prosochesemana` (`id`),
  CONSTRAINT `diario_revisionsemanal_usuario_id_665319d9_fk_auth_user_id` FOREIGN KEY (`usuario_id`) REFERENCES `auth_user` (`id`)
) ENGINE=InnoDB AUTO_INCREMENT=8 DEFAULT CHARSET=utf8mb4 COLLATE=utf8mb4_unicode_ci;
/*!40101 SET character_set_client = @saved_cs_client */;

--
-- Dumping data for table `diario_revisionsemanal`
--

LOCK TABLES `diario_revisionsemanal` WRITE;
/*!40000 ALTER TABLE `diario_revisionsemanal` DISABLE KEYS */;
INSERT INTO `diario_revisionsemanal` VALUES (1,'','','','2025-10-19 14:56:16.475000',1,3),(2,'','','','2025-10-30 20:38:08.165000',3,3),(3,' - mantener la rutina del jyn y alimentaria','Saber ver',' - ','2025-11-03 18:42:15.722000',4,3),(4,'','','','2026-01-03 15:27:36.098000',8,3),(5,' - conseguí entrenar más serio. Aumente el peso corporal y tome decisiones difíciles pero respetando lo que sentía ','Vuelvo a dudar que hacer en determinados momentos, la elegir que hacer porque es lo normal  la de elegir lo que me hace sentir bien ','Debo respetar más lo que siento  - ','2026-01-05 06:04:20.226000',9,3),(6,'','','','2026-02-08 20:37:52.926000',11,3),(7,'','','','2026-02-09 20:32:31.430000',12,3);
/*!40000 ALTER TABLE `diario_revisionsemanal` ENABLE KEYS */;
UNLOCK TABLES;

--
-- Table structure for table `diario_seguimientovires`
--

DROP TABLE IF EXISTS `diario_seguimientovires`;
/*!40101 SET @saved_cs_client     = @@character_set_client */;
/*!50503 SET character_set_client = utf8mb4 */;
CREATE TABLE `diario_seguimientovires` (
  `id` bigint NOT NULL AUTO_INCREMENT,
  `fecha` date NOT NULL,
  `peso` decimal(5,2) DEFAULT NULL,
  `grasa_corporal` decimal(4,1) DEFAULT NULL,
  `masa_muscular` decimal(4,1) DEFAULT NULL,
  `agua_corporal` decimal(4,1) DEFAULT NULL,
  `entrenamiento_realizado` tinyint(1) NOT NULL,
  `descripcion_entrenamiento` longtext COLLATE utf8mb4_unicode_ci,
  `alimentacion_saludable` tinyint(1) NOT NULL,
  `hidratacion_adecuada` tinyint(1) NOT NULL,
  `descanso_suficiente` tinyint(1) NOT NULL,
  `notas` longtext COLLATE utf8mb4_unicode_ci,
  `usuario_id` int NOT NULL,
  `calidad_sueno` int DEFAULT NULL,
  `horas_sueno` decimal(4,2) DEFAULT NULL,
  `nivel_energia` int DEFAULT NULL,
  `nivel_estres` int DEFAULT NULL,
  `pasos` int unsigned DEFAULT NULL,
  PRIMARY KEY (`id`),
  UNIQUE KEY `diario_seguimientovires_usuario_id_fecha_cc23e8f4_uniq` (`usuario_id`,`fecha`),
  CONSTRAINT `diario_seguimientovires_usuario_id_8686f0b9_fk_auth_user_id` FOREIGN KEY (`usuario_id`) REFERENCES `auth_user` (`id`),
  CONSTRAINT `diario_seguimientovires_chk_1` CHECK ((`pasos` >= 0))
) ENGINE=InnoDB AUTO_INCREMENT=21 DEFAULT CHARSET=utf8mb4 COLLATE=utf8mb4_unicode_ci;
/*!40101 SET character_set_client = @saved_cs_client */;

--
-- Dumping data for table `diario_seguimientovires`
--

LOCK TABLES `diario_seguimientovires` WRITE;
/*!40000 ALTER TABLE `diario_seguimientovires` DISABLE KEYS */;
INSERT INTO `diario_seguimientovires` VALUES (1,'2025-10-18',84.00,NULL,NULL,NULL,1,NULL,0,0,1,'',3,NULL,NULL,NULL,NULL,NULL),(2,'2025-10-19',84.40,NULL,NULL,NULL,1,NULL,1,1,1,'',3,NULL,NULL,NULL,NULL,NULL),(3,'2025-10-20',85.10,NULL,NULL,NULL,0,NULL,0,0,1,'',3,4,7.00,4,2,NULL),(4,'2025-10-21',75.30,NULL,NULL,NULL,0,NULL,0,0,1,'',3,NULL,NULL,NULL,NULL,NULL),(5,'2025-10-22',85.10,NULL,NULL,NULL,0,NULL,1,0,1,'',3,NULL,7.00,NULL,NULL,NULL),(6,'2025-10-23',84.40,NULL,NULL,NULL,0,NULL,0,0,0,'',3,NULL,NULL,NULL,NULL,NULL),(7,'2025-10-24',85.10,NULL,NULL,NULL,0,NULL,0,0,1,'',3,NULL,NULL,NULL,NULL,NULL),(8,'2025-10-25',84.80,NULL,NULL,NULL,0,NULL,0,0,1,'',3,4,8.00,4,NULL,NULL),(9,'2025-10-26',84.80,NULL,NULL,NULL,1,NULL,0,0,1,'',3,4,7.00,4,1,NULL),(10,'2025-10-28',85.00,NULL,NULL,NULL,1,NULL,1,0,1,'',3,5,7.00,5,1,NULL),(11,'2025-11-02',85.50,NULL,NULL,NULL,0,NULL,1,1,1,'',3,NULL,NULL,NULL,NULL,NULL),(12,'2025-11-03',85.50,NULL,NULL,NULL,0,NULL,0,0,1,'',3,NULL,NULL,NULL,NULL,NULL),(13,'2025-11-09',86.00,NULL,NULL,NULL,0,NULL,0,0,1,'',3,NULL,NULL,NULL,NULL,NULL),(14,'2025-12-23',86.00,NULL,NULL,NULL,1,NULL,0,0,1,'',3,3,8.00,4,2,NULL),(15,'2025-12-24',86.00,NULL,NULL,NULL,0,NULL,0,0,0,'',3,4,9.00,5,1,NULL),(16,'2026-01-02',87.00,NULL,NULL,NULL,0,NULL,0,0,0,'',3,5,9.00,5,2,NULL),(17,'2026-01-03',86.50,NULL,NULL,NULL,1,NULL,0,0,1,'',3,4,9.00,4,1,NULL),(18,'2026-01-05',87.50,NULL,NULL,NULL,0,NULL,0,0,0,'',3,4,8.00,5,2,NULL),(19,'2026-01-06',70.00,NULL,NULL,NULL,0,NULL,0,0,0,'',3,4,8.00,4,1,NULL),(20,'2026-02-09',77.30,NULL,NULL,NULL,0,NULL,0,0,0,'',3,5,8.00,5,3,NULL);
/*!40000 ALTER TABLE `diario_seguimientovires` ENABLE KEYS */;
UNLOCK TABLES;

--
-- Table structure for table `diario_triggerhabito`
--

DROP TABLE IF EXISTS `diario_triggerhabito`;
/*!40101 SET @saved_cs_client     = @@character_set_client */;
/*!50503 SET character_set_client = utf8mb4 */;
CREATE TABLE `diario_triggerhabito` (
  `id` bigint NOT NULL AUTO_INCREMENT,
  `fecha` date NOT NULL,
  `hora` time(6) NOT NULL,
  `emocion_previa` varchar(20) COLLATE utf8mb4_unicode_ci NOT NULL,
  `situacion` longtext COLLATE utf8mb4_unicode_ci NOT NULL,
  `personas_presentes` longtext COLLATE utf8mb4_unicode_ci NOT NULL,
  `intensidad_deseo` int NOT NULL,
  `cediste` tinyint(1) NOT NULL,
  `estrategia_usada` longtext COLLATE utf8mb4_unicode_ci NOT NULL,
  `aprendizaje` longtext COLLATE utf8mb4_unicode_ci NOT NULL,
  `fecha_creacion` datetime(6) NOT NULL,
  `habito_id` bigint NOT NULL,
  PRIMARY KEY (`id`),
  KEY `diario_triggerhabito_habito_id_b517cbcb_fk_diario_pr` (`habito_id`),
  CONSTRAINT `diario_triggerhabito_habito_id_b517cbcb_fk_diario_pr` FOREIGN KEY (`habito_id`) REFERENCES `diario_prosochehabito` (`id`)
) ENGINE=InnoDB AUTO_INCREMENT=2 DEFAULT CHARSET=utf8mb4 COLLATE=utf8mb4_unicode_ci;
/*!40101 SET character_set_client = @saved_cs_client */;

--
-- Dumping data for table `diario_triggerhabito`
--

LOCK TABLES `diario_triggerhabito` WRITE;
/*!40000 ALTER TABLE `diario_triggerhabito` DISABLE KEYS */;
INSERT INTO `diario_triggerhabito` VALUES (1,'2026-02-07','17:59:07.000000','soledad','Solo','Nadie',8,1,'','A posteriori la recompensa no fué tan satisfactoria','2026-02-08 18:00:11.591000',26);
/*!40000 ALTER TABLE `diario_triggerhabito` ENABLE KEYS */;
UNLOCK TABLES;

--
-- Table structure for table `diario_trimestreeudaimonia`
--

DROP TABLE IF EXISTS `diario_trimestreeudaimonia`;
/*!40101 SET @saved_cs_client     = @@character_set_client */;
/*!50503 SET character_set_client = utf8mb4 */;
CREATE TABLE `diario_trimestreeudaimonia` (
  `id` bigint NOT NULL AUTO_INCREMENT,
  `trimestre` varchar(20) COLLATE utf8mb4_unicode_ci NOT NULL,
  `año` int NOT NULL,
  `estado` varchar(12) COLLATE utf8mb4_unicode_ci NOT NULL,
  `objetivos` longtext COLLATE utf8mb4_unicode_ci,
  `plan_accion` longtext COLLATE utf8mb4_unicode_ci,
  `fecha_inicio` date NOT NULL,
  `fecha_fin` date NOT NULL,
  `resultados` longtext COLLATE utf8mb4_unicode_ci,
  `eudaimonia_id` bigint NOT NULL,
  PRIMARY KEY (`id`),
  UNIQUE KEY `diario_trimestreeudaimon_eudaimonia_id_trimestre__65903dbe_uniq` (`eudaimonia_id`,`trimestre`,`año`),
  CONSTRAINT `diario_trimestreeuda_eudaimonia_id_7255a285_fk_diario_eu` FOREIGN KEY (`eudaimonia_id`) REFERENCES `diario_eudaimonia` (`id`)
) ENGINE=InnoDB DEFAULT CHARSET=utf8mb4 COLLATE=utf8mb4_unicode_ci;
/*!40101 SET character_set_client = @saved_cs_client */;

--
-- Dumping data for table `diario_trimestreeudaimonia`
--

LOCK TABLES `diario_trimestreeudaimonia` WRITE;
/*!40000 ALTER TABLE `diario_trimestreeudaimonia` DISABLE KEYS */;
/*!40000 ALTER TABLE `diario_trimestreeudaimonia` ENABLE KEYS */;
UNLOCK TABLES;

--
-- Table structure for table `diario_virtud`
--

DROP TABLE IF EXISTS `diario_virtud`;
/*!40101 SET @saved_cs_client     = @@character_set_client */;
/*!50503 SET character_set_client = utf8mb4 */;
CREATE TABLE `diario_virtud` (
  `id` bigint NOT NULL AUTO_INCREMENT,
  `tipo` varchar(20) COLLATE utf8mb4_unicode_ci NOT NULL,
  `puntos` int NOT NULL,
  `nivel` varchar(20) COLLATE utf8mb4_unicode_ci NOT NULL,
  `fecha_creacion` datetime(6) NOT NULL,
  `fecha_ultimo_nivel` datetime(6) NOT NULL,
  `usuario_id` int NOT NULL,
  PRIMARY KEY (`id`),
  UNIQUE KEY `diario_virtud_usuario_id_tipo_7d293b58_uniq` (`usuario_id`,`tipo`),
  CONSTRAINT `diario_virtud_usuario_id_4eeff115_fk_auth_user_id` FOREIGN KEY (`usuario_id`) REFERENCES `auth_user` (`id`)
) ENGINE=InnoDB AUTO_INCREMENT=2 DEFAULT CHARSET=utf8mb4 COLLATE=utf8mb4_unicode_ci;
/*!40101 SET character_set_client = @saved_cs_client */;

--
-- Dumping data for table `diario_virtud`
--

LOCK TABLES `diario_virtud` WRITE;
/*!40000 ALTER TABLE `diario_virtud` DISABLE KEYS */;
INSERT INTO `diario_virtud` VALUES (1,'sabiduria',10,'aprendiz','2025-10-25 07:05:26.557000','2025-10-25 07:05:26.588000',3);
/*!40000 ALTER TABLE `diario_virtud` ENABLE KEYS */;
UNLOCK TABLES;

--
-- Table structure for table `django_admin_log`
--

DROP TABLE IF EXISTS `django_admin_log`;
/*!40101 SET @saved_cs_client     = @@character_set_client */;
/*!50503 SET character_set_client = utf8mb4 */;
CREATE TABLE `django_admin_log` (
  `id` int NOT NULL AUTO_INCREMENT,
  `action_time` datetime(6) NOT NULL,
  `object_id` longtext COLLATE utf8mb4_unicode_ci,
  `object_repr` varchar(200) COLLATE utf8mb4_unicode_ci NOT NULL,
  `action_flag` smallint unsigned NOT NULL,
  `change_message` longtext COLLATE utf8mb4_unicode_ci NOT NULL,
  `content_type_id` int DEFAULT NULL,
  `user_id` int NOT NULL,
  PRIMARY KEY (`id`),
  KEY `django_admin_log_content_type_id_c4bce8eb_fk_django_co` (`content_type_id`),
  KEY `django_admin_log_user_id_c564eba6_fk_auth_user_id` (`user_id`),
  CONSTRAINT `django_admin_log_content_type_id_c4bce8eb_fk_django_co` FOREIGN KEY (`content_type_id`) REFERENCES `django_content_type` (`id`),
  CONSTRAINT `django_admin_log_user_id_c564eba6_fk_auth_user_id` FOREIGN KEY (`user_id`) REFERENCES `auth_user` (`id`),
  CONSTRAINT `django_admin_log_chk_1` CHECK ((`action_flag` >= 0))
) ENGINE=InnoDB AUTO_INCREMENT=352 DEFAULT CHARSET=utf8mb4 COLLATE=utf8mb4_unicode_ci;
/*!40101 SET character_set_client = @saved_cs_client */;

--
-- Dumping data for table `django_admin_log`
--

LOCK TABLES `django_admin_log` WRITE;
/*!40000 ALTER TABLE `django_admin_log` DISABLE KEYS */;
INSERT INTO `django_admin_log` VALUES (1,'2025-08-27 17:54:02.518000','15','diego - Plus Ultra!',3,'',59,1),(2,'2025-08-27 17:54:02.518000','14','diego - One For All',3,'',59,1),(3,'2025-08-27 17:54:02.518000','13','diego - El Símbolo de la Paz',3,'',59,1),(4,'2025-08-27 17:54:02.518000','12','diego - Ya Estás Muerto',3,'',59,1),(5,'2025-08-27 17:54:02.518000','11','diego - Los Puntos Vitales',3,'',59,1),(6,'2025-08-27 17:54:02.518000','10','diego - Hokuto Shinken',3,'',59,1),(7,'2025-08-27 17:54:02.518000','9','diego - Perdido pero Determinado',3,'',59,1),(8,'2025-08-27 17:54:02.518000','8','diego - Las Tres Espadas',3,'',59,1),(9,'2025-08-27 17:54:02.518000','7','diego - El Camino del Espadachín',3,'',59,1),(10,'2025-08-27 17:54:02.518000','6','diego - Las Puertas del Esfuerzo',3,'',59,1),(11,'2025-08-27 17:54:02.518000','5','diego - La Llama de la Juventud',3,'',59,1),(12,'2025-08-27 17:54:02.518000','4','diego - Entrenamiento de Pesas',3,'',59,1),(13,'2025-08-27 17:54:02.518000','3','diego - La Rutina Diaria',3,'',59,1),(14,'2025-08-27 17:54:02.518000','2','diego - El Primer Puñetazo',3,'',59,1),(15,'2025-08-27 17:54:02.518000','1','diego - 100 Flexiones',3,'',59,1),(16,'2025-08-27 17:54:58.530000','1','Perfil de diego - El Aspirante Calvo',2,'[{\"changed\": {\"fields\": [\"Puntos totales\", \"Arquetipo Actual\"]}}]',55,1),(17,'2025-08-28 20:11:26.438000','8','Nivel 8: El Puño de la Estrella del Norte',2,'[{\"changed\": {\"fields\": [\"Imagen url\"]}}]',52,1),(18,'2025-08-29 17:07:28.946000','9','Nivel 9: El Alquimista de Acero',2,'[{\"changed\": {\"fields\": [\"Imagen url\"]}}]',52,1),(19,'2025-08-29 17:21:16.346000','10','Nivel 10: El Alma de Acero',2,'[{\"changed\": {\"fields\": [\"Imagen url\"]}}]',52,1),(20,'2025-08-29 18:44:47.435000','10','Nivel 10: El Alma de Acero',2,'[{\"changed\": {\"fields\": [\"Imagen url\"]}}]',52,1),(21,'2025-08-30 08:15:01.444000','11','Nivel 11: El Medio Demonio',2,'[{\"changed\": {\"fields\": [\"Imagen url\"]}}]',52,1),(22,'2025-08-30 08:16:17.070000','1','Nivel 1: El Aspirante Calvo',2,'[{\"changed\": {\"fields\": [\"Imagen url\"]}}]',52,1),(23,'2025-08-30 08:17:42.335000','2','Nivel 2: El Genio del Esfuerzo',2,'[{\"changed\": {\"fields\": [\"Imagen url\"]}}]',52,1),(24,'2025-08-30 08:21:57.660000','3','Nivel 3: El Guerrero Humano',2,'[{\"changed\": {\"fields\": [\"Imagen url\"]}}]',52,1),(25,'2025-08-30 08:22:11.735000','92','diego - 50 puntos - 30/08/2025',3,'',58,1),(26,'2025-08-30 08:22:11.735000','91','diego - 50 puntos - 30/08/2025',3,'',58,1),(27,'2025-08-30 08:22:11.735000','90','diego - 50 puntos - 30/08/2025',3,'',58,1),(28,'2025-08-30 08:22:11.735000','89','diego - 50 puntos - 30/08/2025',3,'',58,1),(29,'2025-08-30 08:22:11.735000','88','diego - 50 puntos - 30/08/2025',3,'',58,1),(30,'2025-08-30 08:22:11.735000','87','diego - 50 puntos - 30/08/2025',3,'',58,1),(31,'2025-08-30 08:22:11.735000','86','diego - 50 puntos - 30/08/2025',3,'',58,1),(32,'2025-08-30 08:22:11.735000','85','diego - 50 puntos - 29/08/2025',3,'',58,1),(33,'2025-08-30 08:22:11.735000','84','diego - 50 puntos - 29/08/2025',3,'',58,1),(34,'2025-08-30 08:22:11.735000','83','diego - 50 puntos - 29/08/2025',3,'',58,1),(35,'2025-08-30 08:22:11.735000','82','diego - 50 puntos - 29/08/2025',3,'',58,1),(36,'2025-08-30 08:22:11.735000','81','diego - 50 puntos - 29/08/2025',3,'',58,1),(37,'2025-08-30 08:22:11.735000','80','diego - 50 puntos - 29/08/2025',3,'',58,1),(38,'2025-08-30 08:22:11.735000','79','diego - 50 puntos - 29/08/2025',3,'',58,1),(39,'2025-08-30 08:22:11.735000','78','diego - 50 puntos - 28/08/2025',3,'',58,1),(40,'2025-08-30 08:22:11.735000','77','diego - 50 puntos - 28/08/2025',3,'',58,1),(41,'2025-08-30 08:22:11.735000','76','diego - 50 puntos - 28/08/2025',3,'',58,1),(42,'2025-08-30 08:22:11.735000','75','diego - 50 puntos - 28/08/2025',3,'',58,1),(43,'2025-08-30 08:22:11.735000','74','diego - 50 puntos - 28/08/2025',3,'',58,1),(44,'2025-08-30 08:22:11.735000','73','diego - 50 puntos - 28/08/2025',3,'',58,1),(45,'2025-08-30 08:22:11.735000','72','diego - 50 puntos - 28/08/2025',3,'',58,1),(46,'2025-08-30 08:22:11.735000','71','diego - 50 puntos - 28/08/2025',3,'',58,1),(47,'2025-08-30 08:22:11.735000','70','diego - 50 puntos - 28/08/2025',3,'',58,1),(48,'2025-08-30 08:22:11.735000','69','diego - 50 puntos - 28/08/2025',3,'',58,1),(49,'2025-08-30 08:22:11.736000','68','diego - 50 puntos - 28/08/2025',3,'',58,1),(50,'2025-08-30 08:22:11.736000','67','diego - 50 puntos - 27/08/2025',3,'',58,1),(51,'2025-08-30 08:22:11.736000','66','diego - 50 puntos - 27/08/2025',3,'',58,1),(52,'2025-08-30 08:22:11.736000','65','diego - 50 puntos - 27/08/2025',3,'',58,1),(53,'2025-08-30 08:22:11.736000','64','diego - 50 puntos - 27/08/2025',3,'',58,1),(54,'2025-08-30 08:22:11.736000','63','diego - 50 puntos - 27/08/2025',3,'',58,1),(55,'2025-08-30 08:22:11.736000','62','diego - 50 puntos - 27/08/2025',3,'',58,1),(56,'2025-08-30 08:22:11.736000','61','diego - 50 puntos - 27/08/2025',3,'',58,1),(57,'2025-08-30 08:22:11.736000','60','diego - 50 puntos - 27/08/2025',3,'',58,1),(58,'2025-08-30 08:22:11.736000','59','diego - 50 puntos - 27/08/2025',3,'',58,1),(59,'2025-08-30 08:22:11.736000','58','diego - 50 puntos - 27/08/2025',3,'',58,1),(60,'2025-08-30 08:22:11.736000','57','diego - 50 puntos - 27/08/2025',3,'',58,1),(61,'2025-08-30 08:22:11.736000','56','diego - 61 puntos - 27/08/2025',3,'',58,1),(62,'2025-08-30 08:22:11.736000','55','diego - 50 puntos - 27/08/2025',3,'',58,1),(63,'2025-08-30 08:22:11.736000','54','diego - 50 puntos - 27/08/2025',3,'',58,1),(64,'2025-08-30 08:22:11.736000','53','diego - 50 puntos - 27/08/2025',3,'',58,1),(65,'2025-08-30 08:22:11.736000','52','diego - 50 puntos - 27/08/2025',3,'',58,1),(66,'2025-08-30 08:22:11.736000','51','diego - 50 puntos - 27/08/2025',3,'',58,1),(67,'2025-08-30 08:22:11.736000','50','diego - 50 puntos - 27/08/2025',3,'',58,1),(68,'2025-08-30 08:22:11.736000','49','diego - 50 puntos - 27/08/2025',3,'',58,1),(69,'2025-08-30 08:22:11.736000','48','diego - 50 puntos - 27/08/2025',3,'',58,1),(70,'2025-08-30 08:22:11.736000','47','diego - 50 puntos - 27/08/2025',3,'',58,1),(71,'2025-08-30 08:22:11.736000','46','diego - 50 puntos - 27/08/2025',3,'',58,1),(72,'2025-08-30 08:22:11.736000','45','diego - 62 puntos - 27/08/2025',3,'',58,1),(73,'2025-08-30 08:22:11.736000','44','diego - 62 puntos - 27/08/2025',3,'',58,1),(74,'2025-08-30 08:22:11.736000','43','diego - 62 puntos - 27/08/2025',3,'',58,1),(75,'2025-08-30 08:22:11.736000','42','diego - 72 puntos - 27/08/2025',3,'',58,1),(76,'2025-08-30 08:22:11.736000','41','diego - 54 puntos - 27/08/2025',3,'',58,1),(77,'2025-08-30 08:22:11.736000','40','diego - 80 puntos - 27/08/2025',3,'',58,1),(78,'2025-08-30 08:22:11.736000','39','diego - 80 puntos - 27/08/2025',3,'',58,1),(79,'2025-08-30 08:22:11.736000','38','diego - 72 puntos - 27/08/2025',3,'',58,1),(80,'2025-08-30 08:22:11.736000','37','diego - 80 puntos - 27/08/2025',3,'',58,1),(81,'2025-08-30 08:22:11.736000','36','diego - 61 puntos - 27/08/2025',3,'',58,1),(82,'2025-08-30 08:22:11.736000','35','diego - 51 puntos - 27/08/2025',3,'',58,1),(83,'2025-08-30 08:22:11.736000','34','diego - 55 puntos - 27/08/2025',3,'',58,1),(84,'2025-08-30 08:22:11.736000','33','diego - 50 puntos - 27/08/2025',3,'',58,1),(85,'2025-08-30 08:22:11.736000','32','diego - 59 puntos - 27/08/2025',3,'',58,1),(86,'2025-08-30 08:22:11.736000','31','diego - 80 puntos - 26/08/2025',3,'',58,1),(87,'2025-08-30 08:22:11.736000','30','diego - 56 puntos - 26/08/2025',3,'',58,1),(88,'2025-08-30 08:22:11.736000','29','diego - 61 puntos - 26/08/2025',3,'',58,1),(89,'2025-08-30 08:22:11.736000','28','diego - 62 puntos - 26/08/2025',3,'',58,1),(90,'2025-08-30 08:22:11.736000','27','diego - 62 puntos - 26/08/2025',3,'',58,1),(91,'2025-08-30 08:22:11.736000','26','diego - 80 puntos - 26/08/2025',3,'',58,1),(92,'2025-08-30 08:22:11.737000','25','diego - 54 puntos - 26/08/2025',3,'',58,1),(93,'2025-08-30 08:22:11.737000','24','diego - 80 puntos - 26/08/2025',3,'',58,1),(94,'2025-08-30 08:22:11.737000','23','diego - 80 puntos - 26/08/2025',3,'',58,1),(95,'2025-08-30 08:22:11.737000','22','diego - 55 puntos - 26/08/2025',3,'',58,1),(96,'2025-08-30 08:22:11.737000','21','diego - 61 puntos - 26/08/2025',3,'',58,1),(97,'2025-08-30 08:22:11.737000','20','diego - 51 puntos - 26/08/2025',3,'',58,1),(98,'2025-08-30 08:22:11.737000','19','diego - 55 puntos - 26/08/2025',3,'',58,1),(99,'2025-08-30 08:22:11.737000','18','diego - 61 puntos - 26/08/2025',3,'',58,1),(100,'2025-08-30 08:22:11.737000','17','diego - 54 puntos - 26/08/2025',3,'',58,1),(101,'2025-08-30 08:22:11.737000','16','diego - 51 puntos - 26/08/2025',3,'',58,1),(102,'2025-08-30 08:22:11.737000','15','diego - 51 puntos - 26/08/2025',3,'',58,1),(103,'2025-08-30 08:22:11.737000','14','diego - 52 puntos - 26/08/2025',3,'',58,1),(104,'2025-08-30 08:22:11.737000','13','diego - 53 puntos - 26/08/2025',3,'',58,1),(105,'2025-08-30 08:22:11.737000','12','diego - 52 puntos - 26/08/2025',3,'',58,1),(106,'2025-08-30 08:22:11.737000','11','diego - 55 puntos - 26/08/2025',3,'',58,1),(107,'2025-08-30 08:22:11.737000','10','diego - 62 puntos - 25/08/2025',3,'',58,1),(108,'2025-08-30 08:22:11.737000','9','diego - 80 puntos - 25/08/2025',3,'',58,1),(109,'2025-08-30 08:22:11.737000','8','diego - 62 puntos - 25/08/2025',3,'',58,1),(110,'2025-08-30 08:22:11.737000','7','diego - 80 puntos - 25/08/2025',3,'',58,1),(111,'2025-08-30 08:22:11.737000','6','diego - 62 puntos - 25/08/2025',3,'',58,1),(112,'2025-08-30 08:22:11.737000','5','diego - 60 puntos - 25/08/2025',3,'',58,1),(113,'2025-08-30 08:22:11.737000','4','diego - 51 puntos - 25/08/2025',3,'',58,1),(114,'2025-08-30 08:22:11.737000','3','diego - 51 puntos - 25/08/2025',3,'',58,1),(115,'2025-08-30 08:22:11.737000','2','diego - 50 puntos - 25/08/2025',3,'',58,1),(116,'2025-08-30 08:22:11.737000','1','diego - 50 puntos - 25/08/2025',3,'',58,1),(117,'2025-08-30 08:22:30.331000','25','diego - ¡Ascensión Épica!',3,'',56,1),(118,'2025-08-30 08:22:30.331000','24','diego - ¡Prueba Legendaria Completada!',3,'',56,1),(119,'2025-08-30 08:22:30.331000','23','diego - ¡Ascensión Épica!',3,'',56,1),(120,'2025-08-30 08:22:30.331000','22','diego - ¡Ascensión Épica!',3,'',56,1),(121,'2025-08-30 08:22:30.331000','21','diego - ¡Ascensión Épica!',3,'',56,1),(122,'2025-08-30 08:22:30.331000','20','diego - ¡Ascensión Épica!',3,'',56,1),(123,'2025-08-30 08:22:30.331000','19','diego - ¡Ascensión Épica!',3,'',56,1),(124,'2025-08-30 08:22:30.331000','18','diego - ¡Ascensión Épica!',3,'',56,1),(125,'2025-08-30 08:22:30.331000','17','diego - ¡Ascensión Épica!',3,'',56,1),(126,'2025-08-30 08:22:30.331000','16','diego - ¡Ascensión Épica!',3,'',56,1),(127,'2025-08-30 08:22:30.331000','15','diego - ¡Ascensión Épica!',3,'',56,1),(128,'2025-08-30 08:22:30.331000','14','diego - ¡Prueba Legendaria Completada!',3,'',56,1),(129,'2025-08-30 08:22:30.331000','13','diego - ¡Ascensión Épica!',3,'',56,1),(130,'2025-08-30 08:22:30.331000','12','diego - ¡Ascensión Épica!',3,'',56,1),(131,'2025-08-30 08:22:30.332000','11','diego - ¡Ascensión Épica!',3,'',56,1),(132,'2025-08-30 08:22:30.332000','10','diego - ¡Ascensión Épica!',3,'',56,1),(133,'2025-08-30 08:22:30.332000','9','diego - ¡Ascensión Épica!',3,'',56,1),(134,'2025-08-30 08:22:30.332000','8','diego - ¡Ascensión Épica!',3,'',56,1),(135,'2025-08-30 08:22:30.332000','7','diego - ¡Ascensión Épica!',3,'',56,1),(136,'2025-08-30 08:22:30.332000','6','diego - ¡Ascensión Épica!',3,'',56,1),(137,'2025-08-30 08:22:30.332000','5','diego - ¡Ascensión Épica!',3,'',56,1),(138,'2025-08-30 08:22:30.332000','4','diego - ¡Ascensión Épica!',3,'',56,1),(139,'2025-08-30 08:22:30.332000','3','diego - ¡Ascensión Épica!',3,'',56,1),(140,'2025-08-30 08:22:30.332000','2','diego - ¡Ascensión Épica!',3,'',56,1),(141,'2025-08-30 08:22:30.332000','1','diego - ¡Prueba Legendaria Completada!',3,'',56,1),(142,'2025-08-30 08:22:45.593000','1','Perfil de diego - El Medio Demonio',3,'',55,1),(143,'2025-08-30 15:08:37.305000','3','david',2,'[]',4,1),(144,'2025-08-30 15:23:20.553000','3','david',3,'',4,1),(145,'2025-08-30 15:30:01.613000','4','david',1,'[{\"added\": {}}]',4,1),(146,'2025-08-31 07:27:12.599000','99','david - Avanzado - Día 1 - Hipertrofia_Final (2025-08-25)',3,'',30,1),(147,'2025-08-31 07:27:12.599000','101','david - Avanzado - Día 2 - Descarga (2025-08-19)',3,'',30,1),(148,'2025-08-31 07:27:12.599000','100','david - Avanzado - Día 1 - Descarga (2025-08-18)',3,'',30,1),(149,'2025-08-31 07:27:12.599000','102','david - Avanzado - Día 5 - Descarga (2025-08-01)',3,'',30,1),(150,'2025-08-31 07:27:42.873000','101','david - 51 puntos - 31/08/2025',3,'',58,1),(151,'2025-08-31 07:27:42.873000','100','david - 51 puntos - 31/08/2025',3,'',58,1),(152,'2025-08-31 07:27:42.873000','99','david - 50 puntos - 31/08/2025',3,'',58,1),(153,'2025-08-31 07:27:42.873000','98','david - 53 puntos - 31/08/2025',3,'',58,1),(154,'2025-08-31 07:27:42.873000','97','david - 53 puntos - 30/08/2025',3,'',58,1),(155,'2025-08-31 07:27:42.873000','96','david - 50 puntos - 30/08/2025',3,'',58,1),(156,'2025-08-31 07:27:42.873000','95','david - 55 puntos - 30/08/2025',3,'',58,1),(157,'2025-08-31 07:28:09.751000','3','Perfil de david - El Aspirante Calvo',3,'',55,1),(158,'2025-08-31 07:31:08.900000','97','david - Avanzado - Día 5 - Hipertrofia_Final (2025-08-29)',3,'',30,1),(159,'2025-08-31 07:31:08.900000','98','david - Avanzado - Día 3 - Hipertrofia_Final (2025-08-27)',3,'',30,1),(160,'2025-09-04 18:41:51.307000','131','david - Avanzado - Día 1 - Hipertrofia_Final (2025-09-29)',3,'',30,1),(161,'2025-09-04 18:41:51.307000','140','david - Avanzado - Día 3 - Hipertrofia_Final (2025-09-24)',3,'',30,1),(162,'2025-09-04 18:41:51.307000','138','david - Avanzado - Día 3 - Hipertrofia_Final (2025-09-24)',3,'',30,1),(163,'2025-09-04 18:41:51.307000','137','david - Avanzado - Día 3 - Hipertrofia_Final (2025-09-10)',3,'',30,1),(164,'2025-09-04 18:41:51.307000','135','david - Avanzado - Día 3 - Hipertrofia_Final (2025-09-10)',3,'',30,1),(165,'2025-09-04 18:41:51.307000','132','david - Avanzado - Día 1 - Hipertrofia_Final (2025-09-08)',3,'',30,1),(166,'2025-09-04 18:41:51.307000','141','david - Avanzado - Día 4 - Hipertrofia_Final (2025-09-04)',3,'',30,1),(167,'2025-09-04 18:41:51.307000','139','david - Avanzado - Día 3 - Hipertrofia_Final (2025-09-03)',3,'',30,1),(168,'2025-09-04 18:41:51.307000','136','david - Avanzado - Día 3 - Hipertrofia_Final (2025-09-03)',3,'',30,1),(169,'2025-09-04 18:41:51.307000','134','david - Avanzado - Día 3 - Hipertrofia_Final (2025-09-03)',3,'',30,1),(170,'2025-09-04 18:41:51.307000','119','david - Avanzado - Día 3 - Hipertrofia_Final (2025-09-03)',3,'',30,1),(171,'2025-09-04 18:41:51.307000','118','david - Avanzado - Día 3 - Hipertrofia_Final (2025-09-03)',3,'',30,1),(172,'2025-09-04 18:41:51.307000','117','david - Avanzado - Día 3 - Hipertrofia_Final (2025-09-03)',3,'',30,1),(173,'2025-09-04 18:41:51.307000','116','david - Avanzado - Día 3 - Hipertrofia_Final (2025-09-03)',3,'',30,1),(174,'2025-09-04 18:41:51.307000','115','david - Avanzado - Día 3 - Hipertrofia_Final (2025-09-03)',3,'',30,1),(175,'2025-09-04 18:41:51.307000','114','david - Avanzado - Día 3 - Hipertrofia_Final (2025-09-03)',3,'',30,1),(176,'2025-09-04 18:41:51.307000','113','david - Avanzado - Día 3 - Hipertrofia_Final (2025-09-03)',3,'',30,1),(177,'2025-09-04 18:41:51.307000','112','david - Avanzado - Día 3 - Hipertrofia_Final (2025-09-03)',3,'',30,1),(178,'2025-09-04 18:41:51.307000','111','david - Avanzado - Día 3 - Hipertrofia_Final (2025-09-03)',3,'',30,1),(179,'2025-09-04 18:41:51.307000','110','david - Avanzado - Día 3 - Hipertrofia_Final (2025-09-03)',3,'',30,1),(180,'2025-09-04 18:41:51.307000','109','david - Avanzado - Día 3 - Hipertrofia_Final (2025-09-03)',3,'',30,1),(181,'2025-09-04 18:41:51.307000','108','david - Avanzado - Día 3 - Hipertrofia_Final (2025-09-03)',3,'',30,1),(182,'2025-09-04 18:41:51.307000','107','david - Avanzado - Día 3 - Hipertrofia_Final (2025-09-03)',3,'',30,1),(183,'2025-09-04 18:41:51.307000','133','david - Avanzado - Día 1 - Hipertrofia_Final (2025-09-01)',3,'',30,1),(184,'2025-09-04 18:41:51.308000','130','david - Avanzado - Día 1 - Hipertrofia_Final (2025-09-01)',3,'',30,1),(185,'2025-09-04 18:41:51.308000','129','david - Avanzado - Día 1 - Hipertrofia_Final (2025-09-01)',3,'',30,1),(186,'2025-09-04 18:41:51.308000','128','david - Avanzado - Día 1 - Hipertrofia_Final (2025-09-01)',3,'',30,1),(187,'2025-09-04 18:41:51.308000','127','david - Avanzado - Día 1 - Hipertrofia_Final (2025-09-01)',3,'',30,1),(188,'2025-09-04 18:41:51.308000','126','david - Avanzado - Día 1 - Hipertrofia_Final (2025-09-01)',3,'',30,1),(189,'2025-09-04 18:41:51.308000','125','david - Avanzado - Día 1 - Hipertrofia_Final (2025-09-01)',3,'',30,1),(190,'2025-09-04 18:41:51.308000','124','david - Avanzado - Día 1 - Hipertrofia_Final (2025-09-01)',3,'',30,1),(191,'2025-09-04 18:41:51.308000','123','david - Avanzado - Día 1 - Hipertrofia_Final (2025-09-01)',3,'',30,1),(192,'2025-09-04 18:41:51.308000','122','david - Avanzado - Día 1 - Hipertrofia_Final (2025-09-01)',3,'',30,1),(193,'2025-09-04 18:41:51.308000','121','david - Avanzado - Día 1 - Hipertrofia_Final (2025-09-01)',3,'',30,1),(194,'2025-09-04 18:41:51.308000','120','david - Avanzado - Día 1 - Hipertrofia_Final (2025-09-01)',3,'',30,1),(195,'2025-09-04 18:42:38.922000','141','david - 51 puntos - 04/09/2025',3,'',58,1),(196,'2025-09-04 18:42:38.922000','140','david - 51 puntos - 04/09/2025',3,'',58,1),(197,'2025-09-04 18:42:38.922000','139','david - 51 puntos - 04/09/2025',3,'',58,1),(198,'2025-09-04 18:42:38.923000','138','david - 50 puntos - 04/09/2025',3,'',58,1),(199,'2025-09-04 18:42:38.923000','137','david - 51 puntos - 04/09/2025',3,'',58,1),(200,'2025-09-04 18:42:38.923000','136','david - 51 puntos - 04/09/2025',3,'',58,1),(201,'2025-09-04 18:42:38.923000','135','david - 56 puntos - 04/09/2025',3,'',58,1),(202,'2025-09-04 18:42:38.923000','134','david - 51 puntos - 04/09/2025',3,'',58,1),(203,'2025-09-04 18:42:38.923000','133','david - 59 puntos - 04/09/2025',3,'',58,1),(204,'2025-09-04 18:42:38.923000','132','david - 58 puntos - 04/09/2025',3,'',58,1),(205,'2025-09-04 18:42:38.923000','131','david - 58 puntos - 04/09/2025',3,'',58,1),(206,'2025-09-04 18:42:38.923000','130','david - 50 puntos - 04/09/2025',3,'',58,1),(207,'2025-09-04 18:42:38.923000','129','david - 50 puntos - 04/09/2025',3,'',58,1),(208,'2025-09-04 18:42:38.923000','128','david - 50 puntos - 04/09/2025',3,'',58,1),(209,'2025-09-04 18:42:38.923000','127','david - 50 puntos - 04/09/2025',3,'',58,1),(210,'2025-09-04 18:42:38.923000','126','david - 50 puntos - 04/09/2025',3,'',58,1),(211,'2025-09-04 18:42:38.923000','125','david - 50 puntos - 04/09/2025',3,'',58,1),(212,'2025-09-04 18:42:38.923000','124','david - 50 puntos - 04/09/2025',3,'',58,1),(213,'2025-09-04 18:42:38.923000','123','david - 51 puntos - 04/09/2025',3,'',58,1),(214,'2025-09-04 18:42:38.923000','122','david - 50 puntos - 04/09/2025',3,'',58,1),(215,'2025-09-04 18:42:38.923000','121','david - 50 puntos - 04/09/2025',3,'',58,1),(216,'2025-09-04 18:42:38.923000','120','david - 50 puntos - 04/09/2025',3,'',58,1),(217,'2025-09-04 18:42:38.923000','119','david - 50 puntos - 03/09/2025',3,'',58,1),(218,'2025-09-04 18:42:38.923000','118','david - 50 puntos - 03/09/2025',3,'',58,1),(219,'2025-09-04 18:42:38.923000','117','david - 50 puntos - 03/09/2025',3,'',58,1),(220,'2025-09-04 18:42:38.923000','116','david - 52 puntos - 03/09/2025',3,'',58,1),(221,'2025-09-04 18:42:38.923000','115','david - 51 puntos - 03/09/2025',3,'',58,1),(222,'2025-09-04 18:42:38.923000','114','david - 50 puntos - 03/09/2025',3,'',58,1),(223,'2025-09-04 18:42:38.923000','113','david - 51 puntos - 03/09/2025',3,'',58,1),(224,'2025-09-04 18:42:38.923000','112','david - 51 puntos - 03/09/2025',3,'',58,1),(225,'2025-09-04 18:42:38.923000','111','david - 50 puntos - 03/09/2025',3,'',58,1),(226,'2025-09-04 18:42:38.923000','110','david - 50 puntos - 03/09/2025',3,'',58,1),(227,'2025-09-04 18:42:38.923000','109','david - 61 puntos - 03/09/2025',3,'',58,1),(228,'2025-09-04 18:42:38.923000','108','david - 50 puntos - 03/09/2025',3,'',58,1),(229,'2025-09-04 18:42:38.923000','107','david - 55 puntos - 03/09/2025',3,'',58,1),(230,'2025-09-04 18:42:38.923000','106','david - 56 puntos - 03/09/2025',3,'',58,1),(231,'2025-09-04 18:42:38.923000','105','david - 55 puntos - 31/08/2025',3,'',58,1),(232,'2025-09-04 18:42:38.923000','104','david - 55 puntos - 31/08/2025',3,'',58,1),(233,'2025-09-04 18:42:38.923000','103','david - 50 puntos - 31/08/2025',3,'',58,1),(234,'2025-09-04 18:42:38.923000','102','david - 53 puntos - 31/08/2025',3,'',58,1),(235,'2025-09-04 18:43:01.822000','35','david - ¡Ascensión Épica!',3,'',56,1),(236,'2025-09-04 18:43:01.822000','34','david - ¡Ascensión Épica!',3,'',56,1),(237,'2025-09-04 18:43:01.822000','33','david - ¡Ascensión Épica!',3,'',56,1),(238,'2025-09-04 18:43:01.822000','32','david - ¡Ascensión Épica!',3,'',56,1),(239,'2025-09-04 18:43:01.822000','31','david - ¡Ascensión Épica!',3,'',56,1),(240,'2025-09-04 18:43:01.822000','30','david - ¡Ascensión Épica!',3,'',56,1),(241,'2025-09-04 18:43:01.822000','29','david - ¡Ascensión Épica!',3,'',56,1),(242,'2025-09-04 18:43:01.822000','28','david - ¡Prueba Legendaria Completada!',3,'',56,1),(243,'2025-09-04 18:43:17.904000','4','Perfil de david - El Puño de la Estrella del Norte',3,'',55,1),(244,'2025-09-06 15:59:03.164000','4','Nivel 4: El Lobo del Desierto',2,'[{\"changed\": {\"fields\": [\"Imagen url\"]}}]',52,1),(245,'2025-09-06 16:00:40.400000','5','Nivel 5: El Guerrero de Tres Ojos',2,'[{\"changed\": {\"fields\": [\"Imagen url\"]}}]',52,1),(246,'2025-09-06 16:02:01.911000','6','Nivel 6: El Espadachín Perdido',2,'[{\"changed\": {\"fields\": [\"Imagen url\"]}}]',52,1),(247,'2025-09-06 16:03:41.225000','7','Nivel 7: El Cocinero de Pierna Negra',2,'[{\"changed\": {\"fields\": [\"Imagen url\"]}}]',52,1),(248,'2025-09-06 16:06:36.770000','12','Nivel 12: El Señor Demonio',2,'[{\"changed\": {\"fields\": [\"Imagen url\"]}}]',52,1),(249,'2025-09-06 16:07:34.992000','13','Nivel 13: El Detective Espiritual',2,'[{\"changed\": {\"fields\": [\"Imagen url\"]}}]',52,1),(250,'2025-09-06 16:08:45.003000','14','Nivel 14: El Demonio de las Llamas',2,'[{\"changed\": {\"fields\": [\"Imagen url\"]}}]',52,1),(251,'2025-09-06 16:10:35.289000','15','Nivel 15: El Zorro Demonio',2,'[{\"changed\": {\"fields\": [\"Imagen url\"]}}]',52,1),(252,'2025-09-06 16:12:20.552000','16','Nivel 16: El Shinigami Sustituto',2,'[{\"changed\": {\"fields\": [\"Imagen url\"]}}]',52,1),(253,'2025-09-06 16:13:50.251000','17','Nivel 17: La Shinigami de Hielo',2,'[{\"changed\": {\"fields\": [\"Imagen url\"]}}]',52,1),(254,'2025-09-06 16:13:53.708000','17','Nivel 17: La Shinigami de Hielo',2,'[]',52,1),(255,'2025-09-06 16:17:15.389000','18','Nivel 18: El Noble de los Pétalos',2,'[{\"changed\": {\"fields\": [\"Imagen url\"]}}]',52,1),(256,'2025-09-07 05:52:05.543000','19','Nivel 19: El Cruzado Estelar',2,'[{\"changed\": {\"fields\": [\"Imagen url\"]}}]',52,1),(257,'2025-09-07 05:53:55.184000','20','Nivel 20: El Vampiro del Tiempo',2,'[{\"changed\": {\"fields\": [\"Imagen url\"]}}]',52,1),(258,'2025-09-07 05:54:43.604000','21','Nivel 21: El Dragon Slayer de Fuego',2,'[{\"changed\": {\"fields\": [\"Imagen url\"]}}]',52,1),(259,'2025-09-07 05:54:48.244000','21','Nivel 21: El Dragon Slayer de Fuego',2,'[]',52,1),(260,'2025-09-07 05:55:30.972000','22','Nivel 22: La Reina de las Hadas',2,'[{\"changed\": {\"fields\": [\"Imagen url\"]}}]',52,1),(261,'2025-09-07 05:56:07.210000','23','Nivel 23: El Mago de Hielo',2,'[{\"changed\": {\"fields\": [\"Imagen url\"]}}]',52,1),(262,'2025-09-07 05:57:00.511000','24','Nivel 24: El Dragon Slayer del Rayo',2,'[{\"changed\": {\"fields\": [\"Imagen url\"]}}]',52,1),(263,'2025-09-07 05:57:40.139000','25','Nivel 25: El Kazekage de Arena',2,'[{\"changed\": {\"fields\": [\"Imagen url\"]}}]',52,1),(264,'2025-09-07 06:01:48.185000','26','Nivel 26: El Ninja Copia',2,'[{\"changed\": {\"fields\": [\"Imagen url\"]}}]',52,1),(265,'2025-09-07 06:04:54.661000','27','Nivel 27: La Bestia Verde',2,'[{\"changed\": {\"fields\": [\"Imagen url\"]}}]',52,1),(266,'2025-09-07 06:05:30.646000','28','Nivel 28: El Sabio Pervertido',2,'[{\"changed\": {\"fields\": [\"Imagen url\"]}}]',52,1),(267,'2025-09-07 06:07:03.297000','29','Nivel 29: La Serpiente Sannin',2,'[{\"changed\": {\"fields\": [\"Imagen url\"]}}]',52,1),(268,'2025-09-07 06:09:15.071000','30','Nivel 30: La Princesa Babosa',2,'[{\"changed\": {\"fields\": [\"Imagen url\"]}}]',52,1),(269,'2025-09-07 06:14:06.231000','31','Nivel 31: El Símbolo de la Paz',2,'[{\"changed\": {\"fields\": [\"Imagen url\"]}}]',52,1),(270,'2025-09-07 06:14:40.499000','32','Nivel 32: El Héroe de Fuego',2,'[{\"changed\": {\"fields\": [\"Imagen url\"]}}]',52,1),(271,'2025-09-07 06:15:31.631000','33','Nivel 33: El Heredero Dividido',2,'[{\"changed\": {\"fields\": [\"Imagen url\"]}}]',52,1),(272,'2025-09-07 06:17:40.815000','34','Nivel 34: El Ogro Más Fuerte',2,'[{\"changed\": {\"fields\": [\"Imagen url\"]}}]',52,1),(273,'2025-09-07 06:18:18.341000','35','Nivel 35: El Campeón Joven',2,'[{\"changed\": {\"fields\": [\"Imagen url\"]}}]',52,1),(274,'2025-09-07 08:57:18.218000','36','Nivel 36: El Rey de los Caballeros',2,'[{\"changed\": {\"fields\": [\"Imagen url\"]}}]',52,1),(275,'2025-09-07 08:57:50.292000','37','Nivel 37: El Rey de los Héroes',2,'[{\"changed\": {\"fields\": [\"Imagen url\"]}}]',52,1),(276,'2025-09-07 08:58:16.208000','38','Nivel 38: El León del Orgullo',2,'[{\"changed\": {\"fields\": [\"Imagen url\"]}}]',52,1),(277,'2025-09-07 08:58:48.385000','39','Nivel 39: El Capitán de los Pecados',2,'[{\"changed\": {\"fields\": [\"Imagen url\"]}}]',52,1),(278,'2025-09-07 08:59:23.807000','40','Nivel 40: El Zorro de la Codicia',2,'[{\"changed\": {\"fields\": [\"Imagen url\"]}}]',52,1),(279,'2025-09-07 08:59:49.645000','41','Nivel 41: El Pequeño Guerrero',2,'[{\"changed\": {\"fields\": [\"Imagen url\"]}}]',52,1),(280,'2025-09-07 09:02:25.679000','42','Nivel 42: El Príncipe Orgulloso',2,'[{\"changed\": {\"fields\": [\"Imagen url\"]}}]',52,1),(281,'2025-09-07 09:03:25.539000','43','Nivel 43: El Demonio Redentor',2,'[{\"changed\": {\"fields\": [\"Imagen url\"]}}]',52,1),(282,'2025-09-07 09:04:09.134000','44','Nivel 44: El Guerrero Académico',2,'[{\"changed\": {\"fields\": [\"Imagen url\"]}}]',52,1),(283,'2025-09-07 09:04:49.915000','45','Nivel 45: El Super Saiyan Legendario',2,'[{\"changed\": {\"fields\": [\"Imagen url\"]}}]',52,1),(284,'2025-09-07 09:08:27.848000','46','Nivel 46: El Emperador del Universo',2,'[{\"changed\": {\"fields\": [\"Imagen url\"]}}]',52,1),(285,'2025-09-07 09:09:49.630000','47','Nivel 47: La Perfección Artificial',2,'[{\"changed\": {\"fields\": [\"Imagen url\"]}}]',52,1),(286,'2025-09-07 09:11:30.455000','45','Nivel 45: El Super Saiyan Legendario',2,'[{\"changed\": {\"fields\": [\"Imagen url\"]}}]',52,1),(287,'2025-09-07 09:12:17.126000','48','Nivel 48: El Joven Legendario',2,'[{\"changed\": {\"fields\": [\"Imagen url\"]}}]',52,1),(288,'2025-09-07 09:13:03.788000','49','Nivel 49: La Destrucción Inocente',2,'[{\"changed\": {\"fields\": [\"Imagen url\"]}}]',52,1),(289,'2025-09-07 09:14:55.398000','50','Nivel 50: El Guerrero Sin Límites',2,'[{\"changed\": {\"fields\": [\"Imagen url\"]}}]',52,1),(290,'2025-09-07 09:15:48.293000','51','Nivel 51: El Genio Trágico',2,'[{\"changed\": {\"fields\": [\"Imagen url\"]}}]',52,1),(291,'2025-09-07 09:16:15.936000','52','Nivel 52: El Rayo Amarillo',2,'[{\"changed\": {\"fields\": [\"Imagen url\"]}}]',52,1),(292,'2025-09-09 17:15:47.508000','30','Nivel 30: La Princesa Babosa',2,'[{\"changed\": {\"fields\": [\"Imagen url\"]}}]',52,1),(293,'2025-09-09 17:16:43.589000','53','Nivel 53: El Dios de los Shinobi',2,'[{\"changed\": {\"fields\": [\"Imagen url\"]}}]',52,1),(294,'2025-09-09 17:17:12.045000','54','Nivel 54: El Fantasma de los Uchiha',2,'[{\"changed\": {\"fields\": [\"Imagen url\"]}}]',52,1),(295,'2025-09-09 17:18:44.787000','55','Nivel 55: El Jinchūriki Perfecto',2,'[{\"changed\": {\"fields\": [\"Imagen url\"]}}]',52,1),(296,'2025-09-09 17:19:49.485000','56','Nivel 56: El Último Uchiha',2,'[{\"changed\": {\"fields\": [\"Imagen url\"]}}]',52,1),(297,'2025-09-09 17:21:07.385000','57','Nivel 57: El Sabio Falso',2,'[{\"changed\": {\"fields\": [\"Imagen url\"]}}]',52,1),(298,'2025-09-09 17:22:29.758000','58','Nivel 58: La Diosa Conejo',2,'[{\"changed\": {\"fields\": [\"Imagen url\"]}}]',52,1),(299,'2025-09-09 17:24:06.378000','59','Nivel 59: El Híbrido Definitivo',2,'[{\"changed\": {\"fields\": [\"Imagen url\"]}}]',52,1),(300,'2025-09-09 17:25:02.509000','60','Nivel 60: El Dios Autoproclamado',2,'[{\"changed\": {\"fields\": [\"Imagen url\"]}}]',52,1),(301,'2025-09-09 17:27:40.168000','61','Nivel 61: El Saiyan Divino',2,'[{\"changed\": {\"fields\": [\"Imagen url\"]}}]',52,1),(302,'2025-09-09 17:28:41.198000','62','Nivel 62: El Príncipe Azul',2,'[{\"changed\": {\"fields\": [\"Imagen url\"]}}]',52,1),(303,'2025-09-09 17:29:25.074000','63','Nivel 63: El Saiyan Legendario',2,'[{\"changed\": {\"fields\": [\"Imagen url\"]}}]',52,1),(304,'2025-09-09 17:30:39.905000','64','Nivel 64: El Guerrero de la Justicia',2,'[{\"changed\": {\"fields\": [\"Imagen url\"]}}]',52,1),(305,'2025-09-09 17:31:03.400000','65','Nivel 65: El Dios de la Destrucción',2,'[{\"changed\": {\"fields\": [\"Imagen url\"]}}]',52,1),(306,'2025-09-09 17:32:49.086000','66','Nivel 66: El Ángel Instructor',2,'[{\"changed\": {\"fields\": [\"Imagen url\"]}}]',52,1),(307,'2025-09-09 17:33:15.712000','67','Nivel 67: La Fusión Divina',2,'[{\"changed\": {\"fields\": [\"Imagen url\"]}}]',52,1),(308,'2025-09-09 17:34:47.235000','68','Nivel 68: El Guerrero Fusionado',2,'[{\"changed\": {\"fields\": [\"Imagen url\"]}}]',52,1),(309,'2025-09-09 17:36:41.644000','69','Nivel 69: El Devorador de Planetas',2,'[{\"changed\": {\"fields\": [\"Imagen url\"]}}]',52,1),(310,'2025-09-09 17:38:44.717000','70','Nivel 70: El Más Fuerte del Universo',2,'[{\"changed\": {\"fields\": [\"Imagen url\"]}}]',52,1),(311,'2025-09-09 17:39:55.101000','71','Nivel 71: La Guerrera de la Luna',2,'[{\"changed\": {\"fields\": [\"Imagen url\"]}}]',52,1),(312,'2025-09-09 17:41:49.119000','72','Nivel 72: El Caballero de Pegaso',2,'[{\"changed\": {\"fields\": [\"Imagen url\"]}}]',52,1),(313,'2025-09-09 19:36:39.265000','1','Nivel 1: El Aspirante Calvo',2,'[{\"changed\": {\"fields\": [\"Imagen url\"]}}]',52,1),(314,'2025-09-09 19:37:37.160000','2','Nivel 2: El Genio del Esfuerzo',2,'[{\"changed\": {\"fields\": [\"Imagen url\"]}}]',52,1),(315,'2025-09-09 19:38:59.104000','3','Nivel 3: El Guerrero Humano',2,'[{\"changed\": {\"fields\": [\"Imagen url\"]}}]',52,1),(316,'2025-09-09 19:39:55.424000','4','Nivel 4: El Lobo del Desierto',2,'[{\"changed\": {\"fields\": [\"Imagen url\"]}}]',52,1),(317,'2025-09-09 19:41:26.764000','5','Nivel 5: El Guerrero de Tres Ojos',2,'[{\"changed\": {\"fields\": [\"Imagen url\"]}}]',52,1),(318,'2025-09-09 19:42:38.444000','6','Nivel 6: El Espadachín Perdido',2,'[{\"changed\": {\"fields\": [\"Imagen url\"]}}]',52,1),(319,'2025-09-09 19:44:30.464000','8','Nivel 8: El Puño de la Estrella del Norte',2,'[{\"changed\": {\"fields\": [\"Imagen url\"]}}]',52,1),(320,'2025-09-09 19:46:18.293000','13','Nivel 13: El Detective Espiritual',2,'[{\"changed\": {\"fields\": [\"Imagen url\"]}}]',52,1),(321,'2025-09-21 10:01:37.892000','73','Nivel 73: El Caballero Dorado',2,'[{\"changed\": {\"fields\": [\"Imagen url\"]}}]',52,1),(322,'2025-09-21 10:03:13.263000','74','Nivel 74: El Hombre Más Cercano a Dios',2,'[{\"changed\": {\"fields\": [\"Imagen url\"]}}]',52,1),(323,'2025-09-21 10:04:41.980000','75','Nivel 75: La Diosa de la Guerra',2,'[{\"changed\": {\"fields\": [\"Imagen url\"]}}]',52,1),(324,'2025-09-21 10:07:20.208000','76','Nivel 76: El Señor del Inframundo',2,'[{\"changed\": {\"fields\": [\"Imagen url\"]}}]',52,1),(325,'2025-09-21 10:08:52.076000','77','Nivel 77: El Perforador de Cielos',2,'[{\"changed\": {\"fields\": [\"Imagen url\"]}}]',52,1),(326,'2025-09-21 10:10:05.978000','78','Nivel 78: La Negación de la Evolución',2,'[{\"changed\": {\"fields\": [\"Imagen url\"]}}]',52,1),(327,'2025-09-21 10:12:19.254000','79','Nivel 79: El Robot del Tamaño del Multiverso',2,'[{\"changed\": {\"fields\": [\"Imagen url\"]}}]',52,1),(328,'2025-09-21 10:13:35.494000','80','Nivel 80: La Evolución Conceptual',2,'[{\"changed\": {\"fields\": [\"Imagen url\"]}}]',52,1),(329,'2025-09-21 10:14:31.077000','81','Nivel 81: La Diosa de la Esperanza',2,'[{\"changed\": {\"fields\": [\"Imagen url\"]}}]',52,1),(330,'2025-09-21 10:15:00.046000','82','Nivel 82: El Demonio del Tiempo',2,'[{\"changed\": {\"fields\": [\"Imagen url\"]}}]',52,1),(331,'2025-09-21 16:27:44.069000','83','Nivel 83: La Diosa Inconsciente',2,'[{\"changed\": {\"fields\": [\"Imagen url\"]}}]',52,1),(332,'2025-09-21 16:30:05.416000','84','Nivel 84: La Verdad Universal',2,'[{\"changed\": {\"fields\": [\"Imagen url\"]}}]',52,1),(333,'2025-09-21 16:30:56.607000','85','Nivel 85: El Requiem Dorado',2,'[{\"changed\": {\"fields\": [\"Imagen url\"]}}]',52,1),(334,'2025-09-21 16:32:17.355000','86','Nivel 86: El Señor Demonio Slime',2,'[{\"changed\": {\"fields\": [\"Imagen url\"]}}]',52,1),(335,'2025-09-21 16:33:48.223000','87','Nivel 87: El Rey No-Muerto',2,'[{\"changed\": {\"fields\": [\"Imagen url\"]}}]',52,1),(336,'2025-09-21 16:34:45.157000','88','Nivel 88: El Héroe por Hobby',2,'[{\"changed\": {\"fields\": [\"Imagen url\"]}}]',52,1),(337,'2025-09-21 16:35:31.873000','89','Nivel 89: El Rey de Todo',2,'[{\"changed\": {\"fields\": [\"Imagen url\"]}}]',52,1),(338,'2025-09-21 16:36:47.011000','90','Nivel 90: El Gran Sacerdote',2,'[{\"changed\": {\"fields\": [\"Imagen url\"]}}]',52,1),(339,'2025-09-21 16:37:42.629000','91','Nivel 91: La Muerte Absoluta',2,'[{\"changed\": {\"fields\": [\"Imagen url\"]}}]',52,1),(340,'2025-09-21 16:38:27.406000','92','Nivel 92: El Dios Creador Original',2,'[{\"changed\": {\"fields\": [\"Imagen url\"]}}]',52,1),(341,'2025-09-21 16:39:59.328000','93','Nivel 93: El Rey Demonio Omnipotente',2,'[{\"changed\": {\"fields\": [\"Imagen url\"]}}]',52,1),(342,'2025-09-21 16:41:28.491000','94','Nivel 94: La Bruja Escritora',2,'[{\"changed\": {\"fields\": [\"Imagen url\"]}}]',52,1),(343,'2025-09-21 16:42:12.724000','95','Nivel 95: La Bruja de la Certeza Absoluta',2,'[{\"changed\": {\"fields\": [\"Imagen url\"]}}]',52,1),(344,'2025-09-21 16:43:28.571000','96','Nivel 96: La Bruja de los Milagros',2,'[{\"changed\": {\"fields\": [\"Imagen url\"]}}]',52,1),(345,'2025-09-21 16:44:03.866000','97','Nivel 97: El Ser Supremo',2,'[{\"changed\": {\"fields\": [\"Imagen url\"]}}]',52,1),(346,'2025-09-21 16:45:26.041000','98','Nivel 98: El Caos Absoluto',2,'[{\"changed\": {\"fields\": [\"Imagen url\"]}}]',52,1),(347,'2025-09-21 16:45:55.181000','99','Nivel 99: El Dios Ciego Idiota',2,'[{\"changed\": {\"fields\": [\"Imagen url\"]}}]',52,1),(348,'2025-09-29 07:18:14.235000','4','antonio',1,'[{\"added\": {}}]',4,1),(349,'2025-09-29 07:19:29.464000','4','antonio',3,'',4,1),(350,'2025-09-29 07:20:09.142000','5','antonio',1,'[{\"added\": {}}]',4,1),(351,'2026-01-18 13:04:07.799000','35','Flexión hacia adelante (Ragdoll)',2,'[{\"changed\": {\"fields\": [\"Imagen\"]}}]',121,1);
/*!40000 ALTER TABLE `django_admin_log` ENABLE KEYS */;
UNLOCK TABLES;

--
-- Table structure for table `django_celery_beat_clockedschedule`
--

DROP TABLE IF EXISTS `django_celery_beat_clockedschedule`;
/*!40101 SET @saved_cs_client     = @@character_set_client */;
/*!50503 SET character_set_client = utf8mb4 */;
CREATE TABLE `django_celery_beat_clockedschedule` (
  `id` int NOT NULL AUTO_INCREMENT,
  `clocked_time` datetime(6) NOT NULL,
  PRIMARY KEY (`id`)
) ENGINE=InnoDB DEFAULT CHARSET=utf8mb4 COLLATE=utf8mb4_unicode_ci;
/*!40101 SET character_set_client = @saved_cs_client */;

--
-- Dumping data for table `django_celery_beat_clockedschedule`
--

LOCK TABLES `django_celery_beat_clockedschedule` WRITE;
/*!40000 ALTER TABLE `django_celery_beat_clockedschedule` DISABLE KEYS */;
/*!40000 ALTER TABLE `django_celery_beat_clockedschedule` ENABLE KEYS */;
UNLOCK TABLES;

--
-- Table structure for table `django_celery_beat_crontabschedule`
--

DROP TABLE IF EXISTS `django_celery_beat_crontabschedule`;
/*!40101 SET @saved_cs_client     = @@character_set_client */;
/*!50503 SET character_set_client = utf8mb4 */;
CREATE TABLE `django_celery_beat_crontabschedule` (
  `id` int NOT NULL AUTO_INCREMENT,
  `minute` varchar(240) COLLATE utf8mb4_unicode_ci NOT NULL,
  `hour` varchar(96) COLLATE utf8mb4_unicode_ci NOT NULL,
  `day_of_week` varchar(64) COLLATE utf8mb4_unicode_ci NOT NULL,
  `day_of_month` varchar(124) COLLATE utf8mb4_unicode_ci NOT NULL,
  `month_of_year` varchar(64) COLLATE utf8mb4_unicode_ci NOT NULL,
  `timezone` varchar(63) COLLATE utf8mb4_unicode_ci NOT NULL,
  PRIMARY KEY (`id`)
) ENGINE=InnoDB DEFAULT CHARSET=utf8mb4 COLLATE=utf8mb4_unicode_ci;
/*!40101 SET character_set_client = @saved_cs_client */;

--
-- Dumping data for table `django_celery_beat_crontabschedule`
--

LOCK TABLES `django_celery_beat_crontabschedule` WRITE;
/*!40000 ALTER TABLE `django_celery_beat_crontabschedule` DISABLE KEYS */;
/*!40000 ALTER TABLE `django_celery_beat_crontabschedule` ENABLE KEYS */;
UNLOCK TABLES;

--
-- Table structure for table `django_celery_beat_intervalschedule`
--

DROP TABLE IF EXISTS `django_celery_beat_intervalschedule`;
/*!40101 SET @saved_cs_client     = @@character_set_client */;
/*!50503 SET character_set_client = utf8mb4 */;
CREATE TABLE `django_celery_beat_intervalschedule` (
  `id` int NOT NULL AUTO_INCREMENT,
  `every` int NOT NULL,
  `period` varchar(24) COLLATE utf8mb4_unicode_ci NOT NULL,
  PRIMARY KEY (`id`)
) ENGINE=InnoDB DEFAULT CHARSET=utf8mb4 COLLATE=utf8mb4_unicode_ci;
/*!40101 SET character_set_client = @saved_cs_client */;

--
-- Dumping data for table `django_celery_beat_intervalschedule`
--

LOCK TABLES `django_celery_beat_intervalschedule` WRITE;
/*!40000 ALTER TABLE `django_celery_beat_intervalschedule` DISABLE KEYS */;
/*!40000 ALTER TABLE `django_celery_beat_intervalschedule` ENABLE KEYS */;
UNLOCK TABLES;

--
-- Table structure for table `django_celery_beat_periodictask`
--

DROP TABLE IF EXISTS `django_celery_beat_periodictask`;
/*!40101 SET @saved_cs_client     = @@character_set_client */;
/*!50503 SET character_set_client = utf8mb4 */;
CREATE TABLE `django_celery_beat_periodictask` (
  `id` int NOT NULL AUTO_INCREMENT,
  `name` varchar(200) COLLATE utf8mb4_unicode_ci NOT NULL,
  `task` varchar(200) COLLATE utf8mb4_unicode_ci NOT NULL,
  `args` longtext COLLATE utf8mb4_unicode_ci NOT NULL,
  `kwargs` longtext COLLATE utf8mb4_unicode_ci NOT NULL,
  `queue` varchar(200) COLLATE utf8mb4_unicode_ci DEFAULT NULL,
  `exchange` varchar(200) COLLATE utf8mb4_unicode_ci DEFAULT NULL,
  `routing_key` varchar(200) COLLATE utf8mb4_unicode_ci DEFAULT NULL,
  `expires` datetime(6) DEFAULT NULL,
  `enabled` tinyint(1) NOT NULL,
  `last_run_at` datetime(6) DEFAULT NULL,
  `total_run_count` int unsigned NOT NULL,
  `date_changed` datetime(6) NOT NULL,
  `description` longtext COLLATE utf8mb4_unicode_ci NOT NULL,
  `crontab_id` int DEFAULT NULL,
  `interval_id` int DEFAULT NULL,
  `solar_id` int DEFAULT NULL,
  `one_off` tinyint(1) NOT NULL,
  `start_time` datetime(6) DEFAULT NULL,
  `priority` int unsigned DEFAULT NULL,
  `headers` longtext COLLATE utf8mb4_unicode_ci NOT NULL DEFAULT (_utf8mb4'{}'),
  `clocked_id` int DEFAULT NULL,
  `expire_seconds` int unsigned DEFAULT NULL,
  PRIMARY KEY (`id`),
  UNIQUE KEY `name` (`name`),
  KEY `django_celery_beat_p_crontab_id_d3cba168_fk_django_ce` (`crontab_id`),
  KEY `django_celery_beat_p_interval_id_a8ca27da_fk_django_ce` (`interval_id`),
  KEY `django_celery_beat_p_solar_id_a87ce72c_fk_django_ce` (`solar_id`),
  KEY `django_celery_beat_p_clocked_id_47a69f82_fk_django_ce` (`clocked_id`),
  CONSTRAINT `django_celery_beat_p_clocked_id_47a69f82_fk_django_ce` FOREIGN KEY (`clocked_id`) REFERENCES `django_celery_beat_clockedschedule` (`id`),
  CONSTRAINT `django_celery_beat_p_crontab_id_d3cba168_fk_django_ce` FOREIGN KEY (`crontab_id`) REFERENCES `django_celery_beat_crontabschedule` (`id`),
  CONSTRAINT `django_celery_beat_p_interval_id_a8ca27da_fk_django_ce` FOREIGN KEY (`interval_id`) REFERENCES `django_celery_beat_intervalschedule` (`id`),
  CONSTRAINT `django_celery_beat_p_solar_id_a87ce72c_fk_django_ce` FOREIGN KEY (`solar_id`) REFERENCES `django_celery_beat_solarschedule` (`id`),
  CONSTRAINT `django_celery_beat_periodictask_chk_1` CHECK ((`total_run_count` >= 0)),
  CONSTRAINT `django_celery_beat_periodictask_chk_2` CHECK ((`priority` >= 0)),
  CONSTRAINT `django_celery_beat_periodictask_chk_3` CHECK ((`expire_seconds` >= 0))
) ENGINE=InnoDB DEFAULT CHARSET=utf8mb4 COLLATE=utf8mb4_unicode_ci;
/*!40101 SET character_set_client = @saved_cs_client */;

--
-- Dumping data for table `django_celery_beat_periodictask`
--

LOCK TABLES `django_celery_beat_periodictask` WRITE;
/*!40000 ALTER TABLE `django_celery_beat_periodictask` DISABLE KEYS */;
/*!40000 ALTER TABLE `django_celery_beat_periodictask` ENABLE KEYS */;
UNLOCK TABLES;

--
-- Table structure for table `django_celery_beat_periodictasks`
--

DROP TABLE IF EXISTS `django_celery_beat_periodictasks`;
/*!40101 SET @saved_cs_client     = @@character_set_client */;
/*!50503 SET character_set_client = utf8mb4 */;
CREATE TABLE `django_celery_beat_periodictasks` (
  `ident` smallint NOT NULL,
  `last_update` datetime(6) NOT NULL,
  PRIMARY KEY (`ident`)
) ENGINE=InnoDB DEFAULT CHARSET=utf8mb4 COLLATE=utf8mb4_unicode_ci;
/*!40101 SET character_set_client = @saved_cs_client */;

--
-- Dumping data for table `django_celery_beat_periodictasks`
--

LOCK TABLES `django_celery_beat_periodictasks` WRITE;
/*!40000 ALTER TABLE `django_celery_beat_periodictasks` DISABLE KEYS */;
/*!40000 ALTER TABLE `django_celery_beat_periodictasks` ENABLE KEYS */;
UNLOCK TABLES;

--
-- Table structure for table `django_celery_beat_solarschedule`
--

DROP TABLE IF EXISTS `django_celery_beat_solarschedule`;
/*!40101 SET @saved_cs_client     = @@character_set_client */;
/*!50503 SET character_set_client = utf8mb4 */;
CREATE TABLE `django_celery_beat_solarschedule` (
  `id` int NOT NULL AUTO_INCREMENT,
  `event` varchar(24) COLLATE utf8mb4_unicode_ci NOT NULL,
  `latitude` decimal(9,6) NOT NULL,
  `longitude` decimal(9,6) NOT NULL,
  PRIMARY KEY (`id`),
  UNIQUE KEY `django_celery_beat_solar_event_latitude_longitude_ba64999a_uniq` (`event`,`latitude`,`longitude`)
) ENGINE=InnoDB DEFAULT CHARSET=utf8mb4 COLLATE=utf8mb4_unicode_ci;
/*!40101 SET character_set_client = @saved_cs_client */;

--
-- Dumping data for table `django_celery_beat_solarschedule`
--

LOCK TABLES `django_celery_beat_solarschedule` WRITE;
/*!40000 ALTER TABLE `django_celery_beat_solarschedule` DISABLE KEYS */;
/*!40000 ALTER TABLE `django_celery_beat_solarschedule` ENABLE KEYS */;
UNLOCK TABLES;

--
-- Table structure for table `django_content_type`
--

DROP TABLE IF EXISTS `django_content_type`;
/*!40101 SET @saved_cs_client     = @@character_set_client */;
/*!50503 SET character_set_client = utf8mb4 */;
CREATE TABLE `django_content_type` (
  `id` int NOT NULL AUTO_INCREMENT,
  `app_label` varchar(100) COLLATE utf8mb4_unicode_ci NOT NULL,
  `model` varchar(100) COLLATE utf8mb4_unicode_ci NOT NULL,
  PRIMARY KEY (`id`),
  UNIQUE KEY `django_content_type_app_label_model_76bd3d3b_uniq` (`app_label`,`model`)
) ENGINE=InnoDB AUTO_INCREMENT=137 DEFAULT CHARSET=utf8mb4 COLLATE=utf8mb4_unicode_ci;
/*!40101 SET character_set_client = @saved_cs_client */;

--
-- Dumping data for table `django_content_type`
--

LOCK TABLES `django_content_type` WRITE;
/*!40000 ALTER TABLE `django_content_type` DISABLE KEYS */;
INSERT INTO `django_content_type` VALUES (1,'admin','logentry'),(66,'analytics','analisisejercicio'),(67,'analytics','anotacionentrenamiento'),(68,'analytics','cacheanalisis'),(69,'analytics','comparativarendimiento'),(75,'analytics','historialfase'),(70,'analytics','metarendimiento'),(71,'analytics','metricarendimiento'),(72,'analytics','prediccionrendimiento'),(73,'analytics','recomendacionentrenamiento'),(74,'analytics','tendenciaprogresion'),(3,'auth','group'),(2,'auth','permission'),(4,'auth','user'),(7,'clientes','bitacoradiaria'),(18,'clientes','cliente'),(8,'clientes','estadosemanal'),(19,'clientes','fasecliente'),(9,'clientes','medida'),(10,'clientes','minireto'),(11,'clientes','objetivocliente'),(12,'clientes','objetivopeso'),(13,'clientes','pesodiario'),(14,'clientes','plannutricional'),(15,'clientes','revisionprogreso'),(16,'clientes','sugerenciaaceptada'),(17,'clientes','userprofile'),(5,'contenttypes','contenttype'),(97,'diario','areavida'),(103,'diario','ejercicioarete'),(104,'diario','entrenamientosemanal'),(98,'diario','eudaimonia'),(99,'diario','eventokairos'),(100,'diario','gnosis'),(114,'diario','insignia'),(118,'diario','insigniausuario'),(113,'diario','interaccion'),(112,'diario','personaimportante'),(105,'diario','planificaciondiaria'),(107,'diario','prosochediario'),(102,'diario','prosochehabito'),(106,'diario','prosochehabitodia'),(101,'diario','prosochemes'),(108,'diario','prosochesemana'),(116,'diario','rachaescritura'),(115,'diario','reflexionguiadatema'),(117,'diario','reflexionlibre'),(111,'diario','revisionsemanal'),(109,'diario','seguimientovires'),(120,'diario','triggerhabito'),(110,'diario','trimestreeudaimonia'),(119,'diario','virtud'),(88,'django_celery_beat','clockedschedule'),(83,'django_celery_beat','crontabschedule'),(84,'django_celery_beat','intervalschedule'),(85,'django_celery_beat','periodictask'),(86,'django_celery_beat','periodictasks'),(87,'django_celery_beat','solarschedule'),(45,'entrenos','clientelogroautomatico'),(35,'entrenos','datosliftindetallados'),(40,'entrenos','desafiosemanal'),(34,'entrenos','detalleejerciciorealizado'),(26,'entrenos','ejerciciobaseobsoleto'),(33,'entrenos','ejercicioliftin'),(32,'entrenos','ejercicioliftindetallado'),(31,'entrenos','ejerciciorealizado'),(30,'entrenos','entrenorealizado'),(27,'entrenos','estadoemocional'),(136,'entrenos','faseentrenamiento'),(28,'entrenos','grupomuscular'),(41,'entrenos','logroautomatico'),(36,'entrenos','logrodesbloqueado'),(39,'entrenos','planpersonalizado'),(37,'entrenos','programa'),(43,'entrenos','progresodesafio'),(44,'entrenos','recordpersonal'),(29,'entrenos','rutina'),(38,'entrenos','serierealizada'),(42,'entrenos','sesionentrenamiento'),(121,'estiramientos','estiramientoejercicio'),(123,'estiramientos','estiramientopaso'),(122,'estiramientos','estiramientoplan'),(78,'estoico','configuracionnotificacion'),(76,'estoico','contenidodiario'),(79,'estoico','estadisticausuario'),(77,'estoico','logroestoico'),(81,'estoico','logrousuario'),(80,'estoico','perfilestoico'),(82,'estoico','reflexiondiaria'),(129,'hyrox','dailyrecoveryentry'),(126,'hyrox','hyroxactivity'),(124,'hyrox','hyroxobjective'),(127,'hyrox','hyroxreadinesslog'),(125,'hyrox','hyroxsession'),(130,'hyrox','recoverytestlog'),(128,'hyrox','userinjury'),(46,'joi','entrenamiento'),(47,'joi','estadoemocional'),(48,'joi','eventologro'),(49,'joi','logro'),(50,'joi','motivacionusuario'),(51,'joi','recuerdoemocional'),(52,'logros','arquetipo'),(58,'logros','historialpuntos'),(61,'logros','liga'),(56,'logros','notificacion'),(55,'logros','perfilgamificacion'),(65,'logros','perfiltitulo'),(57,'logros','pruebalegendaria'),(59,'logros','pruebausuario'),(53,'logros','quest'),(60,'logros','questusuario'),(64,'logros','rankingentry'),(62,'logros','temporada'),(54,'logros','tipoquest'),(63,'logros','tituloespecial'),(95,'nutricion_app_django','calculonivel1'),(94,'nutricion_app_django','calculonivel2'),(93,'nutricion_app_django','configuracionnivel3'),(92,'nutricion_app_django','configuracionnivel4'),(91,'nutricion_app_django','configuracionnivel5'),(96,'nutricion_app_django','progresonivel'),(90,'nutricion_app_django','seguimientopeso'),(89,'nutricion_app_django','userprofile'),(22,'rutinas','asignacion'),(20,'rutinas','ejerciciobase'),(25,'rutinas','ejercicioenrutina'),(21,'rutinas','programa'),(23,'rutinas','rutina'),(24,'rutinas','rutinaejercicio'),(6,'sessions','session');
/*!40000 ALTER TABLE `django_content_type` ENABLE KEYS */;
UNLOCK TABLES;

--
-- Table structure for table `django_migrations`
--

DROP TABLE IF EXISTS `django_migrations`;
/*!40101 SET @saved_cs_client     = @@character_set_client */;
/*!50503 SET character_set_client = utf8mb4 */;
CREATE TABLE `django_migrations` (
  `id` bigint NOT NULL AUTO_INCREMENT,
  `app` varchar(255) COLLATE utf8mb4_unicode_ci NOT NULL,
  `name` varchar(255) COLLATE utf8mb4_unicode_ci NOT NULL,
  `applied` datetime(6) NOT NULL,
  PRIMARY KEY (`id`)
) ENGINE=InnoDB AUTO_INCREMENT=87 DEFAULT CHARSET=utf8mb4 COLLATE=utf8mb4_unicode_ci;
/*!40101 SET character_set_client = @saved_cs_client */;

--
-- Dumping data for table `django_migrations`
--

LOCK TABLES `django_migrations` WRITE;
/*!40000 ALTER TABLE `django_migrations` DISABLE KEYS */;
INSERT INTO `django_migrations` VALUES (1,'contenttypes','0001_initial','2026-03-28 07:51:03.179756'),(2,'auth','0001_initial','2026-03-28 07:51:04.111651'),(3,'admin','0001_initial','2026-03-28 07:51:04.338079'),(4,'admin','0002_logentry_remove_auto_add','2026-03-28 07:51:04.350956'),(5,'admin','0003_logentry_add_action_flag_choices','2026-03-28 07:51:04.367346'),(6,'nutricion_app_django','0001_initial','2026-03-28 07:51:05.381649'),(7,'clientes','0001_initial','2026-03-28 07:51:05.843447'),(8,'rutinas','0001_initial','2026-03-28 07:51:06.555327'),(9,'clientes','0002_initial','2026-03-28 07:51:07.803588'),(10,'clientes','0003_fasecliente','2026-03-28 07:51:07.926665'),(11,'analytics','0001_initial','2026-03-28 07:51:08.201104'),(12,'analytics','0002_initial','2026-03-28 07:51:09.417678'),(13,'analytics','0003_historialfase','2026-03-28 07:51:09.612612'),(14,'contenttypes','0002_remove_content_type_name','2026-03-28 07:51:09.730238'),(15,'auth','0002_alter_permission_name_max_length','2026-03-28 07:51:09.829491'),(16,'auth','0003_alter_user_email_max_length','2026-03-28 07:51:09.928134'),(17,'auth','0004_alter_user_username_opts','2026-03-28 07:51:09.942734'),(18,'auth','0005_alter_user_last_login_null','2026-03-28 07:51:10.025055'),(19,'auth','0006_require_contenttypes_0002','2026-03-28 07:51:10.029959'),(20,'auth','0007_alter_validators_add_error_messages','2026-03-28 07:51:10.044734'),(21,'auth','0008_alter_user_username_max_length','2026-03-28 07:51:10.145432'),(22,'auth','0009_alter_user_last_name_max_length','2026-03-28 07:51:10.275961'),(23,'auth','0010_alter_group_name_max_length','2026-03-28 07:51:10.347809'),(24,'auth','0011_update_proxy_permissions','2026-03-28 07:51:10.409431'),(25,'auth','0012_alter_user_first_name_max_length','2026-03-28 07:51:10.513656'),(26,'clientes','0004_add_performance_indexes','2026-03-28 07:51:10.590483'),(27,'diario','0001_initial','2026-03-28 07:51:13.050439'),(28,'diario','0002_remove_prosochediario_entrada_and_more','2026-03-28 07:51:13.504830'),(29,'diario','0003_seguimientovires_calidad_sueno_and_more','2026-03-28 07:51:13.722138'),(30,'diario','0004_revisionsemanal','2026-03-28 07:51:13.952051'),(31,'diario','0005_personaimportante_interaccion','2026-03-28 07:51:14.531548'),(32,'diario','0006_alter_prosochehabitodia_habito','2026-03-28 07:51:14.590251'),(33,'diario','0007_insignia_reflexionguiadatema_rachaescritura_and_more','2026-03-28 07:51:15.766861'),(34,'diario','0008_alter_trimestreeudaimonia_ano','2026-03-28 07:51:15.781985'),(35,'diario','0009_prosochehabito_fecha_inicio_and_more','2026-03-28 07:51:15.950058'),(36,'diario','0010_prosochehabito_anhelo_craving_and_more','2026-03-28 07:51:16.275634'),(37,'diario','0011_triggerhabito','2026-03-28 07:51:16.439250'),(38,'django_celery_beat','0001_initial','2026-03-28 07:51:16.765372'),(39,'django_celery_beat','0002_auto_20161118_0346','2026-03-28 07:51:16.913014'),(40,'django_celery_beat','0003_auto_20161209_0049','2026-03-28 07:51:16.955747'),(41,'django_celery_beat','0004_auto_20170221_0000','2026-03-28 07:51:16.963766'),(42,'django_celery_beat','0005_add_solarschedule_events_choices','2026-03-28 07:51:16.971573'),(43,'django_celery_beat','0006_auto_20180322_0932','2026-03-28 07:51:17.076761'),(44,'django_celery_beat','0007_auto_20180521_0826','2026-03-28 07:51:17.148634'),(45,'django_celery_beat','0008_auto_20180914_1922','2026-03-28 07:51:17.186763'),(46,'django_celery_beat','0006_auto_20180210_1226','2026-03-28 07:51:17.212517'),(47,'django_celery_beat','0006_periodictask_priority','2026-03-28 07:51:17.322643'),(48,'django_celery_beat','0009_periodictask_headers','2026-03-28 07:51:17.431458'),(49,'django_celery_beat','0010_auto_20190429_0326','2026-03-28 07:51:17.649350'),(50,'django_celery_beat','0011_auto_20190508_0153','2026-03-28 07:51:17.816025'),(51,'django_celery_beat','0012_periodictask_expire_seconds','2026-03-28 07:51:17.942102'),(52,'django_celery_beat','0013_auto_20200609_0727','2026-03-28 07:51:17.964683'),(53,'django_celery_beat','0014_remove_clockedschedule_enabled','2026-03-28 07:51:18.007614'),(54,'django_celery_beat','0015_edit_solarschedule_events_choices','2026-03-28 07:51:18.016455'),(55,'django_celery_beat','0016_alter_crontabschedule_timezone','2026-03-28 07:51:18.030277'),(56,'django_celery_beat','0017_alter_crontabschedule_month_of_year','2026-03-28 07:51:18.041823'),(57,'django_celery_beat','0018_improve_crontab_helptext','2026-03-28 07:51:18.054253'),(58,'django_celery_beat','0019_alter_periodictasks_options','2026-03-28 07:51:18.060755'),(59,'rutinas','0002_ejerciciobase_risk_tags','2026-03-28 07:51:18.144557'),(60,'rutinas','0003_ejerciciobase_tipo_progresion','2026-03-28 07:51:18.269758'),(61,'entrenos','0001_initial','2026-03-28 07:51:20.734262'),(62,'entrenos','0002_entrenorealizado_puntos_ganados_and_more','2026-03-28 07:51:21.456832'),(63,'entrenos','0003_serierealizada_rpe_real','2026-03-28 07:51:21.494801'),(64,'entrenos','0004_serierealizada_rpe_objetivo','2026-03-28 07:51:21.534677'),(65,'entrenos','0005_desafiosemanal_logroautomatico_and_more','2026-03-28 07:51:23.108197'),(66,'entrenos','0006_sesionentrenamiento_acwr','2026-03-28 07:51:23.154683'),(67,'entrenos','0007_ejerciciorealizado_is_recovery_load','2026-03-28 07:51:23.203688'),(68,'entrenos','0008_add_performance_indexes','2026-03-28 07:51:23.418966'),(69,'estiramientos','0001_initial','2026-03-28 07:51:23.793068'),(70,'estoico','0001_initial','2026-03-28 07:51:25.071459'),(71,'hyrox','0001_initial','2026-03-28 07:51:25.865861'),(72,'hyrox','0002_hyroxsession_feedback_ia','2026-03-28 07:51:25.954872'),(73,'hyrox','0003_hyroxreadinesslog','2026-03-28 07:51:26.250654'),(74,'hyrox','0004_hyroxsession_ai_evaluation_score_and_more','2026-03-28 07:51:26.315424'),(75,'hyrox','0005_hyroxobjective_lesiones_previas_and_more','2026-03-28 07:51:26.500983'),(76,'hyrox','0006_hyroxobjective_dias_preferidos','2026-03-28 07:51:26.646261'),(77,'hyrox','0007_hyroxsession_nivel_energia_pre','2026-03-28 07:51:26.746637'),(78,'hyrox','0008_hyroxsession_fatiga_updated_at','2026-03-28 07:51:26.791958'),(79,'hyrox','0009_userinjury_dailyrecoveryentry','2026-03-28 07:51:27.181687'),(80,'hyrox','0010_alter_dailyrecoveryentry_inflamacion_percibida_and_more','2026-03-28 07:51:27.287918'),(81,'hyrox','0011_alter_userinjury_fase_recoverytestlog','2026-03-28 07:51:27.721984'),(82,'hyrox','0012_remove_hyroxsession_feedback_ia_and_more','2026-03-28 07:51:27.806090'),(83,'joi','0001_initial','2026-03-28 07:51:29.196866'),(84,'logros','0001_initial','2026-03-28 07:51:33.068614'),(85,'logros','0002_liga_temporada_tituloespecial_rankingentry_and_more','2026-03-28 07:51:34.584514'),(86,'sessions','0001_initial','2026-03-28 07:51:34.723019');
/*!40000 ALTER TABLE `django_migrations` ENABLE KEYS */;
UNLOCK TABLES;

--
-- Table structure for table `django_session`
--

DROP TABLE IF EXISTS `django_session`;
/*!40101 SET @saved_cs_client     = @@character_set_client */;
/*!50503 SET character_set_client = utf8mb4 */;
CREATE TABLE `django_session` (
  `session_key` varchar(40) COLLATE utf8mb4_unicode_ci NOT NULL,
  `session_data` longtext COLLATE utf8mb4_unicode_ci NOT NULL,
  `expire_date` datetime(6) NOT NULL,
  PRIMARY KEY (`session_key`),
  KEY `django_session_expire_date_a5c62663` (`expire_date`)
) ENGINE=InnoDB DEFAULT CHARSET=utf8mb4 COLLATE=utf8mb4_unicode_ci;
/*!40101 SET character_set_client = @saved_cs_client */;

--
-- Dumping data for table `django_session`
--

LOCK TABLES `django_session` WRITE;
/*!40000 ALTER TABLE `django_session` DISABLE KEYS */;
INSERT INTO `django_session` VALUES ('loztpv4id8mqtgjmgnfkyvrn7zte4x5q','.eJztvX1v40a2r_tVCAMH8QByYIqSJeefC7ftTjJ7Oqdvd-Zk3-yz0ShLtM0OJTqU5B33YL77rSL1wjdRFFWkXvgAG3sShyK5iuvhqlVc61f_OntxxfiLGM-E-6V99sO_zgauY4-n9hdnePZDuxX-5xfP__Lgen_O7MnZD__1r7OxN3rw7bMfzn5yXmx_6nuPjjD-76x9aXaMm8FsNHPFwPm_s8vLR2t81jrzHr7aU-fVkz94Xv1A_ofhzJcHeuOzH3qts4k9EmMRXiD85y_j2ejL1JsK9-wH89-trD-3s_9sZf-5k_3nbvafr7L_3Pv3f8s7tycD33kJb_4sabMxtI1Xz52N7LEx8MaGIwd0PHGGYmiMvKHti6E4UydfjuOdPJ3wn4QcPTlQIj5mw_l_jA2YuWnA-unb_GQPZnL4I_cpgsstHt3ilt-M8GZ8ezgbOENvYgjX6F7-r_g9v5_Z_rflb9-JiR2_7cfgv8duurPppq-zh9y8XPP3NV5httPGyyEWvu-5rqeeTnhzxkgNhG3-5YxE8KACuyfGizx2KG-y6mdkWlU_pAxAfw6d8dEZ6Id0DWDmGsLMNYiZvTV_76_5-xq_aV9msKpGb-oZL7735NsTabHyhwihyg8Wg2y79qsYepU7Qtus2hE-etLAwcoLPtkTZfCD4zrf1vnBy_w3MVusjbaseSe317yU25207b_64kF89Qz7rxfXC55RhM7FK3RyIdxpDZS2u3ug9H7yYsuhz3k6EUq_2MHRCuntgG2vAbC9BsD2GgDbawC01ry4rTUvbivjxf1_5kO5eleH3mCPH9WMRP6v8eTPXuTQ-vY38SRxrd4lrMpf3PHoevMqxt_UrGHnCGuteUVba17R1hoPsTKmQe9zg-rA9gfqxpS55qcP1T-jymdAGdh-sKfiITy3G9K4htiROtBzk8R2N1q1hrTOGtI6a0jrrHlLdzI8-8aV8TI6nw0eyHgih2Xg-VNv0orC-DIbvVT-cDsZQaPagPnRFn8446cCEXLjW7ezhrXOGtY6a97GnTVv484aH-mu8ZFu5uwjHntWk-aWnDrZLyI6zurfjKk9mVb_5u1mRIjdH7w8pZwU-vbYmwTJ7qM9eBYqG25ftq8uLs2Ly676t9CwL_5s6oyFsi940w2FYRoXRrFc2P4qX4OOvPFEJn3rjV9t_0nehfFBDJ6dsW18lNPTifxJEN2-jGaTgTyXr7xO3p13pkbKd1RGLl_68onIcVXjof5wZl5emG15hExkvC9_PMlh630vXy3-i_1l9QSuWmdTe_SinkX74vLiPy8uz8KRVWh_GTnj2VTdpZzwvQhplxppefjsq_3l2fOdb95YPRB5Dkfe3WI2HRwVXFXekbp5NYMLMg1v_GVpuzzm3jXWmWzYE2Mm4_viaMOWj0Pd8tzPZuHcXYzE94kLqP8uX6y-uu1_LYfn7J9jI_Ae5cMdI_yzOod80upnQl1t4SPzyaUnvdz21XXnV53JwxZGRpCIvNIN-T6UbwPnwbXVfSWeiLTXF-OnINkIno4RPUCZbLvy1akyk_D0L1M10QmuLcFylB_5hitiVzwf-HLaN3KChGbhIH8Lrv5ih4Z_-nivLnkl8VQWjZypekkrV5enU-9yZVg8-5End-VcoyV_91WMh_LVL3xHTOI3_J0cK3nxMNSP5F1-972csxrOUL43wrsWofP7y6GVtzGQLxV1lbf56AbDH5g1Dc50PRjLZ_n92b_jr-LAK25tXz0YFWLeiXEQN3WQcXX5_WVJMsyqyIgbfD83GC7gIoOL93L8wutdT4I7fyek3xi_Z_Ex9Z1B6H1bENJp64kdfwWDKd1x4A293fGI2X27shtMwCSGyf3C8eR15Ul-9cNZmwIhMOGj59pyiupOM0NKKWTamoKKNmSiY3CXGIPb2BiAD_iofGieeoWf_QK3DJ7il3l6tvwPMtudX0JS407lkRmu_-_WKpO6ys2k2jtnUn8X7jINlLFiPiNMcW1PXoQbrKhtwXW_PNfRUDiVuWqAjMx_5OV2myxG7L2Z2wvDMBwLgZ9sNRKBa4gX700M9SFhdfUioSeDCgwOWbgJDYYJmIgxcTvzXePGF8HAmJlzv4cSUz-rfLYUnfo9uvZfOiZ-CSuhAApiFNw8zcQ4uO95_nx-Z8uT_CTH829ZSKiDH3zxzdsWi_JhIoqFeJI3aWcDsfyXL1MnOG0uGAvD7zMMhxIoqTQH6uXmQNbOOdBnOcBi6LjSrJ_E4I8skAczMax5aSM63_O94PZ2CW0JI4EWaJPL4-OJUL__6Ni--qSsE4O2noCmgYO5nXdLOyEBEuIr4KqMNVbK8aM9sl1vMofDOP8Q3sefMxmKMud9T-EPtoPEvNQTLFYXL78AHh-Cu9UQ3GUNAQiBUEGEwmmIVxVDOyw5m3UhlD0EMARDlWZR_dwsqrNzFrWoSvv87M1c6U7rK_Ke1U-2JbujZ-V8Xnmk41NStsFwDMcZdUc3_thzh_po0LNurpGGqJkwAAPx-eB44D3NzYyU3WVXEAnVnbV18tTWU3e3uPxOU7-YtatiO6iAiljXmvBHctrwm3D_MM4_iomtRtE1fpQDKn3Ey8yKSuLR0xMvin1QGjqTqZg3-uRgkmH-XdR8eIGXSjOi69yMqLtzRvRR0md8mMkzeManmbzZzDoiZ_LnbGuer_UsFT44E_Hk77aenjISbuE2XTv03h55vjz3r7PRw5qKulIkdDVFNmfiivBJ7FxAlDAVHuAhXkX0MJwNYqvjt0I9JVVWFF0TzlwVd2dTe0-r4poYSZh_tzT_Pm4-3MBNPI74s_HgWVESNuCc3wo5yEb458xsaeAF2Ur9BdrzC5ePI6Gp99mmQgZkxNeYhet6j-u_uJTgQM-0alcOoobh9Xh9lesBZhvVkjNUS2B5f19JUS2BC7hAtQTVEjBBtQTVEvCpM5Nqb5NJWbmplIVsCbIlQIxsCbIlMLHv0gNkS6Cg0RQgW4JsCZTUngR10C1BtwRq0S1BtwQS0C1BtwSEjhYhdEvQLYGhvaRR-ZuJIVyCcAkgI1yCcAkMIFyCcAlUIFyCcAm87JuXSlOi_F3BUC5BuQRwUS7ZvoYI5RJ4QLkE5RK4QbkE5RLIQLkE5RK8_ggWBPKlTI9SuqSHdEljYO4dG8x7lS4pSAbSJXCxfy72Il1SJnYgXQImeykxOAzpkjJBBekS8DmMVMraJpXqpXw_kkq1L09MuqRELES6BIhPWbpkFySQLoGJU5MuKTH3Q7oECk5duqQEFkiXQMkpJEHmaUmXlJjwIV0CtScnXVIioiFdAgnNki4pESyQLgGhg0VoD9IlJeIM0iUwdHJpVP6OYkcpXVK-LA_pEkA-NemS8qV4SJfAwClKl5T7top0CVQ0Qbqksk9KSJfAy1GkRNZpSZeUCHdIlwDuCUqXlAltSJfAQ5OkS_bHCNIlcHNU0iUlJlZIl0DGyUmXlAgZSJfg9cezIJCvZYp0CdIlwIx0CdIlcIF0CdIlYHJAmCBdgnQJ-OyYSnW2SKXM3Eyqh3IJyiUwjHIJyiUwse_SA5RLoKDRFKBcgnIJlNSdA_URLkG4BGgRLkG4BBIQLkG4BISOFiGESxAugaF9ZFH524mhW4JuCRyjW4JuCQygW4JuCVSgW4JuCbzsm5cKMyIrf1cwZEuQLYFbZEu2LyBCtgQekC1BtgRukC1BtgQykC1BtgSvP_D1AOnR-Ts7oFqCagkso1qCaglcoFqCagmYHBAmqJagWgI-O2ZS3W0yKSs3lbKQLUG2BIiRLUG2BCb2XXqAbAkUNJoCZEuQLYGS2pOgDrol6JZALbol6JZAArol6JaA0NEihG4JuiUwtJc0qotwyRnCJYCMcAnCJTCAcAnCJVCBcAnCJfByyLxUmhLl76-McgnKJYCLcsn2NUQol8ADyiUol8ANyiUol0AGyiUol-D1R7AgkL-5w1FKl_SLMdtBuuRYYb5fUCsCqPuxy0S4k6cdiTfPX7izvMdwlAJAE7gL1d8sKVreliGfxVj6jSHfAC9TMbdo4ozlm2Ekx0w-EdtXUzP7r4FaEZIPcCBe5HHqbPJS0oaZtGmFSb3SJRnRrCAZbaRL4GLvXFQvXZKR95SJHUiXgMk-MNmHdImmoIJ0CfjsA590KnW1TSrVS_l-JJUy83eFOHDpkvJgd1pIlwDxnmJgldIlepYWkC6BiXqZqFG6pMTcD-kSKKiDgtqkS8qHifbWdaZIl0DJYSdB5hFLl-jJgZAugdrqF8hrli4pEdGQLoGE6tfA9yZdoidYIF0CQgeLUNXSJXoWFJAugaGTS6PydxQ7SumS8mV5SJcAcq2lRzVIl5QvxUO6BAaqnRDuR7qk3LdVpEugohYq6pQu0bMAh3QJvJxQSmSdlnRJiXCHdAng1lQ-VJl0iabQhnQJPNRVSFS7dIme5QKkS-Bmr3GkDukSPTXaSJdARp2LzPqlS_RMq5AuweuPZ0EgX8sU6RKkS4AZ6RKkS-AC6RKkS8DkgDBBugTpEvDZMZXqbZFKtXMzqR7KJSiXwDDKJSiXwMS-Sw9QLoGCRlOAcgnKJVBSdw7UR7gE4RKgRbgE4RJIQLgE4RIQOlqEEC5BuASG9pFF5W8nhm4JuiVwjG4JuiUwUMF8EN0SdEugAt0SdEvg5VAyonb-rmDIliBbArfIlmxfQIRsCTwgW4JsCdxojiPIliBbAhnIluD1jfX6KtcDrI2qJXfK2f0nYdwoxxN5uX_gsT-PB648jcwBcte8iwkxdGNpT0acuorz2V7Dp1WtEMPK5tNe-Zb3ECO3myR3Gs5ljaEzsecNJcP5tUf2V5khBtyqy6urDOT1Fi6xIlVeRBEqL3FlTG1lwcgJ-g_mACu3SnAo_yRv35XQteTvvkoEPeNV-I6YxG_wOzk2ErHwJkfyrr4LqI7gL8KlLn85lPI2BsINrvI2H81guANDQnOvB2P57MprkhRtII_BcJWxGlYGBs2aC42QJAGDfAzSActcF7DMZMC6zHjHRwNWZ2NzePGApbkRPMZnXw-fNILDZ6VhSl-Ta8z9s5pcC7q_SZMrXl-x12tparUKYJCxpFACgyNtav1sL38h7TCsJRiBy6n7GMtsWLlLkEgvHqV8qiPvdZHLvxn2qzMV4XGPYurIyB5kzzK2t6LesYry6gyPM9v_JsDkoCZv3Y1drcUnb7-r9GIowtK6D_JfZjpa-OILDlrg1dDAt7T1NmYrYayBfBbrOVIfjIKuz8wPqgXbjOKhTE9CU2mb0f3CashoIBlVRq58de_Oduvks8nz7p1CMTizKsHLL41r6Y1YGgmLDWQxvxMif7pWvN47xoBZfrpmVd4NwaSt0ThUGZry5VK7W4WmdzN7rBQP5r-eGOc_et7Q-OD5Y2f8NMlcGylawhpPrfTMJjUUc28yGV4byGvdpau6Ph2ZlK7Cyb6-JFVTqqprPd2iVBUSjnCGZ8lJ3sYivffB145Fv947MbE31umF5Tmbs7HNhXqdi6tYHpal6dVbQWrm1NFWXKcX2tyAfCxaYisfzzpW7fGjN5iXp9nqhifClzC53uoLmjEKj_3LCQcgCWrv2ECNhqw750XO99978l7CJXPl65mhamsK2hnFqgUhMMtBIIPai-rB--KKyTSIbzk8xCy_X1gOC81lIUKBPLFruyoVVvceutMaZYbNX1X1cVGmbnUrKCI4rIZARYt_hEMAHuChbjuYR3hr1q63JkJToCgAxKpUaPOEacnCyl7cv1nuv0VK00mnNP2UU0dTmvy-o_a2Kc3fhRuMo-OKqa10CF52KeZOAJolPFciZOku5ZYG_3Nl8OlWc0NooQAVbGgVS-eNcOzXifCUIOEqY_mtRKyqYiuvWFJv3Eg0hPp3kGgwEkHVf7wfNX-tq0CnQzI26CFCa59DvBuVlS5QmKMgf_1hFq7N2wNhnP_mO5Np4DO77OSVTPAzvl6WIGJ58Z1xuFtvNUQ0i4gqM5r8xlRr24xG3wZd-vi09HY1NG17LmBcXyIa2X1eFdjMwqvO3btIpU05GLLqCcoEKz2lNtFRuEuPQhMKbuClGC_17NeV-rKvJ3awWxesHAIrKqzIuZ30wf-xfU2MdPSkP1W3ya3sBo1moVFlDpTf390pV6j2wXGD_v_48p1xPgn3lMsMbkWa6JJr21qr1vRtL7QwP7GWdz7fUo_Q1jB-M0JbcN1_hB8C7cmyAlsTGFm9pXvMkTJNXlZiA0NzYdC94VYy-9kBhOobTE9XdBT3L_79X572g7zxxTCrW593qPzzxXeenqfGJ-9_dthkq7J6gJ2JCMy_iZt_m20-lDSLkioznnxdkO62GU_wwfKX8Pn7Q2fgGee_eOofjJ_EaDL1nfHT-u-1RRqx9a1WWBnlC7kfhbapPi08DrDcLJajES_Yqc6OfDP5eSzT7kl2aU8JODS18GjQKFhrKe7fXPf_KKYi3KDix1DWWWbDXm7yX0SNIPmB9KCS_7nJd3GTSf6BIbosFH4CDVZJbz33ac3OixvFB5Ik6GlcWy89sM38KGruXcpcQGgWCFUmONfHrz3QL0ZpJ_0VB-2BAwT1iHfy2qP2QEEI2uUgQHsAFnZgYY_aA2WCA9oD4LEXPLRrD5gZ679lIgXiA_h_1ZuetrfJaayUV0eSGvPyyNUHSgQt1AdAtMIQtS_1gRLBCvUBkKgDiTrUB_Qk-qgPgEL1KAz3pT5QggjUByDiuFIa81jkB_SkM8gPQKO--LQ3-QE98zfkB-ClXl72JD-gJ3YgPwArh8BKXfIDJSIK8gOgcYRJUP5GOQeuP1B-dTujcg39AQCuLbbVrz-wxyQJ_QFgyIZhH_oD5SoB0B_A_SupADgA_YFyFQHoD0DJUaY81ukJEJSIaQgQAHP9IW8fAgQlwhsCBLh_Fe6_NwGC_WX_CBAAw-alsGElAgSapkoIEADCUWU4-RJrKBCgQACpKBCgQAALKBCgQAAeKBCgQID_V5HUWNskNb3cpKaHAgEKBCCKAgEKBCCBAgEKBKCAAgEKBBBxvClNHwUCFAigEQUCFAjgBQUCFAhg5dBZQYEABYLGoVFpEpS_XQ4KBCgQADAKBCgQAAMKBCgQ4P4oEKBAACXHnPK08zfTQYEABQJgRoEABQLcX7v7o0CAAgEwoEBwhwJBw0GoNMOxjl-B4BoFglMiVdqoCJVHXRve4pD5UMboG83eAgJb8hbkULyquUNg4XxcBq54teUpHqXLBmHjRWaaEmPXWPiOOqmr3rV-QKK8qZdglc0N_X_kTO3wjI-evF0_eDmsbnkJ-WFoEBTEAA0CaNgHDXtUISgTIFAhAJA9AVKLDkGZaIEOAQToJiCd3HS2SG6uU24dzW06Ry5EUCJuIUQAo5VGqVqkCPRkN0gRAEU9UOxJjKAEE4gRAEMdMAxrkSMoP2dCjgAmjjiz6R6xHkGJrAY9AnDUGaIOSZGgTMBCkQBiaibmcDQJSsQPNAmg5TBoqUSVQE8ahCoBcBxjLpS_h87xyRKUL2dDlgCCawxvFQsTlEcDYQJwqBOHyqUJ9EQJpAkAoLqagLrFCbTVCCBOACfHmfnkb7Rz-OoEehb3UCeA5n1EvX3oE5SIcOgTAEA1ANSjUHBQywAoFIDDYWkUlJgwoVEACkeV6Fj5MmxKpOBOebz_JIwb5WUiL8vx1OTlSUYC44MYPDtjO_zmkQXo5r5s8_LC7EYZ7WbM2q5WjLYlo-01jFpVCRSsM_kkIZX3sIQ0eDrrMB06Ezus1VWsBtce2V89P_R2dXl1lYG83sIjski9MhQpth8QYy9ERgZBo1iMWfknefuuJKclf_dVjOVFJX6OfGfGbvA7OTa-PQhvciTv6rtAeSQiUSIGM6U14i-HUt7GQLjBVd7moxkMd2BIaO71YCyfXTJk_Yeczsi7XBaClW44TWFgZYSqMhgUbMPezEDKVJy_gc6fDlLmuiBlpoNU-sUeDVLmxm7T4kEq7LwMOyLUgEyze8GL9NbpRNOsttP0XWjvp8Be-Gwgn9Hg9E68STPFOFhrzfL-Ak10VTm_rja6mI14fMM9ft5UqdZWvfw6gsx-Oas299fXMbewtrpKgs_28hfy5g1ryUHgYcqSse0H3hGo-S2enHyII-91Xukgn6P9GhTEqeMexdSRQTyQ8JNhvBV1hlVAXyX7UHE487TOxWX-PM3aap722ZlM3ozPf87ENHOBr1iXUGWYblr03ma9L2IqgaqBSBbub_goTZlkf_4p0NtQ1UpC1d0NodWQ0UAyqgxW7Y3NDcWD1WLt9_OzN3Olq6xf9y5Srp0CtZPxpbb8yreOVYVsg2G0gYzm12vni_UUq09N8WDq4aGaqu0TF-sBh_2FLGtjVeoWH2vVGsF7e6Qkdo1fZ6OHNZUURcrr0p9qM-pPq8iytlgOSZgKmw1kMxqqbh6Gs0Es0boV6qkUkSgpUmyXYqJf08pDMSYS5t8tzW-CNgmcbLFy7s_Gg-dl7alxfivkoBrhnzP7FTbW3qUXIvTM59ZX3xWME6Gp99mmQkIDSahyNpevrqBK736KPMZ5o9HP4Rg9Br41f-K1leT1L8zLTRV5vTi366pmqcjTXTarHk6S3tU-XOHZX6bOaH7pxb5agdtHL3g-kEAtvs4t3ONvWTT3jo3mRFwb2EE1uXrXawIia0W9IBBV5D2BiXcLEyEAAlopOZ73cvjC611HFBaM38vWqyaRyGpFLRMjtJWrZpi9KpH4HUiAJEfP9Nf57pWBjOdKiOHGna4RJdkemLaeGKIPmISYaWwIbmNDADzAs0XG1EtmTOb3ZsrzoxlTvipDW0vG9HfhLrxksS1PFtlF6sOTZGetAJYIhbrLwxfm3jRlFyIo3m6eOHPdC086W_yDri4qzPKLCJU1TQQm_29lcnxXIsiAjOQ3VHvTJLBAM0VqHSFjQbwEE1q3JLpnpgcJG9KkyKjHduv5ZKteBNvQs1dRRbRoab1IDMTd5oEAJVCqMmnqb2zK2D1p0rfLkcbVkGjOxDZHYFv5arrqUljJE-mEIEumuESE00DB3MyILBEcwEH92xmlVhEu9QQK9jMCoEMFSMsORxUlT2xxBC-nkS9db-wL3D1f0tsvmCq5KI807YKQvLfI9_9dfBLOxNbGga51QZ1aDwsb8X18v9KdjlIJUtaG4eWqD9jqCCbqYOK9GNjBp3h9FGgKCctiAz09C0tDIQACKsxtzHy1766W3ObdzB6rta75WSfG-Y-eNzQ-eP7YGT9NSm9xlGo-0pPlaNjEZZPFUA3VqbKhhR7BfN_fA6CiauWFuaXQAA11CjForMJGhwFqDoSaCmQZNOZKqDLAxZ7KcITreo_rv6dsT0H5ZTNTIwVRu_B5fL7KVQILYRKESaAZYRKESSBgH3M4hEkQJgEShEkQJgGeCjOm9jYZUzs3ZeqgTHKGMgkYo0yCMglk7J8MlEkgARJQJkGZBJQON2vqIk2CNAncIk2CNAkcIE2CNAkAHSlASJMgTQIvlSdM-VuGoU2CNgkoo02CNgm-jzYJ2iQwgTYJ2iQQcCTJTf7uXoiTIE4C1oiTFEl6ECeBBsRJECeBGsRJECeBi0PhAnESfL4JPl_lMkE7X8P0WNVJ-sWo7aBOcqQ43y-4FQHW_dhlIuTJ047Em-cvHFreYjhIAaIJ4IVqeJEcLW_LkI9iLN3GkO-Al6mYWzRxxvLdMJJDJh-IKlORD_SvgXQM9fwG4kUep84mLyVtmEmbVpDsTZ2kIBBt1EkgoFYCalInychvysQI1EmAZA-Q7EGdJCMVKhFDUCcBnn3Ak06ZrG1SprTrR1Mm88jVScqj3ckqjECdBIzrmCjWr05SIuChTgIZtS8i1KlOUoIJ1EkgodY86XDUScosu6FOAkonmDW1j1udRE_ShDoJ3Fa-nl6vOkmJEIc6CRxUPhXclzqJnkCBOgkAHSpAtamTlAgtqJPAy4kkTNZJqpOUr8xDnQSU6wl9daiTVFGQhzoJvr_ztG8v6iTl6g9QJ4GJOpioSZ1kl3ID1Ekg4JiSm_wdvo5MnURPAxLqJGC9j8qhqtRJ9BTUoU4CDTXRULs6iZ4eC9RJoGa_LayVq5PomWChTgIXNRbiaFcn0bNkgDoJPn80ywT5Iqaok6BOAs6ok6BOAgGok6BOAiSok6BOAjyHDk86ZepskzL1c1OmPuokZ6iTgDHqJKiTQMb-yUCdBBIgAXUS1ElA6XCzpmvUSVAngVvUSVAngQPUSVAnAaAjBQh1EtRJ4KXqhMnK3zcMdRLUSUAZdRLUSfB91ElQJ4EJ1ElQJ4GAY0huuheX-Tt8oU6COglYo05SJOlBnQQaUCdBnQRqUCdBnQQuDoUL1Enw-Sb4fKXLBPkipqiToE4CzqiToE4CAaiToE4CJKiToE4CPIcOTzpl6m6RMrVzM6Yu4iRniJNAMeIkiJNAxv7JQJwEEiABcRLESUDpYJOmK7RJ0CYBW7RJ0CaBA7RJ0CYBoCMFCG0StEngpep8KX_TMKRJkCaBZKRJkCbB95EmQZoEJpAmQZoEAo4jt8nf3QtlEpRJoBplkiI5D8ok0IAyCcokUIMyCcokcHEoXKBMgs83wecrXCUw8_VLj0GY5CpDh-EaYZLTplnarSiWV7w25AHh5Hk-vDFCR7O3gNKWvCs5PK-Sy_DS87EauOLVlqd4FOpDnTzfizPwJOqusfAmdVJXlav4Aa0z23_xVLuoG0IycqZ2eMZHz_8WWjK_n7-ckVi-CPYtTVIQCaRJYKBuBnSIk7RLVcqUiRPHKk7y2V7-QlpitJekqNONVEPUWE5NlOsEs5qBcBeTkpH3unDDN8N-daYiPO5RTJ0nEU5lnFfpXpFp1GouoM7wKD3mm4Cb3blJzwWvtpkLWikCopPB9ulpLpQgHM0FAmDNAbB-1YUS00FUF2BjDwlSOd2FzfPBrCXvElQcke4CM8BTgKPSGaB1cg3kJSaANJAT1mpY8yjZQm4WwEBPaDuKFvJEUDMJaseOxiF1lZeIHnSVE10OF6ESfeWbA46mVOqI-8qJQqeAUKWpVf4WMEfRa14ec3rNiYd7jIfau831BDy6zfH-OmaDu_Wbb15KN7M068p9eT2afnMW008Bk0pnfPlbWBxSB65VV5XtMXbgJki3IP0YSa-rKXcHUGjKZYK4Fx70tuVuDiY7FOqdUlsugeUUQKp0Cpkv4kJ7Fu1ZREbas2jPggHas2jPYjK4b27Sk8HeNpPBdFYUnQxe0551RnsWAZD2LNqzYOMw2KA9ixkgcNQ0A2xf0p5FexZhjfYs2rMIagfXW0J7Fu1ZIER7Fu1ZRKGjS63yhXBpz6I9i3hIexbtWXg_7Vm0ZzHjO_4ZX77aLe1ZtGdB-v6-KdOexQQRHmjPoj0LkA52Cpnf4a_as-4UIr586DfKF0XOVDFcG_t5PHDlaWQYyE0ENzedmJdKgGDDbsFXcarba6i2qmrEStpcXT54CEFQ3sOS3eDxJOGdhq5sDJ2JHVzAVIMSvm_sr3KSEDi8ury6ykBeb-ESWbBeGQoW2w-gsRfb3ym3SmAr_yRv35XwtOTvvoqxvKgk0JGT99gNfifHRr4pwpuUL0XxXbAnXuQlJgaz8A2zGEp5G4v34tt8NIPhDgwJzb0ejOWzy246ubV9P5gSKbcYD9asiWyuRErBkDUNLAOD5m6Thb33c3vBoIEYpCOWuS5imcmIdZnxjo8GrKuNLSTFA5bGVpEUn309fNIrAp-Vhqkggf8gpHO5rhdvD8n8mpUqhC_Agpmxel-QBbOqSvilybH2kNP8uAUPxXl4L_yRTIp_E-4fxvlHmeapUXONH-UASp_wMte7VSb94ItvG1YpUlz0MpYpSnAhnmTCsWa_7tUHXvlsp0I9u3w4Muy_i9rfjEUKiNnfDK-3sUWk-Azvd5WDqG84mwNbwZaQ9KqEltimoRR-aSsRrfF8Fq7VDfsnitXpFoAhSximRNZTdaHuvGsEMppHRpWRK1_rrLPdYvps8rxbdW0KzqzuxfLr53qa9BdGwmIDWcyvIcyfrmUVEla7FGFVXkjIpK3ROFQZmvKVl7pbhaZg_eyX0AP8oTPwjPNfPPUPxk9iNJn6zvgpWGMrWBtY37RysYCYm2xtUxJfeCTguYE8V1cBVe33J_OESqDg5Lg4ufVn48HzSo_p_FbIQTXCP2cGlIEXrH1vE030zAHnF95FtlaZep9tKiQ0kITKZoDy__Lbg1Wl30dvPqbzTpFP9kQN0IPjOt8K9YqEmXxY97M5g9tcAWhdxHO3LAGN3gpcM6est-ICwNDmBuRw0epd-XjW8WuPH73BvO7NVjc8Eb4EzPVWX92iZa9Z8PaODd7YV2RP3kW4wC5P7NquaiNS9y7_QVqSGciKlAEmiMjSYSoDRMEiQBnxXlSjx5fQig0fksMhuI8NgSLkH-EQgEez8Ngitlnp2HaVcvNobMtvhGzriG1_F24wto4rprZqdnrZpVwwwXFHT2DTXSwoDf7nyuDTrReE2uKlgtsr5W72_oylioLeX1l5YLVCuTj9QTt9laHK2ljdtHOo0qd_m5xulgfV0lvr1DT5WwAtUd401KnmmVqL0MMCYp6wcrzBrLOx4EnTmuIHefxUJLYvmRjnk1BxIpPqIjVSCaqvtC4waqmQipmfWGA8nwtuwHTDmNYovrY50mWVDZZbnDga7TXc_6Ddv8qQli-I0dUR0mKaSb_ORg87qEMlYO2WZ7WCqo8sQ2G1WaxGQ9VPzovx67M_m0zz41QRyadklLrW8ylMg35gxMra1EEPo2sSDLZZsQiuO1xtXHPruU9rIkGixim9YYK-FfViFU7bFMlGzb1Lmdu8nRIgo7bJXH5D1tHWPPWLoZyxJwI1Twc4u7tfUCoCiPsxEcQIZ0oqULx5_sJ_5WnDAQmATOAdvNwkNUvRREMO-1je1FJiMLj9iTOWbjuSwyMHX-1bMw7fc16gXihe5HHzt6N8B8zkgK0X-dxjzVMZIKh5Ao-q8UjHtvY2sS3t59Hglt_SdZxFTyVApugJbCuMapUVPZX3_iPdHRynP2inrzJWmZu3_T7gqic9cYqqJwjVF5b2VfWkhwWqnmDliKPZ5p1Wj6zsKaMhuvwaI2VPQF1DANxH2VO55QnKnnD_g49pm_eSPOi6p_IRrOpN8ah7aiSsNdU9tS_1zN2oezrg6o4TwWA_dU8lYKDuCTKOeza3eVtHCp8ofGJ6R-EThU_gUUdws7YIbr3c2LZ5B0jqnqh7glrqnqh7wun3Gqo2b2VH2RNlTwBK2RNlT7By4MFs8-52VD1R9QTTVD1R9YT7H0VI27wrHkVPFD3BKkVPFD2BAUVPFD1BxqFO5tr5Fezmdlsce2OZ0D9J95Ap-ODZGdthcl6utCm1A2U3o5SjxA6UWmub1pl8knM4NqIsLlf4H2IqwTTuF3VDmRAUqWeqalvvohVNmxlImYrzN9D5K9yFtW1tLF4qHqTCop0HX3zz1AgNpl4mmkVKlHSiaVZbpPQutPdTYC98NpDPVJnScn3B-L1kkVLa_zPWwUv4v9YypdUCw-_4PX4fPKsPs3Ag7IEwzn_zHbUOJf9T5jdSlQ6H0SJ3sS3FQta2byVYWF5-ZxDu1tvdjLU3SNnfDC5_zytrqxncZ2cyeTM-_zkT0x0K96qavG38MLTNwmDEVIJXA5EsVsWnCs6lKZPsL0UFKveqWmOotHTvfmE1ZDSQjCqDVX4fcGerYLVYFf787M1c6SrrV8SLFOOlQO1kfNMtvyauY70h22AYbSCj-TV4-a3vxQrxUjyYeniophLvxBvfwWF_ISu_vbe7Vch6N7PHqjVi_uuJcf6j5w2ND54_dsZPk8xVkiKFeOkPunpmmRoKkjaZDK8N5DUavm4ehrNBLPm6FeqpqNwr2jtUrFavABv9mlYjivGRMP9uaf593Hw4aTgnt_5sPHhetcCf3wo5qEb458zIkSjcK7I4oWeOt750r-CiemjqfbapkNBAEqqc4eV3XahCvZ8ij3HeeHE_UWmMKNx2obWAr6_0cTfU70X2V7UK7q9K_Z6OHgz1cJL0ruphw7O_TJ3R_NKL-tbA7aMXPB9IoBZf7Bbu8beT2GM1GtfunBeZFEQ0y5T3Z8az7bnIkigryIVZjoutVMpipt8vTAcQAGmlmtDfy-ELr3c92VRgVKT4NYlKlg5SmRCirfY1w-xTLzgCkvKL4Au_C9uafp03mSgMAhPyZcPKAJNVhVQmtmgDJjoEd4khuPUaJSkGPDoTql4yoTK_N9OxIpJRWfnbK7a1ZFR_F-7CTRb6kFloF6k2T6KdtUJYIhbqLjZfmHvTFDlMMN4qBn6yR95qffCd-Cot_9GRvjjMVh4rg8YOKw2ZfRh61hoCy--zLYcSKKmgQyMJRtbSeQkwaNCAgtoo-Fmt0E68fD2UzC6N2njQ16SxMLY5wl0gsccsqHdxmb8tr6UlC9Int6xxfSOaBKG3DLeVr4-rVoWVmJFOCNp6wpgGCuZmRkSM4AAO6tciTyJiXuoJFIiRA9ChAhTZiOh82WqgjyA9a2qVApQ9AhAEQZWmUPkaeh0tKZTePsJUXUX5CSRthKC872AYXPe9H3yhsSOlFLrwyOoqLLNMqKcZI9voVfEEjMBIlbtfpOjI2v6iXCUC21_ARG1FCPK0H-SNL4Z-VYB3_s8X33l6nhqfvP9Zsw91GU6ytk4qV5WwMyaB_Tdx-2-z7Qcd0Kk0e7I2tq5raGxS31Z_CY_zh87AM85_8dQ_GD-J0WTqO-On9QqARXrbNX5YtjIKLXJX5rcRFCs8EGAP9omNaWzfjhRvh5UK2d-xyhCzwyQyGh317E6TbSpMwESdohAaK77RhICaA6GmAomIimZfKETARY0VQsJ1vcf133W2p0DPjGpXCqJ24fP4fKWLCfk6eKikoJICzqikoJICIKikoJICJIcICSopqKQAz04ZVXubjCq1QXQso-qhknKGSgoYo5KCSgqUHBYlqKRAARSgkkIWBBLVZkF9VFJQSYFbVFJQSYEDVFJQSQGgIwUIlRRUUiBoDylU_gZmqKSgkgLKqKSgkgIje2EElRSYgAlUUlBJAZ3Dy57M_M3KUElxUEkB-71HTFRS-JYFE6ikrDBBJQVqUElBJQUuUElBJQWfP4jFBAuVFFRSwBmVFFRSAOTwAEElBZUUIEElBZUU4Kkyo7K2yKjauQlVB5GUM0RSoBiRFERSoOSwKEEkBQqgAJEUkiCQqDQJ6qKRgkYK2KKRgkYKHKCRgkYKAB0pQGikoJECQfVnUPm7lyGRgkQKJCORgkQKjOyFESRSYAImkEhBIgV0Di95yt-oDIUUB4UUqN97wEQhhS9ZMIFCygoTFFKgBoUUFFLgAoUUFFLw-QNYS2jnq60eq0BKvxi0HQRSjpTm-wW2IqC6H7tMBDx52pF48_yFQ8tbDAcpIDTBu1D90xKj5W0Z8lGMpdsY8hXwMl18QJw4auV7JIdMPhDbV_My-6-BdAz1_AbiRR6nziYvJW2YSZtWkOxbIKUgF20EUgDkIACpSSAlI_spE0IQSAGSPUCyB4GUjESpTGxBIAV49gBPOqHqbJNQWSnXj2ZU5pErpJRHu9NCIQWM9xMD96WQUiLqoZACJXuipCqFFD1goJACBbVRULdCSgkeUEgBiWPNgtrHLZGiJwlCIgVuK18fr1cipUQYQyIFDipfAt-XRIqeQIFECgAdKkD1S6SUiDFIpEDQqaVQ1klqpJQvzUMjBZRrDYaVa6ToiX1opMDIHhjZi0ZKuUoENFJgorYihEPQSClXlYBGCuicTPaUv1HZCYmklAiJiKSA_WFEzOpFUvRER0RSYKIuJmoXSdHTzIFICtTss6ivBpEUPZ3miKTARY0VQtpFUvTMqBBJweePZjEhX3EVlRRUUsAZlRRUUgAElRRUUoDkECFBJQWVFODZKaPqbpNRpV0_mlH1UUk5QyUFjFFJQSUFSg6LElRSoAAKUEkhCwKJarOga1RSUEmBW1RSUEmBA1RSUEkBoCMFCJUUVFIgqP4UysrfwAyVFFRSQBmVFFRSYASVFFRSYGL_TKCSgkoK6BxG9pS_WRkqKQ4qKWC_94iJSgrfsmAClRRUUqAGlRRUUuAClRRUUvD5Q1pM6F9cWqikoJICzqikoJICIIcHCCopqKQACSopqKQAT5UZ1dU2GVUvN6PK38QClRRUUsC4ogIlVFJQSYESVFJQSYECVFIiMKCSAhL1ZkFdVFJQSYFbVFJQSYEDVFJQSQGgIwUIlRRUUiBoDynUFSopqKSAMiopqKTAyOExgkoKTMAEKimopIDOAWZP-ds_o5LioJIC9nuPmKik8C0LJlBJQSUFalBJQSUFLlBJQSUFnz-sxQQzf8MKVFJQSQFnVFJQSQEQVFJQSQGSQ4QElRRUUoBnp4yqt0VGZeUmVPl7WCCSgkgKFFdUn4RICiIpUIJICiIpUIBISgQGRFJAotYkqI1GChopYItGChopcIBGChopAHSkAKGRgkYKBNWfQVlIpCCRAslIpCCRAiOHxwgSKTABE0ikIJECOoeXPOVvVIZCioNCCtTvPWCikMKXLJhAIQWFFKhBIQWFFLhAIQWFFHz-sNYS8tVWlUDKnfJ1_0kYN8rvRM6aQeiwP48HrjzNcEPx-WbFB_PywuyebehQulrh2ZZ4ttfgaVUlhZK0-bTXz-U9LMENHk-S3Gk4jTWGzsQOLmCqQQmuPbK_en7Irbq8uspAXm_hEitS5UUUofISV8bUVhaMHPm_9gJg5VYJDuWf5O27ErqW_N1XiaBnvArfkRlo7Aa_k2MjEQtvciTv6ruA6gj-YjALXy-LoZS3MRBucJW3-WgGwx0YEpp7PRjLZ5et7XBr--pBKOTfifGgdIt6Coary3SsKgODZlGHhb33c3vBoIEYpAOWuS5gmcmAdZnxjo8GrP7GBvTiAUtjo3mKz74ePuk0h89Kw9S8gy46Z1uWgWZmVQU6aFMwZBXLFYTBrKqFNj5nW9kMEQ0nYi62ExnmD7NwSGw5nzn_ZKtvG7bxmy-HYv030MzmWmszKlb5uBFFRUt3bWIk7jaPhHZ4PtvLX0jDDGvJT-CZysqxTKiVVwW5-OKJy4c28l4XywFvhv3qTEV43KOYOnJyECTgcnrQijrRaqKgzvAoXwjfBDQd1PzvemPvbfH53-8qQxmKSYGoV7DNML1moYVmDV2GS1uJdo3ns1hvlPreFLSmZn6NLdAOpTO2WXX1Q90vrIaMBpJRYeRq52uRd7Zbap9NnnfrZ0rBmVWSXn51XcdyxcpIWGwgi_kdGfnTtWLl5ikGzPLTNavytgwmbY3GocrQlK_q2t0qNAWLa-_tkZLKN36djR7EMHNVvUjJazqdKh-kTP0FfVmmwmYD2ayzxlXnl6YKmGh0kSucbPHhSX9Va3rBQc98jrJWSDii2Vx-f6Cq6XsffNlYtAbevIrxNzHcXNoXVvRszr421_ZZF_G8a4PUmLmPXc6iNjcg_4oW5crHs45Xe_zoDeYVbba64YnwJVCut_piZozCY_9ywgE4-gLc2PRODefML_TRaGsONshC5GFQRb_S0lTcH_cP3T-ymZ-8W9d2pTucKxLCTfHWaD9s_nCaBCG_H6lwPChY3brV1n6RTf1WQ6AI-Uc4BOABHsqaYOrgrVme3poIMyPLLxEaihCxjTzCEoaVwfh_s_x_i1Smk05leun3fDSX6W4s9946l_m7cIO8cKl7-rJL4XcC046eREZ32bc0OCL0erqV32BaKEwFYlarnZLOP9rjoSveSu8lloBgw1ZiW0OgcSux27TRgNBcEN6JNznAYhx8ysvy_gLdDskIoGeipqvXIWYhrt5cV38v_JE8w2_C_UO--8TEVoa7xo_ystIdvOJNDBsJ6OXLKBRexXqSD2jNd5dVijJ0JlOhvg9syFPS1t9FrYeMZpFRadJytbFHYeukRd92YPqWnNkNDCIrEuCOaAmqAppZaOvcvYtU0pSDYYMMVs3fX6KjcJcehSYU1MBLMV7q2SGsoq_2bBAGK4fAit7NwJLzLD3LAuwFBizHnBrl6811ytemfXDcoMU_XpVjnE-CrCJ7eaNIn1wC4w07UmxZqKalSy5mfqJS5_zz3HwgbhbENWz5VU2AY8cvcDjo3b3SGj7JtEjTktoxbe51kDI98FDww9BA5sgzN_P7ZykCNH0C1fz9f2kn3t9w7680w8kXKO2WyXDezeyxWsqan0RO63_0vKHxwfPHzvhpUnoPrmRuo6dsR8OGQpsMZvrWLGBTgqWLpvt5ert_ACpIYbIMxfGb6_gfhfSA4K5-DGWcxdT2lv3TmcvUBeQEkl9ANdXu6EFgbvJd3OR7kvjGwxBd3wm_cQbrnbee-7QmHmxUD9CXxBTbEmubNpuouXcpcwGhWSBUmb9Y-VpQqAegHgCtqAegHoD7ox6AegB4oB6AegD-rzGXaW-Ty_TX5zLXF5f5uQzqAagHgCnqAagHAALqAagH4OqoB6AeABl7TlraqAegHgCRqAegHgAvqAegHgArx8AK6gGoBwBLtamRhXoA6gFAjHoA6gHgcJTqAZvTogaqB-D-R-P-W4sF1PXF82jEAnD2g3b2SvOX_J050QZAGwBg0QZAGwDHRxsAbQBgQBsAbQBAOJz8JV-9-Wi0Aa7RBjglWqWNilJ51LXhLQ6ZD2WMwNHsLaCwJW9BDsWrmj8EFs7HZeCKV1ue4lFMwtDx4gw8ibJrLHxHndRV71s_oFHe1IsnT2m4IQMjZ2qHZ3z05O36wQtidctL0PeiDpAxeysIAuoAAFALAHvUBygTE9AHAJA9AVKLQkCJ8IBCAARoJyCd01hb5DT9dsqvozlNvl7zcWgElAheaAQAaqWhqmKVgKvy8QqVAFCoFYUqdALKRwF0AnD2KlOUvSoFlFnRQikANo40ebk-cq2AEjM2tAJgUme8OiS1gP19j0EtAGIKE3M4egEl4gd6AdByGLRUqxigZ4EAxQBwOeoUybw8Qc2A8gVsaAaAcY1Rbw-qAXvMoVANAIj96QboiRPoBgBARd-FtCsH6ElxUA7A3Y8gj8nfy-aQtQN6ekp10A4A2UojVIXqATsggHoArl-56-9NP2B_EKAfAA57VBDQ8zETBQFQOLI8Jl8DDQ0BNATgFQ0BNAQAAA0BNAQABA0BNAQgoIKcprNNTpN-10dzmi4aAmgIACoaAmgIgAIaAmgI4OxoCKAhABvHkLxcoSGAhgBMoiGAhgDE7L8reoiGABoC0IKGABoC4HIgKVL-vjdoCKAhAMZoCKAhABDVAoGGAAA0GQA0BHD3E3f3SvOY_L1u0BBAQwBk0RBAQwDXR0MADQFwQEMADQFQOLg8pp2vhaY0BO6Uy_tPwrhRbpaXwNx641fbf5KhwPggBs_O2A4_TmQRurlh2rxU3UARSLsZJTpXK0jbEtL2GkitqrQD1pl8kpTKe1hSGjyddZwOnYkdXMBUsAbXHtlf5fw2cHd1eXWVgbzewiOyUL0yFCq2HyAT9FiO59_3EtDKP8nbdyU6Lfm7r2IsLyr5c-RLM3aD38mx8e1BeJMjeVffSXInhjO0VVOYuksxmI3U7SyHUt7GQLjBVd7moxkMd2BIaO71YCyfXTJm_Yecz8i7XBZylW4MTWFgZSQvZTAo2C69mYGUqTh_A50_HaXMdVHKTEep9Is9GqTaG5tCiwepsDkybG9QAzLN7tku0gOnE02z2mbQd6G9nwJ74bOBfKaW1lR1tTceqHtfzTezUCjQDpciIUu_oAQJuhriAoPvsgyGhYazcPM0U_1uKqWcdwnf2fIkP8nxK94cZxWIDRnLbSWIKNYeN3WC0-ZrPs0Nv88wXDsVn-3lL6QdhrUEI3A5dR9j2w_cRWXfy0cpn-rIe53XLsgHa78GRW7quEcxdWS8t_8aSJNfpUNFvGMV-1cLA2ByUFM6a2OrXPEp3WdnMnkzPv85E9PMxcBiDUFVzeY2LpBvszYYMZXI1UAki7UyqC9F0pRJ9qeiAt0LVS06VNq_cL-wGjIaSEaVwSpfaLezVbBaLBN_fvZmrnSV9UvkRSqwU6B2yk8zMxbJdSxAZBsMow1kNL8CO19ht1hNanohQg8P1dRhn7jQLjjsL2Tl6yh2t_uuq1bPfgk9wB86A884_8VT_2D8JEaTqe-Mn4IVttIVqlVNNxfLh7kiJdukX4VHAp4byHNsWfFhOBvEkrNboZ5KEQWTIsV8KWT6Na1WFBSUj5t_tzS_CdIlcLLFpyh_Nh48L2tbjfNbIQfVCP-cGVA21vbpXHq3ClX3FfwIFZp6n20qJDSQhCpngPkdSqqy76fIY5y3KX2wp-IhfNLKv-or9msXKPbrUey3J3TblaPbOzZ0o0HsH97_XEy9i5-cp2cjfKm_d980gZCVChUEoYJ5nbL016Sl-H_D_T98C76X4xVe7zoiqWD8XrryNYlCVpdGmZigrfI1w-6VvMLvYNFwLBJapr_64eQrkPBcau8YN-50je5ICUSyJHhKRAt9iCSUTGNjcBsbA3BpIC5bJEDdZAJkZrh6NAG63lg1vlMC9HfhLjxiscVOFsaFCsmTGGct5pWIdLoLyRf23pzylkIgWzzCLXcVWn7JNMIHINHVR0OW5mKJoFbV5kIr22-Mf8r_L_8dMppOhv4WiyQVWS0WJaigxQIWamLhwywcCHsgjPPffGn4-rKBgnsQVZUALS-vA4l1dgNGA8GoMOOxLjc2VeyU8ejbi0gnttGEh92IYFT_2rZqKVjpDml1-yyZ4BLhSoPfz-2MCA7h-c32_Jo2FspIbPQEA7YWApmDQWah61kRMzssGJt1IZM9BDDTQGaqSoLMy4vLfEW7zq5JkOb-vVSNQ_kJIf17YFt3zc-NP_bcoT7vL1_hY1bj_VEz8fmG-7z2XYPSuU_WRpHlvvyzbxAUVELBe-GP5DTgN-H-YZx_FBNbjZpr_CgHUPpE9k6LJXHo6YkHxUSz5KOdCvXo8rHIMP8uaj58NJCPKhOafPXT7q4JzUcJm_FhJk_gGZ9m6wp3CrVxJ_G91rOQp2GrobSRYNpATNfuL_TrbPSww_5C6fY1TYGrgh2G5qbi_w33_8oVCipao0ahAE6OXaEg1eSpZ9UXhQJIqHLJV7iu97j-g0cJv9czTdrV76OG4eUN9PIq0_d8JTZ0ONDhAF10ONDhwP_R4UCHAyzQ4UCHA1z2ngC1t0mAOrkZ0BVCHAhxwCxCHAhxQAZCHAhxwAJCHAhxAMbppjw9lDhQ4gBSlDhQ4sDzUeJAiQNkDgUZlDhQ4oCZWrKg_C2okOJAigNukeJAigOfR4oDKQ4oQIoDKQ74OOSMJn9PKbQ40OKAU7Q40OLA_9HiKM4EWhxwUixOoMWBFgcknKHFgZefqpdXmb-b-VqaxyjG0S-GaAcxjmNh934BqQgY7quRtCVaMznLjmLmqu6uN89feK-8p3BUAh4TdAvV2SuhUffoKDoNOfZj6SeGBP5lKuYWTJyxfBGM5BjJJ2D7aqZl_zVQCzbygQ3EizxOnU1eSr4CZnLUVgUm-xbjKAhCGzEO_L8O_69LjCMjXSkTExDjAIs6sNiHGEdGZlMiWiDGAS614JLOgKxtMqBeytejGZB1xGIc5TnutBDjgNmaQtz-xDhKRDXEOCCjNjL2I8ZRggrEOGChJhb2JcZRZr0MMQ7AOL6Up3O8Yhx6Mh7EOIBU_-p2zWIcJeIVYhx4vv4F7L2JcegJBohxgMzBIFO1GIeeLz-IccDM0WdB-ftQHaMYR_nSN8Q44LbSsp8axDjKVDAgxoHPVzG_248YR7lv_4hxQEElFNQpxqFnfQwxDvg44owmf1-pYxPjKBHNEOOA04oKEyoT49AUuRDjwP8r8v_6xTj0ZPeIccBJrXGiDjEOPR3PiHFAQpVrvvrFOPRMkxDjwMsPN3_PF9NEjAMxDthFjAMxDvwfMQ7EOMCigg_3iHEgxgEu22VAnS0yINPMy4Dal4hxIMYBs4hxIMYBGYhxIMYBC4hxIMYBGKeb8piIcSDGAaSIcSDGgecjxoEYB8gcCjKIcSDGATO1ZEH5-1AhxoEYB9wixoEYBz6PGAdiHFCAGAdiHPBxyBmNhRgHYhxwihgHYhz4P2IciHHACWIciHFAAmIciHHg5Qefv-eLaSLGgRgH7CLGgRgH_o8YB2IcYFHBh3vEOBDjAJftMqDuNhlQ2tejGVAPMQ7EOGAWMQ7EOCADMQ7EOGABMQ7EOADjdFOePmIciHEAKWIciHHg-YhxIMYBMoeCDGIciHHATC1ZUP4-VIhxIMYBt4hxIMaBzyPGgRgHFCDGgRgHfBxwRmPl7yuFGAdiHHCKGAdiHPg_YhzFmUCMA04Q40CMAxIQ40CMo-FeXl3-bl5c5m8PoMQ47pR3-0_CuFGelpusBy7683jgytMMvfxF6AKKA5cFpDeuigFpVSW9kbS5QUvRlxWhKi-iEJWXuDKmtrJg5Mj_tRcEK7dKgCj_JG_fldS15O--SgY941X4jpjEb_A7OTaSsfAmR_KuvguwjvAvBjMFsr8cSnkbA-EGV3mbj2Yw3IEhobnXg7F8dtkfIW9t3w8SWuUW40H5huokDFcZy1dlYNCsObCw935uLxg0EIN0xDLXRSwzGbEuM97x0YBlbeydLh6wdDZKJ_ns6-GTRmn4rDRMBcuv9ibNjyJtoEkCsgSiChJgVtUGet8sYQ98f7Pv_6y08yYbspXMpk-rNgb0NX0urK0uT_lsL38hb96wlhwEHqYsGcscWHlHkD4vnpx8iCPvdV7SI5-j_epMRXjco5g6MpwHObMM6K2oM6xCuzrD48z2vwmoOKgZW2dj62fxGdvvKqcYiklc2mOnxrfUKoMWYjW0vS1tjUl5NGANED5zo9b6Th41jQt6JTM_ixZp3tEYv6y6mnfuF1ZDRgPJqDJydTe262yxOD6bPO_Yj5OEM6seu_x6uJaOhKWRsNhAFvP7EfKnawWrsJMMmOWna1blPQlM2hqNQ5WhKX8The5WoendzB4r3YD5ryfG-Y-eNzQ-eP7YGT9NMsuIChWeplIrPbNJDSXXm0yG1wbyWmsBqsbvRSYFqHCyryX0CgpQU4sQeuZ4FKBCwhHN8PK1QlRl3kdvPqbztrqPtvhDzl42VuiFhTmbU7LNJXrti04sGdsgjyWtuvjPujfHitrcgKRMWrxEVj6edcDa40dvMC9Ms9UNT4QviXK91Wc0YxQe-5cTDsDRF9LGGsU9-c4IV8zl3bq2q3IAhYT8B2ngmkbxzZ-TEkS083snCgNRsEpPhrgX1Uf3JbQiH4z5ENzHhkAR8o9wCMCjWXhsEcx6BYJZtMzczG8Tb5cKZn8XbjAzcFwhrVUDu0sBXwLcDWo_RcHVXb4nDf7nyuDTreAD0-Jt4ht2tCtQupf0_fzGpzzfr2z_hlPfvg6H30tcMjfWJm0fl_Rp0Scnk3piEkr0EHl0UtwVrTQgxA0rxxu98pt3OzssEX5w3KD8Or5IaJxPQqHsTIyL1DAlMN6wf96W64X6NFUX5ifWC8_nOuFA3DCIKxVaTYY2TdM8ZFZx_yOIYfn9vN1SMSxYMfglNMAfOgPPOP_FU_8gs5XRZOrLX6_f369IZVM1i4WLBZPcBG2lCVtw5aTIOAB0s4COxrOfnBfj12d_NpnmB7N0VVO6_zG5YLFhJ9iiYGgo-ItY2bDWRzDYZh0jOO1wtdPcrec-rdFeTRQymTVFifVlTNuEhqi5dylzqybDhIzDJqPKGV9-6TqFTRQ2MZ2jsInCJvCoLJi1twlm7dxo1qOyicomOKWyicomHP6QAlOf0iZKm0CS0iZKm2Dl-MLX5q3SqW2itgmKqW2itgn3P8wg1t68Oy7FTRQ3QTTFTRQ3UcJBcRPFTZBx5FO-_Hp2qpuobmI-R3UT1U3gUVk0s7aJZlZuNMvfu4fqJqqb4JTqJqqbcPiaA1P-1jxUN1HdBJJUN1HdBCsHGb7yeyCpbqK6CYqpbqK6Cfc_4CCW3_pIdRPVTRBNdRPVTdRwUN1EdRNkHP-Uz8ovaKe6ieom5nNUN1HdBB6VRbPONtEsR4mwfXGZv_sP1U1UN8Ep1U1UN-HwNQem_I19qG6iugkkqW6iuglWDjJ85fdAUt1EdRMUU91EdRPuf8BBLL_1keomqpsgmuomqpuo4aC6ieomyDiBKV9-QfvxVDddU910SvM5aaPCVB51bXiLQ-ZDGUNwNHsLMGzJW5BD8SrBCy2cj8vAFa-2PMWjmITB5EVOvSXLrrHwHXVSV72B_QBHeVMvnjyl4YYQjJypHZ7x0ZO36wdviNUtL0k_vPqmMkhQ3wQg1QOSjmjdbSJaL-Xp0YiWvwnQkVQ4lWCXCidIrTSU1VfjVND7qXHC5Y8sOOVv8XMEVU4lAhNVTkCpMw4dUJ1TCRqoc4KWYw5hZn4_5JFWOpVfPqTSCY5riXqV1zrpwYJaJwA4jkCW3wp5vNVOJaCl2gmm9xHUKq130vNJjHqnA67qOBkQ9lPxVAIHKp5g49gnfvll7tQ8UfPErI6aJ2qeAKTSiHa1TUTr50a0_K2BqHmi5glSqXmi5gmX30Nwyt_4h5onap6Akponap6g5WBDWH6XJDVP1DzBMTVP1DwBwIEHsvzmSGqeqHmCaWqeqHmiroOaJ2qeYONUJn7t_GJ3ap6oeWJWR80TNU8AUmlE620R0a5yA1r-fkGUPFHyBKiUPFHyhMvXH5ssKp6oeIJJKp6oeIKWo4xg-S2SFDxR8ATGFDxR8AQAhx3H8hsjqXei3gmkqXei3omaDuqdqHeCjVOZ9-XXuatypzuFgC-f741yO5E33_PGMv9_kg4iM_bBszO2w1y-XJGTeankOiLQdjNi2NUK2raEtr0GWquqKqd1Jp_kTE7ewxLS4Omsw3ToTOzgAqZiNXyx2F89P_R2dfnJPJdYeEQWqVeGIsX2A2LsxbaUg6DwIMas_JO8fVeS05K_-yrG8qISP0e-RGM3-J0cG98ehDcp337iu2CvysjbSgxmandKfzmU8jYWL8C3-WgGwx0YEpp7PRjLZ5eMYf8hphJM435RP5QJQZG6phQGVsb2xGUwKFjZtJmBlKk4fwOdPx2kzHVByswoyk15dDRI5W8G1N4qSIWVPA---OapERpMvUw0i9Qt6UTTrLZy6V1o76fAXvhsIJ-pyqUbX8yHoWThUtr9M7KqEu6vtXRpZSVe33Cvfy_8kcxsfxPuH8b5R5m_qVFzjR_lAEqfyP6gqtLhMFbkLrelUOjpQUE8yfx24xKDfLZyBiafXT4PGfbfRe1vxiocxOxtHmfl74hlbTWP--xMJm_G5z9nYrpDiV9VUzjhTFwRevDuC4QRUwliDUSyWLWf6qiSpkyyvxkVqPCraqWh0hK_-4XVkNFAMqoMVvmNwJ2tgtVibfjzszdzpausXxcvUsGXAjWrZ6T8yriOVYdsg2G0gYzml-3lt8IXq91L8WDq4aGa4r0Tb4QHh32ErN7FpSn_b2MR3xYfc9Xq2Xt7pLrajV9no4c1pRdF6vTSn3I1LY9syrK2WChMmAqbDWQzGqpuHoazQSzRuhXqqag8K9pPVKxCrwAT_ZpWHooxkTD_bmn-fdx8OGk4J7f-bDx4DlYfPNcWxvmtkINqhH_OXFNPFOsVWYjQM59bX65XME6Ept5nmwoJDSRB-2xOTuekK0i7pkI5w5P6RCJH9It86Gp1wHZHE-mpj0I-Yd8eBpD4jjd0voWuNPBGL66tfvtf_5rfmZrXma12y2p1Wt3WVau3vOfJl6E81HXtcOY3Gy1ucn6D5py6YJY5P6CdOMBKHWEljujNj-gtj-jEjzBTB3QTB1ipI64SRywu0l8e0Ysf0V4eIM1XxZtqNFcUyIGM1uEv4Zj3utyETrKMh2fxZ-kELA_VIwqupC7sjMMXRzCI6g-Pznj-n1d-_CW4p_-6avX_O3SFxa_mRZvBb_oBlV8Uh_b87dg-i7_94sXKZz9cX4b_5jsvg_AVl7RAufnC4xVf0RLY8F0iztRYrnyon-c3_ehoLxxbecVqtIfz1CM61Ol0ZM2wBqeMDuvyD8EQBf-WMaxXOcN6lR7W7lleUMka1k_2YCa9JTKuIrBk4TiLIX4zQjsls7OBo9S_5Pune_m_EmN83TIvW6bZMtt5g30dH-x-ig7zMnGElcLDNBOHpAky2_FDrudHXEceaviZNfpI34dV2HP736nDcp7qdfKp9mNP9TrjqfZa14mn2os81ev4U-1cXEWe6X9moNLupB7q3Yay8gCY4HnKeCyPHcpnF3-OppX7krWgRQctZqdldlvmVUu-_s1-y7xutS9zx31j4DGTkaedPiQZerppcBKxx-ynD-mvC0_LI64TR1hL_Jax-DJxSDeD0OJB7ufQIx6DaWmRQNdNRjozHumyvGwrevsX5uWGSNfrpiKduls1_51Pe18DiuNzx6Wn2erD4tBLOFbbzHOjtgm-OvBtt1vSqdud3LFOxKCrFI_txMv0Ks1juxM_ZBXqVg_sZd7dHH1gyY7nT_ZEjfmD4wbT7Y2IBFeKP8er2HPsZQKSnAtGAUnMBa2L7obwZnZTj_FXXzyIrzI_lSmoF_ARiWeLyd_kQtVkJeNau5v7sLqAoQWMq1a712r3W-3rlnXZssyWlTsfbK8LSRFKkiEpnZW114SkyBHrQtIKNWtdSIocksgx2-mZp5XIMq0MYCNx7Ys9Ud_pVODaEOLugwNFQX6DCyciXDcW4qxdAe7HczmrUC73fxaLPsspaYiw6o78c6YWToxg0U2thXwTqok0ybGVOz-1mJ9q4djqtKxuy7pqWblrLlYyPGUwk3iz9tIzSusqfkh_we9qvmj1EodkzRc3ZXQ3r2L8TQxzn24_9Xh78efbz3rA_dTUsL9-arg58lmXqef7PjeVG9j-QD0h9TDNTx-SDzN3_cNiAUQPMtctmY93zFan3erkv6QSwegyFa46iVh02UkfklzvTMeiTiIWmWb6EGtN_F0Xr9QK74Pnbo5XH9SB4cDOj14bqsxUNhZfdzSzs7EtYpXaFm2Tg1ylFx5dmYtFVxoXB6v6H3_qTVrRuPUyG70kXKKTmyB0OoCnA7xOt9W5anV6rU6_1bluyayhm5sEd9bM9SNUJAJSN73G0UkEpG56QtlJvlgzLpRYD-32UpGvm1gQ7fbThySy-quM2FgkSVzJYq11qKt8h7raNTaGYie5WWE_w5_i0-LV0mfLeJFnF1FXC79o2pNpcmLZzU1Uum1gLQmrvMN5I6P35cUV4_kynTq7qlj-d-tM_WT-l3-Fw_qvs6kznbnqNtVPHx7_31n4-VJ9qlZfXOXlwvuRCcRsInzX-38Sn6YnjvqeqCyQh59_ElMnWE27nwSu4Ulv9wfOg7PU41T1IAPhiqCzzrwwLw31Yh858jd_Li4-FdK5nMewLG3guMbENiaqYMWOfT9PfiUPvUnNPMO7mV_v2fb9sN5FXdQQs6nn-_ZT7FuXuofIh2XxdTaZht9zI8uCD2ISzgvV5ixBMFoNznRxhzJoKUWY4bym7ntj9e26Jw95Cp9LcMEXb-jPD5sYz0LOLg0r_nF6IUPTCk7Rj_y-Hflvb8F_vY78V3P5X78PC_hGaiFHenIwLr0fjF-VoWom6851a-SPx1NpwNDb8tbUBYKbi5x047na68713_9ekpvhnR89f-Uk8t1iRz_Jz4sBwsKmtV567y5_cz4Onp4Y2b63qqMIqyj-FilckN6qyhGkNRP7KfzJWBVrjJ3XQGFILZOpHwXv-Lelys-yi1FmEY6S8fHtiXwXqVxbDZAx8eSrK3bTef4cue_Q516mKql_FYuhjd6cvK2sm_ve-Og78h9eHBE46thWTZIKNnlaeVeLCwT3PV8cF37LCO7Olw9PPU0RZnfB0sGfM8f2V8sMKWeLXu6HoDpkVaUiH2WwBLGs9gj-FAYGdZ55FunJ3_Uv2u2Cv_vvf6v6iC-S8ecvM_mTL85QpYJnsb89iMEf0jtVKPmqSle-D2pFnIfv1SHfz__r5PsPnnxFvZsfGzvBs5g8y18_mN3u48C0O6Zti555PRTt9tWj1bG7l8Nh57FrPfaE2Td7PfvxYWj2Hs2BaT5cWVZ72O-Iy_7D2b__fzAuZEA:1w6Rri:JmDJda0QymsS9djXlkVdjCHMHQnJx42obrFxMeICh-E','2026-04-11 11:30:06.004597');
/*!40000 ALTER TABLE `django_session` ENABLE KEYS */;
UNLOCK TABLES;

--
-- Table structure for table `entrenos_clientelogroautomatico`
--

DROP TABLE IF EXISTS `entrenos_clientelogroautomatico`;
/*!40101 SET @saved_cs_client     = @@character_set_client */;
/*!50503 SET character_set_client = utf8mb4 */;
CREATE TABLE `entrenos_clientelogroautomatico` (
  `id` bigint NOT NULL AUTO_INCREMENT,
  `fecha_desbloqueo` datetime(6) NOT NULL,
  `cliente_id` bigint NOT NULL,
  `logro_id` bigint NOT NULL,
  `sesion_id` bigint DEFAULT NULL,
  PRIMARY KEY (`id`),
  UNIQUE KEY `entrenos_clientelogroaut_cliente_id_logro_id_6f565068_uniq` (`cliente_id`,`logro_id`),
  KEY `entrenos_clientelogr_logro_id_57b2c208_fk_entrenos_` (`logro_id`),
  KEY `entrenos_clientelogr_sesion_id_5639e5d4_fk_entrenos_` (`sesion_id`),
  CONSTRAINT `entrenos_clientelogr_cliente_id_124e680f_fk_clientes_` FOREIGN KEY (`cliente_id`) REFERENCES `clientes_cliente` (`id`),
  CONSTRAINT `entrenos_clientelogr_logro_id_57b2c208_fk_entrenos_` FOREIGN KEY (`logro_id`) REFERENCES `entrenos_logroautomatico` (`id`),
  CONSTRAINT `entrenos_clientelogr_sesion_id_5639e5d4_fk_entrenos_` FOREIGN KEY (`sesion_id`) REFERENCES `entrenos_sesionentrenamiento` (`id`)
) ENGINE=InnoDB AUTO_INCREMENT=27 DEFAULT CHARSET=utf8mb4 COLLATE=utf8mb4_unicode_ci;
/*!40101 SET character_set_client = @saved_cs_client */;

--
-- Dumping data for table `entrenos_clientelogroautomatico`
--

LOCK TABLES `entrenos_clientelogroautomatico` WRITE;
/*!40000 ALTER TABLE `entrenos_clientelogroautomatico` DISABLE KEYS */;
INSERT INTO `entrenos_clientelogroautomatico` VALUES (1,'2026-02-01 07:09:33.713000',1,8,3),(2,'2026-02-01 07:09:33.767000',1,19,3),(3,'2026-02-01 07:09:33.806000',1,20,3),(4,'2026-02-01 07:09:34.114000',1,12,5),(5,'2026-02-01 07:09:35.225000',1,9,12),(6,'2026-02-01 07:09:38.875000',1,13,35),(7,'2026-02-01 07:09:41.384000',1,10,52),(8,'2026-02-01 07:09:47.611000',2,5,94),(9,'2026-02-01 07:09:47.638000',2,12,94),(10,'2026-02-01 07:09:47.664000',2,8,94),(11,'2026-02-01 07:09:47.733000',2,20,94),(12,'2026-02-01 07:09:48.075000',2,6,96),(13,'2026-02-01 07:09:48.115000',2,13,96),(14,'2026-02-01 07:43:34.353000',2,9,94),(15,'2026-02-01 07:43:34.435000',2,10,94),(16,'2026-02-01 07:43:34.979000',2,16,97),(17,'2026-02-01 07:43:35.036000',2,14,97),(18,'2026-02-01 07:43:35.364000',2,15,98),(19,'2026-02-01 07:44:01.790000',4,5,191),(20,'2026-02-01 07:44:01.825000',4,8,191),(21,'2026-02-01 07:44:01.857000',4,16,191),(22,'2026-02-01 07:44:01.893000',4,15,191),(23,'2026-02-01 07:44:01.953000',4,14,191),(24,'2026-02-01 07:44:01.982000',4,20,191),(25,'2026-02-02 16:52:06.229000',2,1,192),(26,'2026-02-02 16:52:06.237000',2,11,192);
/*!40000 ALTER TABLE `entrenos_clientelogroautomatico` ENABLE KEYS */;
UNLOCK TABLES;

--
-- Table structure for table `entrenos_datosliftindetallados`
--

DROP TABLE IF EXISTS `entrenos_datosliftindetallados`;
/*!40101 SET @saved_cs_client     = @@character_set_client */;
/*!50503 SET character_set_client = utf8mb4 */;
CREATE TABLE `entrenos_datosliftindetallados` (
  `id` bigint NOT NULL AUTO_INCREMENT,
  `datos_frecuencia_cardiaca` json DEFAULT NULL,
  `version_liftin` varchar(20) COLLATE utf8mb4_unicode_ci DEFAULT NULL,
  `dispositivo_origen` varchar(50) COLLATE utf8mb4_unicode_ci DEFAULT NULL,
  `sincronizado_health` tinyint(1) NOT NULL,
  `health_workout_uuid` varchar(100) COLLATE utf8mb4_unicode_ci DEFAULT NULL,
  `metadatos_adicionales` json DEFAULT NULL,
  `fecha_creacion` datetime(6) NOT NULL,
  `fecha_actualizacion` datetime(6) NOT NULL,
  `entreno_id` bigint NOT NULL,
  PRIMARY KEY (`id`),
  KEY `entrenos_datosliftin_entreno_id_066e9499_fk_entrenos_` (`entreno_id`),
  CONSTRAINT `entrenos_datosliftin_entreno_id_066e9499_fk_entrenos_` FOREIGN KEY (`entreno_id`) REFERENCES `entrenos_entrenorealizado` (`id`)
) ENGINE=InnoDB DEFAULT CHARSET=utf8mb4 COLLATE=utf8mb4_unicode_ci;
/*!40101 SET character_set_client = @saved_cs_client */;

--
-- Dumping data for table `entrenos_datosliftindetallados`
--

LOCK TABLES `entrenos_datosliftindetallados` WRITE;
/*!40000 ALTER TABLE `entrenos_datosliftindetallados` DISABLE KEYS */;
/*!40000 ALTER TABLE `entrenos_datosliftindetallados` ENABLE KEYS */;
UNLOCK TABLES;

--
-- Table structure for table `entrenos_desafiosemanal`
--

DROP TABLE IF EXISTS `entrenos_desafiosemanal`;
/*!40101 SET @saved_cs_client     = @@character_set_client */;
/*!50503 SET character_set_client = utf8mb4 */;
CREATE TABLE `entrenos_desafiosemanal` (
  `id` bigint NOT NULL AUTO_INCREMENT,
  `nombre` varchar(100) COLLATE utf8mb4_unicode_ci NOT NULL,
  `descripcion` longtext COLLATE utf8mb4_unicode_ci NOT NULL,
  `icono` varchar(10) COLLATE utf8mb4_unicode_ci NOT NULL,
  `fecha_inicio` date NOT NULL,
  `fecha_fin` date NOT NULL,
  `objetivo_tipo` varchar(20) COLLATE utf8mb4_unicode_ci NOT NULL,
  `objetivo_valor` int unsigned NOT NULL,
  `recompensa_puntos` int unsigned NOT NULL,
  `activo` tinyint(1) NOT NULL,
  `global_challenge` tinyint(1) NOT NULL,
  PRIMARY KEY (`id`),
  CONSTRAINT `entrenos_desafiosemanal_chk_1` CHECK ((`objetivo_valor` >= 0)),
  CONSTRAINT `entrenos_desafiosemanal_chk_2` CHECK ((`recompensa_puntos` >= 0))
) ENGINE=InnoDB DEFAULT CHARSET=utf8mb4 COLLATE=utf8mb4_unicode_ci;
/*!40101 SET character_set_client = @saved_cs_client */;

--
-- Dumping data for table `entrenos_desafiosemanal`
--

LOCK TABLES `entrenos_desafiosemanal` WRITE;
/*!40000 ALTER TABLE `entrenos_desafiosemanal` DISABLE KEYS */;
/*!40000 ALTER TABLE `entrenos_desafiosemanal` ENABLE KEYS */;
UNLOCK TABLES;

--
-- Table structure for table `entrenos_detalleejerciciorealizado`
--

DROP TABLE IF EXISTS `entrenos_detalleejerciciorealizado`;
/*!40101 SET @saved_cs_client     = @@character_set_client */;
/*!50503 SET character_set_client = utf8mb4 */;
CREATE TABLE `entrenos_detalleejerciciorealizado` (
  `id` bigint NOT NULL AUTO_INCREMENT,
  `series` int unsigned NOT NULL,
  `repeticiones` int unsigned NOT NULL,
  `peso_kg` decimal(5,2) NOT NULL,
  `completado` tinyint(1) NOT NULL,
  `ejercicio_id` bigint NOT NULL,
  `entreno_id` bigint NOT NULL,
  PRIMARY KEY (`id`),
  KEY `entrenos_detalleejer_ejercicio_id_f5de3243_fk_rutinas_e` (`ejercicio_id`),
  KEY `entrenos_detalleejer_entreno_id_86a40981_fk_entrenos_` (`entreno_id`),
  CONSTRAINT `entrenos_detalleejer_ejercicio_id_f5de3243_fk_rutinas_e` FOREIGN KEY (`ejercicio_id`) REFERENCES `rutinas_ejerciciobase` (`id`),
  CONSTRAINT `entrenos_detalleejer_entreno_id_86a40981_fk_entrenos_` FOREIGN KEY (`entreno_id`) REFERENCES `entrenos_entrenorealizado` (`id`),
  CONSTRAINT `entrenos_detalleejerciciorealizado_chk_1` CHECK ((`series` >= 0)),
  CONSTRAINT `entrenos_detalleejerciciorealizado_chk_2` CHECK ((`repeticiones` >= 0))
) ENGINE=InnoDB DEFAULT CHARSET=utf8mb4 COLLATE=utf8mb4_unicode_ci;
/*!40101 SET character_set_client = @saved_cs_client */;

--
-- Dumping data for table `entrenos_detalleejerciciorealizado`
--

LOCK TABLES `entrenos_detalleejerciciorealizado` WRITE;
/*!40000 ALTER TABLE `entrenos_detalleejerciciorealizado` DISABLE KEYS */;
/*!40000 ALTER TABLE `entrenos_detalleejerciciorealizado` ENABLE KEYS */;
UNLOCK TABLES;

--
-- Table structure for table `entrenos_ejerciciobaseobsoleto`
--

DROP TABLE IF EXISTS `entrenos_ejerciciobaseobsoleto`;
/*!40101 SET @saved_cs_client     = @@character_set_client */;
/*!50503 SET character_set_client = utf8mb4 */;
CREATE TABLE `entrenos_ejerciciobaseobsoleto` (
  `id` bigint NOT NULL AUTO_INCREMENT,
  `nombre` varchar(100) COLLATE utf8mb4_unicode_ci NOT NULL,
  `grupo_muscular` varchar(50) COLLATE utf8mb4_unicode_ci NOT NULL,
  `equipo` varchar(100) COLLATE utf8mb4_unicode_ci DEFAULT NULL,
  PRIMARY KEY (`id`),
  UNIQUE KEY `nombre` (`nombre`)
) ENGINE=InnoDB DEFAULT CHARSET=utf8mb4 COLLATE=utf8mb4_unicode_ci;
/*!40101 SET character_set_client = @saved_cs_client */;

--
-- Dumping data for table `entrenos_ejerciciobaseobsoleto`
--

LOCK TABLES `entrenos_ejerciciobaseobsoleto` WRITE;
/*!40000 ALTER TABLE `entrenos_ejerciciobaseobsoleto` DISABLE KEYS */;
/*!40000 ALTER TABLE `entrenos_ejerciciobaseobsoleto` ENABLE KEYS */;
UNLOCK TABLES;

--
-- Table structure for table `entrenos_ejercicioliftin`
--

DROP TABLE IF EXISTS `entrenos_ejercicioliftin`;
/*!40101 SET @saved_cs_client     = @@character_set_client */;
/*!50503 SET character_set_client = utf8mb4 */;
CREATE TABLE `entrenos_ejercicioliftin` (
  `id` bigint NOT NULL AUTO_INCREMENT,
  `nombre` varchar(200) COLLATE utf8mb4_unicode_ci NOT NULL,
  `orden` int unsigned NOT NULL,
  `peso_texto` varchar(50) COLLATE utf8mb4_unicode_ci DEFAULT NULL,
  `repeticiones_texto` varchar(50) COLLATE utf8mb4_unicode_ci DEFAULT NULL,
  `estado` varchar(20) COLLATE utf8mb4_unicode_ci NOT NULL,
  `fecha_creacion` datetime(6) NOT NULL,
  `entreno_id` bigint NOT NULL,
  PRIMARY KEY (`id`),
  KEY `entrenos_ejercicioli_entreno_id_e3671832_fk_entrenos_` (`entreno_id`),
  CONSTRAINT `entrenos_ejercicioli_entreno_id_e3671832_fk_entrenos_` FOREIGN KEY (`entreno_id`) REFERENCES `entrenos_entrenorealizado` (`id`),
  CONSTRAINT `entrenos_ejercicioliftin_chk_1` CHECK ((`orden` >= 0))
) ENGINE=InnoDB DEFAULT CHARSET=utf8mb4 COLLATE=utf8mb4_unicode_ci;
/*!40101 SET character_set_client = @saved_cs_client */;

--
-- Dumping data for table `entrenos_ejercicioliftin`
--

LOCK TABLES `entrenos_ejercicioliftin` WRITE;
/*!40000 ALTER TABLE `entrenos_ejercicioliftin` DISABLE KEYS */;
/*!40000 ALTER TABLE `entrenos_ejercicioliftin` ENABLE KEYS */;
UNLOCK TABLES;

--
-- Table structure for table `entrenos_ejercicioliftindetallado`
--

DROP TABLE IF EXISTS `entrenos_ejercicioliftindetallado`;
/*!40101 SET @saved_cs_client     = @@character_set_client */;
/*!50503 SET character_set_client = utf8mb4 */;
CREATE TABLE `entrenos_ejercicioliftindetallado` (
  `id` bigint NOT NULL AUTO_INCREMENT,
  `nombre_ejercicio` varchar(200) COLLATE utf8mb4_unicode_ci NOT NULL,
  `orden_ejercicio` int unsigned NOT NULL,
  `peso_kg` decimal(8,2) DEFAULT NULL,
  `peso_formateado` varchar(50) COLLATE utf8mb4_unicode_ci DEFAULT NULL,
  `series_realizadas` int unsigned NOT NULL,
  `repeticiones_formateado` varchar(50) COLLATE utf8mb4_unicode_ci DEFAULT NULL,
  `repeticiones_min` int unsigned DEFAULT NULL,
  `repeticiones_max` int unsigned DEFAULT NULL,
  `completado` tinyint(1) NOT NULL,
  `estado_liftin` varchar(20) COLLATE utf8mb4_unicode_ci NOT NULL,
  `notas_ejercicio` longtext COLLATE utf8mb4_unicode_ci,
  `fecha_creacion` datetime(6) NOT NULL,
  `entreno_id` bigint NOT NULL,
  PRIMARY KEY (`id`),
  KEY `entrenos_ejercicioli_entreno_id_58885b68_fk_entrenos_` (`entreno_id`),
  CONSTRAINT `entrenos_ejercicioli_entreno_id_58885b68_fk_entrenos_` FOREIGN KEY (`entreno_id`) REFERENCES `entrenos_entrenorealizado` (`id`),
  CONSTRAINT `entrenos_ejercicioliftindetallado_chk_1` CHECK ((`orden_ejercicio` >= 0)),
  CONSTRAINT `entrenos_ejercicioliftindetallado_chk_2` CHECK ((`series_realizadas` >= 0)),
  CONSTRAINT `entrenos_ejercicioliftindetallado_chk_3` CHECK ((`repeticiones_min` >= 0)),
  CONSTRAINT `entrenos_ejercicioliftindetallado_chk_4` CHECK ((`repeticiones_max` >= 0))
) ENGINE=InnoDB DEFAULT CHARSET=utf8mb4 COLLATE=utf8mb4_unicode_ci;
/*!40101 SET character_set_client = @saved_cs_client */;

--
-- Dumping data for table `entrenos_ejercicioliftindetallado`
--

LOCK TABLES `entrenos_ejercicioliftindetallado` WRITE;
/*!40000 ALTER TABLE `entrenos_ejercicioliftindetallado` DISABLE KEYS */;
/*!40000 ALTER TABLE `entrenos_ejercicioliftindetallado` ENABLE KEYS */;
UNLOCK TABLES;

--
-- Table structure for table `entrenos_ejerciciorealizado`
--

DROP TABLE IF EXISTS `entrenos_ejerciciorealizado`;
/*!40101 SET @saved_cs_client     = @@character_set_client */;
/*!50503 SET character_set_client = utf8mb4 */;
CREATE TABLE `entrenos_ejerciciorealizado` (
  `id` bigint NOT NULL AUTO_INCREMENT,
  `nombre_ejercicio` varchar(100) COLLATE utf8mb4_unicode_ci NOT NULL,
  `grupo_muscular` varchar(50) COLLATE utf8mb4_unicode_ci DEFAULT NULL,
  `peso_kg` double NOT NULL,
  `series` int unsigned NOT NULL,
  `repeticiones` int unsigned NOT NULL,
  `tempo` varchar(10) COLLATE utf8mb4_unicode_ci DEFAULT NULL,
  `rpe` int unsigned DEFAULT NULL,
  `rir` int unsigned DEFAULT NULL,
  `fallo_muscular` tinyint(1) NOT NULL,
  `orden` int unsigned NOT NULL,
  `completado` tinyint(1) NOT NULL,
  `nuevo_record` tinyint(1) NOT NULL,
  `fuente_datos` varchar(20) COLLATE utf8mb4_unicode_ci NOT NULL,
  `fecha_creacion` datetime(6) NOT NULL,
  `entreno_id` bigint NOT NULL,
  `is_recovery_load` tinyint(1) NOT NULL,
  PRIMARY KEY (`id`),
  KEY `entrenos_ejerciciore_entreno_id_c303a350_fk_entrenos_` (`entreno_id`),
  CONSTRAINT `entrenos_ejerciciore_entreno_id_c303a350_fk_entrenos_` FOREIGN KEY (`entreno_id`) REFERENCES `entrenos_entrenorealizado` (`id`),
  CONSTRAINT `entrenos_ejerciciorealizado_chk_1` CHECK ((`series` >= 0)),
  CONSTRAINT `entrenos_ejerciciorealizado_chk_2` CHECK ((`repeticiones` >= 0)),
  CONSTRAINT `entrenos_ejerciciorealizado_chk_3` CHECK ((`rpe` >= 0)),
  CONSTRAINT `entrenos_ejerciciorealizado_chk_4` CHECK ((`rir` >= 0)),
  CONSTRAINT `entrenos_ejerciciorealizado_chk_5` CHECK ((`orden` >= 0))
) ENGINE=InnoDB AUTO_INCREMENT=649 DEFAULT CHARSET=utf8mb4 COLLATE=utf8mb4_unicode_ci;
/*!40101 SET character_set_client = @saved_cs_client */;

--
-- Dumping data for table `entrenos_ejerciciorealizado`
--

LOCK TABLES `entrenos_ejerciciorealizado` WRITE;
/*!40000 ALTER TABLE `entrenos_ejerciciorealizado` DISABLE KEYS */;
INSERT INTO `entrenos_ejerciciorealizado` VALUES (7,'Peso Muerto','Otros',47.5,4,3,NULL,NULL,NULL,0,0,1,0,'manual','2025-08-25 18:28:35.197000',8,0),(8,'Face Pulls','Otros',47.5,4,3,NULL,NULL,NULL,0,0,1,0,'manual','2025-08-25 18:28:35.198000',8,0),(9,'Curl Martillo Con Mancuernas','Otros',47.5,4,3,NULL,NULL,NULL,0,0,1,0,'manual','2025-08-25 18:28:35.199000',8,0),(10,'Dominadas (Con Lastre)','Otros',35,3,10,NULL,NULL,NULL,0,0,1,0,'manual','2025-08-25 18:35:00.554000',9,0),(11,'Pull-Overs Con Mancuerna','Otros',35,3,10,NULL,NULL,NULL,0,0,1,0,'manual','2025-08-25 18:35:00.597000',9,0),(12,'Curl En Polea Alta','Otros',35,3,10,NULL,NULL,NULL,0,0,1,0,'manual','2025-08-25 18:35:00.662000',9,0),(13,'Peso Muerto','Otros',42.5,4,3,NULL,NULL,NULL,0,0,1,0,'manual','2025-08-25 18:43:23.504000',10,0),(14,'Face Pulls','Otros',42.5,4,3,NULL,NULL,NULL,0,0,1,0,'manual','2025-08-25 18:43:23.505000',10,0),(15,'Curl Martillo Con Mancuernas','Otros',42.5,4,3,NULL,NULL,NULL,0,0,1,0,'manual','2025-08-25 18:43:23.506000',10,0),(16,'Sentadilla Trasera Con Barra','Otros',47.5,2,3,NULL,NULL,NULL,0,0,1,0,'manual','2025-08-25 18:46:33.459000',11,0),(17,'Prensa De Piernas','Otros',47.5,2,3,NULL,NULL,NULL,0,0,1,0,'manual','2025-08-25 18:46:33.460000',11,0),(18,'Peso Muerto Rumano','Otros',47.5,1,3,NULL,NULL,NULL,0,0,1,0,'manual','2025-08-25 18:46:33.461000',11,0),(19,'Hiperextensiones Inversas','Otros',47.5,1,3,NULL,NULL,NULL,0,0,1,0,'manual','2025-08-25 18:46:33.462000',11,0),(20,'Hip Thrust Con Barra','Otros',47.5,1,3,NULL,NULL,NULL,0,0,1,0,'manual','2025-08-25 18:46:33.462000',11,0),(21,'Patada De Glúteo En Polea','Otros',47.5,1,3,NULL,NULL,NULL,0,0,1,0,'manual','2025-08-25 18:46:33.463000',11,0),(22,'Sentadilla Trasera Con Barra','Otros',42.5,2,3,NULL,NULL,NULL,0,0,1,0,'manual','2025-08-25 18:48:17.178000',12,0),(23,'Prensa De Piernas','Otros',42.5,2,3,NULL,NULL,NULL,0,0,1,0,'manual','2025-08-25 18:48:17.179000',12,0),(24,'Peso Muerto Rumano','Otros',42.5,1,3,NULL,NULL,NULL,0,0,1,0,'manual','2025-08-25 18:48:17.180000',12,0),(25,'Hiperextensiones Inversas','Otros',42.5,1,3,NULL,NULL,NULL,0,0,1,0,'manual','2025-08-25 18:48:17.180000',12,0),(26,'Hip Thrust Con Barra','Otros',42.5,1,3,NULL,NULL,NULL,0,0,1,0,'manual','2025-08-25 18:48:17.181000',12,0),(27,'Patada De Glúteo En Polea','Otros',42.5,1,3,NULL,NULL,NULL,0,0,1,0,'manual','2025-08-25 18:48:17.182000',12,0),(28,'Sentadilla Frontal Con Barra','Otros',35,1,10,NULL,NULL,NULL,0,0,1,0,'manual','2025-08-25 18:49:46.470000',13,0),(29,'Zancadas Con Mancuernas','Otros',35,1,10,NULL,NULL,NULL,0,0,1,0,'manual','2025-08-25 18:49:46.471000',13,0),(30,'Buenos Días (Good Mornings)','Otros',35,1,10,NULL,NULL,NULL,0,0,1,0,'manual','2025-08-25 18:49:46.472000',13,0),(31,'Curl Femoral Tumbado','Otros',35,1,10,NULL,NULL,NULL,0,0,1,0,'manual','2025-08-25 18:49:46.472000',13,0),(32,'Peso Muerto Sumo','Otros',35,1,10,NULL,NULL,NULL,0,0,1,0,'manual','2025-08-25 18:49:46.473000',13,0),(33,'Abducción De Cadera En Máquina','Otros',35,1,10,NULL,NULL,NULL,0,0,1,0,'manual','2025-08-25 18:49:46.473000',13,0),(34,'Fondos En Paralelas (Con Lastre)','Otros',47.5,3,3,NULL,NULL,NULL,0,0,1,0,'manual','2025-08-25 18:50:10.857000',14,0),(35,'Cruce De Poleas','Otros',47.5,3,3,NULL,NULL,NULL,0,0,1,0,'manual','2025-08-25 18:50:10.858000',14,0),(36,'Press Militar Con Barra (De Pie)','Otros',47.5,2,3,NULL,NULL,NULL,0,0,1,0,'manual','2025-08-25 18:50:10.859000',14,0),(37,'Elevaciones Frontales Con Polea','Otros',47.5,2,3,NULL,NULL,NULL,0,0,1,0,'manual','2025-08-25 18:50:10.860000',14,0),(38,'Press Francés Con Barra Z','Otros',47.5,2,3,NULL,NULL,NULL,0,0,1,0,'manual','2025-08-25 18:50:10.861000',14,0),(39,'Patada De Tríceps Con Polea','Otros',47.5,2,3,NULL,NULL,NULL,0,0,1,0,'manual','2025-08-25 18:50:10.862000',14,0),(40,'Sentadilla Trasera Con Barra','Otros',42.5,2,3,NULL,NULL,NULL,0,0,1,0,'manual','2025-08-25 18:50:31.558000',15,0),(41,'Prensa De Piernas','Otros',42.5,2,3,NULL,NULL,NULL,0,0,1,0,'manual','2025-08-25 18:50:31.559000',15,0),(42,'Peso Muerto Rumano','Otros',42.5,1,3,NULL,NULL,NULL,0,0,1,0,'manual','2025-08-25 18:50:31.559000',15,0),(43,'Hiperextensiones Inversas','Otros',42.5,1,3,NULL,NULL,NULL,0,0,1,0,'manual','2025-08-25 18:50:31.560000',15,0),(44,'Hip Thrust Con Barra','Otros',42.5,1,3,NULL,NULL,NULL,0,0,1,0,'manual','2025-08-25 18:50:31.560000',15,0),(45,'Patada De Glúteo En Polea','Otros',42.5,1,3,NULL,NULL,NULL,0,0,1,0,'manual','2025-08-25 18:50:31.561000',15,0),(46,'Fondos En Paralelas (Con Lastre)','Otros',42.5,3,3,NULL,NULL,NULL,0,0,1,0,'manual','2025-08-26 17:03:33.759000',16,0),(47,'Cruce De Poleas','Otros',42.5,3,3,NULL,NULL,NULL,0,0,1,0,'manual','2025-08-26 17:03:33.760000',16,0),(48,'Press Militar Con Barra (De Pie)','Otros',42.5,2,3,NULL,NULL,NULL,0,0,1,0,'manual','2025-08-26 17:03:33.761000',16,0),(49,'Elevaciones Frontales Con Polea','Otros',42.5,2,3,NULL,NULL,NULL,0,0,1,0,'manual','2025-08-26 17:03:33.761000',16,0),(50,'Press Francés Con Barra Z','Otros',42.5,2,3,NULL,NULL,NULL,0,0,1,0,'manual','2025-08-26 17:03:33.762000',16,0),(51,'Patada De Tríceps Con Polea','Otros',42.5,2,3,NULL,NULL,NULL,0,0,1,0,'manual','2025-08-26 17:03:33.762000',16,0),(52,'Sentadilla Trasera Con Barra','Otros',42.5,2,3,NULL,NULL,NULL,0,0,1,0,'manual','2025-08-26 17:08:58.014000',17,0),(53,'Prensa De Piernas','Otros',42.5,2,3,NULL,NULL,NULL,0,0,1,0,'manual','2025-08-26 17:08:58.015000',17,0),(54,'Peso Muerto Rumano','Otros',42.5,1,3,NULL,NULL,NULL,0,0,1,0,'manual','2025-08-26 17:08:58.016000',17,0),(55,'Hiperextensiones Inversas','Otros',42.5,1,3,NULL,NULL,NULL,0,0,1,0,'manual','2025-08-26 17:08:58.017000',17,0),(56,'Hip Thrust Con Barra','Otros',42.5,1,3,NULL,NULL,NULL,0,0,1,0,'manual','2025-08-26 17:08:58.018000',17,0),(57,'Patada De Glúteo En Polea','Otros',42.5,1,3,NULL,NULL,NULL,0,0,1,0,'manual','2025-08-26 17:08:58.018000',17,0),(58,'Peso Muerto','Otros',42.5,4,3,NULL,NULL,NULL,0,0,1,0,'manual','2025-08-26 17:15:24.304000',18,0),(59,'Face Pulls','Otros',42.5,4,3,NULL,NULL,NULL,0,0,1,0,'manual','2025-08-26 17:15:24.305000',18,0),(60,'Curl Martillo Con Mancuernas','Otros',42.5,4,3,NULL,NULL,NULL,0,0,1,0,'manual','2025-08-26 17:15:24.306000',18,0),(61,'Sentadilla Trasera Con Barra','Otros',42.5,2,3,NULL,NULL,NULL,0,0,1,0,'manual','2025-08-26 17:22:33.188000',19,0),(62,'Prensa De Piernas','Otros',42.5,2,3,NULL,NULL,NULL,0,0,1,0,'manual','2025-08-26 17:22:33.189000',19,0),(63,'Peso Muerto Rumano','Otros',42.5,1,3,NULL,NULL,NULL,0,0,1,0,'manual','2025-08-26 17:22:33.190000',19,0),(64,'Hiperextensiones Inversas','Otros',42.5,1,3,NULL,NULL,NULL,0,0,1,0,'manual','2025-08-26 17:22:33.190000',19,0),(65,'Hip Thrust Con Barra','Otros',42.5,1,3,NULL,NULL,NULL,0,0,1,0,'manual','2025-08-26 17:22:33.191000',19,0),(66,'Patada De Glúteo En Polea','Otros',42.5,1,3,NULL,NULL,NULL,0,0,1,0,'manual','2025-08-26 17:22:33.192000',19,0),(67,'Peso Muerto','Otros',42.5,4,3,NULL,NULL,NULL,0,0,1,0,'manual','2025-08-26 17:24:19.476000',20,0),(68,'Face Pulls','Otros',42.5,4,3,NULL,NULL,NULL,0,0,1,0,'manual','2025-08-26 17:24:19.477000',20,0),(69,'Curl Martillo Con Mancuernas','Otros',42.5,4,3,NULL,NULL,NULL,0,0,1,0,'manual','2025-08-26 17:24:19.478000',20,0),(70,'Peso Muerto','Otros',42.5,4,3,NULL,NULL,NULL,0,0,1,0,'manual','2025-08-26 17:24:55.501000',21,0),(71,'Face Pulls','Otros',42.5,4,3,NULL,NULL,NULL,0,0,1,0,'manual','2025-08-26 17:24:55.502000',21,0),(72,'Curl Martillo Con Mancuernas','Otros',42.5,4,3,NULL,NULL,NULL,0,0,1,0,'manual','2025-08-26 17:24:55.502000',21,0),(73,'Sentadilla Frontal Con Barra','Otros',27.5,1,10,NULL,NULL,NULL,0,0,1,0,'manual','2025-08-26 17:27:42.992000',22,0),(74,'Extensiones De Cuádriceps En Máquina','Otros',35,1,10,NULL,NULL,NULL,0,0,1,0,'manual','2025-08-26 17:27:42.993000',22,0),(75,'Buenos Días (Good Mornings)','Otros',34,1,10,NULL,NULL,NULL,0,0,1,0,'manual','2025-08-26 17:27:42.993000',22,0),(76,'Curl Femoral Sentado','Otros',34,1,10,NULL,NULL,NULL,0,0,1,0,'manual','2025-08-26 17:27:42.994000',22,0),(77,'Peso Muerto Sumo','Otros',44,1,10,NULL,NULL,NULL,0,0,1,0,'manual','2025-08-26 17:27:42.995000',22,0),(78,'Abducción De Cadera En Máquina','Otros',44,1,10,NULL,NULL,NULL,0,0,1,0,'manual','2025-08-26 17:27:42.995000',22,0),(79,'Peso Muerto','Otros',42.5,4,3,NULL,NULL,NULL,0,0,1,0,'manual','2025-08-26 17:35:22.519000',23,0),(80,'Face Pulls','Otros',42.5,4,3,NULL,NULL,NULL,0,0,1,0,'manual','2025-08-26 17:35:22.520000',23,0),(81,'Curl Martillo Con Mancuernas','Otros',42.5,4,3,NULL,NULL,NULL,0,0,1,0,'manual','2025-08-26 17:35:22.521000',23,0),(82,'Peso Muerto','Otros',42.5,4,3,NULL,NULL,NULL,0,0,1,0,'manual','2025-08-26 17:45:46.461000',24,0),(83,'Face Pulls','Otros',42.5,4,3,NULL,NULL,NULL,0,0,1,0,'manual','2025-08-26 17:45:46.462000',24,0),(84,'Curl Martillo Con Mancuernas','Otros',42.5,4,3,NULL,NULL,NULL,0,0,1,0,'manual','2025-08-26 17:45:46.463000',24,0),(85,'Peso Muerto','Otros',42.5,4,3,NULL,NULL,NULL,0,0,1,0,'manual','2025-08-26 18:08:04.897000',25,0),(86,'Face Pulls','Otros',42.5,4,3,NULL,NULL,NULL,0,0,1,0,'manual','2025-08-26 18:08:04.898000',25,0),(87,'Curl Martillo Con Mancuernas','Otros',42.5,4,3,NULL,NULL,NULL,0,0,1,0,'manual','2025-08-26 18:08:04.898000',25,0),(88,'Peso Muerto','Otros',42.5,4,3,NULL,NULL,NULL,0,0,1,0,'manual','2025-08-26 18:09:06.302000',26,0),(89,'Face Pulls','Otros',42.5,4,3,NULL,NULL,NULL,0,0,1,0,'manual','2025-08-26 18:09:06.304000',26,0),(90,'Curl Martillo Con Mancuernas','Otros',42.5,4,3,NULL,NULL,NULL,0,0,1,0,'manual','2025-08-26 18:09:06.305000',26,0),(91,'Peso Muerto','Otros',42.5,4,3,NULL,NULL,NULL,0,0,1,0,'manual','2025-08-26 18:09:47.328000',27,0),(92,'Face Pulls','Otros',42.5,4,3,NULL,NULL,NULL,0,0,1,0,'manual','2025-08-26 18:09:47.329000',27,0),(93,'Curl Martillo Con Mancuernas','Otros',45.875,4,3,NULL,NULL,NULL,0,0,1,0,'manual','2025-08-26 18:09:47.329000',27,0),(94,'Sentadilla Trasera Con Barra','Otros',42.5,2,3,NULL,NULL,NULL,0,0,1,0,'manual','2025-08-26 18:10:16.258000',28,0),(95,'Prensa De Piernas','Otros',42.5,2,3,NULL,NULL,NULL,0,0,1,0,'manual','2025-08-26 18:10:16.258000',28,0),(96,'Peso Muerto Rumano','Otros',42.5,1,3,NULL,NULL,NULL,0,0,1,0,'manual','2025-08-26 18:10:16.259000',28,0),(97,'Hiperextensiones Inversas','Otros',42.5,1,3,NULL,NULL,NULL,0,0,1,0,'manual','2025-08-26 18:10:16.259000',28,0),(98,'Hip Thrust Con Barra','Otros',42.5,1,3,NULL,NULL,NULL,0,0,1,0,'manual','2025-08-26 18:10:16.260000',28,0),(99,'Patada De Glúteo En Polea','Otros',42.5,1,3,NULL,NULL,NULL,0,0,1,0,'manual','2025-08-26 18:10:16.260000',28,0),(100,'Peso Muerto','Otros',42.5,4,3,NULL,NULL,NULL,0,0,1,0,'manual','2025-08-26 18:16:39.665000',29,0),(101,'Face Pulls','Otros',42.5,4,3,NULL,NULL,NULL,0,0,1,0,'manual','2025-08-26 18:16:39.666000',29,0),(102,'Curl Martillo Con Mancuernas','Otros',42.5,4,3,NULL,NULL,NULL,0,0,1,0,'manual','2025-08-26 18:16:39.667000',29,0),(103,'Peso Muerto','Otros',42.5,4,3,NULL,NULL,NULL,0,0,1,0,'manual','2025-08-26 18:22:14.163000',30,0),(104,'Face Pulls','Otros',42.5,4,3,NULL,NULL,NULL,0,0,1,0,'manual','2025-08-26 18:22:14.164000',30,0),(105,'Curl Martillo Con Mancuernas','Otros',42.5,4,3,NULL,NULL,NULL,0,0,1,0,'manual','2025-08-26 18:22:14.165000',30,0),(106,'Peso Muerto','Otros',42.5,4,3,NULL,NULL,NULL,0,0,1,0,'manual','2025-08-26 18:32:32.176000',31,0),(107,'Face Pulls','Otros',42.5,4,3,NULL,NULL,NULL,0,0,1,0,'manual','2025-08-26 18:32:32.177000',31,0),(108,'Curl Martillo Con Mancuernas','Otros',42.5,4,3,NULL,NULL,NULL,0,0,1,0,'manual','2025-08-26 18:32:32.177000',31,0),(109,'Peso Muerto','Otros',42.5,4,3,NULL,NULL,NULL,0,0,1,0,'manual','2025-08-26 18:40:49.799000',32,0),(110,'Face Pulls','Otros',42.5,4,3,NULL,NULL,NULL,0,0,1,0,'manual','2025-08-26 18:40:49.800000',32,0),(111,'Curl Martillo Con Mancuernas','Otros',42.5,4,3,NULL,NULL,NULL,0,0,1,0,'manual','2025-08-26 18:40:49.800000',32,0),(112,'Peso Muerto','Otros',42.5,4,3,NULL,NULL,NULL,0,0,1,0,'manual','2025-08-26 18:43:21.762000',33,0),(113,'Face Pulls','Otros',42.5,4,3,NULL,NULL,NULL,0,0,1,0,'manual','2025-08-26 18:43:21.763000',33,0),(114,'Curl Martillo Con Mancuernas','Otros',42.5,4,3,NULL,NULL,NULL,0,0,1,0,'manual','2025-08-26 18:43:21.764000',33,0),(115,'Peso Muerto','Otros',42.5,4,3,NULL,NULL,NULL,0,0,1,0,'manual','2025-08-26 18:45:03.743000',34,0),(116,'Face Pulls','Otros',42.5,4,3,NULL,NULL,NULL,0,0,1,0,'manual','2025-08-26 18:45:03.744000',34,0),(117,'Curl Martillo Con Mancuernas','Otros',42.5,4,3,NULL,NULL,NULL,0,0,1,0,'manual','2025-08-26 18:45:03.745000',34,0),(124,'Sentadilla Frontal Con Barra','Otros',27.5,1,10,NULL,NULL,NULL,0,0,1,0,'manual','2025-08-26 18:57:56.556000',36,0),(125,'Extensiones De Cuádriceps En Máquina','Otros',27.5,1,10,NULL,NULL,NULL,0,0,1,0,'manual','2025-08-26 18:57:56.580000',36,0),(126,'Buenos Días (Good Mornings)','Otros',27.5,1,10,NULL,NULL,NULL,0,0,1,0,'manual','2025-08-26 18:57:56.582000',36,0),(127,'Curl Femoral Sentado','Otros',27.5,1,10,NULL,NULL,NULL,0,0,1,0,'manual','2025-08-26 18:57:56.583000',36,0),(128,'Peso Muerto Sumo','Otros',35,1,10,NULL,NULL,NULL,0,0,1,0,'manual','2025-08-26 18:57:56.584000',36,0),(129,'Abducción De Cadera En Máquina','Otros',35,1,10,NULL,NULL,NULL,0,0,1,0,'manual','2025-08-26 18:57:56.585000',36,0),(142,'Sentadilla Frontal Con Barra','Otros',27.5,1,10,NULL,NULL,NULL,0,0,1,0,'manual','2025-08-27 17:15:53.587000',39,0),(143,'Extensiones De Cuádriceps En Máquina','Otros',27.5,1,10,NULL,NULL,NULL,0,0,1,0,'manual','2025-08-27 17:15:53.588000',39,0),(144,'Buenos Días (Good Mornings)','Otros',27.5,1,10,NULL,NULL,NULL,0,0,1,0,'manual','2025-08-27 17:15:53.589000',39,0),(145,'Curl Femoral Sentado','Otros',27.5,1,10,NULL,NULL,NULL,0,0,1,0,'manual','2025-08-27 17:15:53.590000',39,0),(146,'Peso Muerto Sumo','Otros',35,1,10,NULL,NULL,NULL,0,0,1,0,'manual','2025-08-27 17:15:53.591000',39,0),(147,'Abducción De Cadera En Máquina','Otros',35,1,10,NULL,NULL,NULL,0,0,1,0,'manual','2025-08-27 17:15:53.592000',39,0),(148,'Sentadilla Frontal Con Barra','Otros',27.5,1,10,NULL,NULL,NULL,0,0,1,0,'manual','2025-08-27 17:26:31.587000',40,0),(149,'Extensiones De Cuádriceps En Máquina','Otros',27.5,1,10,NULL,NULL,NULL,0,0,1,0,'manual','2025-08-27 17:26:31.589000',40,0),(150,'Buenos Días (Good Mornings)','Otros',27.5,1,10,NULL,NULL,NULL,0,0,1,0,'manual','2025-08-27 17:26:31.590000',40,0),(151,'Curl Femoral Sentado','Otros',27.5,1,10,NULL,NULL,NULL,0,0,1,0,'manual','2025-08-27 17:26:31.590000',40,0),(152,'Peso Muerto Sumo','Otros',35,1,10,NULL,NULL,NULL,0,0,1,0,'manual','2025-08-27 17:26:31.591000',40,0),(153,'Abducción De Cadera En Máquina','Otros',35,1,10,NULL,NULL,NULL,0,0,1,0,'manual','2025-08-27 17:26:31.592000',40,0),(154,'Peso Muerto','Otros',42.5,4,3,NULL,NULL,NULL,0,0,1,0,'manual','2025-08-27 17:28:11.143000',41,0),(155,'Face Pulls','Otros',42.5,4,3,NULL,NULL,NULL,0,0,1,0,'manual','2025-08-27 17:28:11.143000',41,0),(156,'Curl Martillo Con Mancuernas','Otros',42.5,4,3,NULL,NULL,NULL,0,0,1,0,'manual','2025-08-27 17:28:11.144000',41,0),(157,'Sentadilla Trasera Con Barra','Otros',42.5,2,3,NULL,NULL,NULL,0,0,1,0,'manual','2025-08-27 17:28:31.745000',42,0),(158,'Prensa De Piernas','Otros',42.5,2,3,NULL,NULL,NULL,0,0,1,0,'manual','2025-08-27 17:28:31.746000',42,0),(159,'Peso Muerto Rumano','Otros',42.5,1,3,NULL,NULL,NULL,0,0,1,0,'manual','2025-08-27 17:28:31.746000',42,0),(160,'Hiperextensiones Inversas','Otros',42.5,1,3,NULL,NULL,NULL,0,0,1,0,'manual','2025-08-27 17:28:31.746000',42,0),(161,'Hip Thrust Con Barra','Otros',42.5,1,3,NULL,NULL,NULL,0,0,1,0,'manual','2025-08-27 17:28:31.747000',42,0),(162,'Patada De Glúteo En Polea','Otros',42.5,1,3,NULL,NULL,NULL,0,0,1,0,'manual','2025-08-27 17:28:31.747000',42,0),(170,'Sentadilla Trasera Con Barra','Otros',48.333333333333336,6,7,NULL,NULL,NULL,0,0,1,0,'manual','2025-08-31 07:32:29.371000',103,0),(171,'Peso Muerto Rumano','Otros',70,6,8,NULL,NULL,NULL,0,0,1,0,'manual','2025-08-31 07:34:21.165000',104,0),(172,'Curl Femoral Sentado','Otros',40,6,8,NULL,NULL,NULL,0,0,1,0,'manual','2025-08-31 07:34:21.166000',104,0),(173,'Hip Thrust Con Barra','Otros',90,6,8,NULL,NULL,NULL,0,0,1,0,'manual','2025-08-31 07:34:21.167000',104,0),(174,'Patada De Glúteo En Polea','Otros',35,6,8,NULL,NULL,NULL,0,0,1,0,'manual','2025-08-31 07:34:21.168000',104,0),(175,'Press Inclinado Con Barra','Otros',75,6,7,NULL,NULL,NULL,0,0,1,0,'manual','2025-08-31 07:38:10.072000',105,0),(176,'Press Banca Con Mancuernas','Otros',21.666666666666668,6,8,NULL,NULL,NULL,0,0,1,0,'manual','2025-08-31 07:38:10.073000',105,0),(177,'Press Francés Con Barra Z','Otros',30,6,6,NULL,NULL,NULL,0,0,1,0,'manual','2025-08-31 07:38:10.075000',105,0),(178,'Fondos Entre Bancos','Otros',0,2,5,NULL,NULL,NULL,0,0,1,0,'manual','2025-08-31 07:38:10.077000',105,0),(179,'Sentadilla Trasera Con Barra','Otros',50,6,8,NULL,NULL,NULL,0,0,1,0,'manual','2025-09-03 16:46:32.910000',106,0),(180,'Sentadilla Búlgara','Otros',1,6,8,NULL,NULL,NULL,0,0,1,0,'manual','2025-09-03 16:46:32.911000',106,0),(263,'Press Inclinado Con Barra','Pecho',40,6,12,NULL,NULL,NULL,0,0,1,0,'manual','2025-09-06 05:33:01.697000',142,0),(264,'Press Banca Con Mancuernas','Pecho',19.333333333333332,6,12,NULL,NULL,NULL,0,0,1,0,'manual','2025-09-06 05:33:01.698000',142,0),(265,'Press Francés Con Barra Z','Tríceps',28.333333333333332,6,9,NULL,NULL,NULL,0,0,1,0,'manual','2025-09-06 05:33:01.698000',142,0),(266,'Remo Con Barra (Pendlay)','Espalda',30,6,9,NULL,NULL,NULL,0,0,1,0,'manual','2025-09-06 05:35:46.888000',143,0),(267,'Remo Con Mancuerna A Una Mano','Espalda',16,6,10,NULL,NULL,NULL,0,0,1,0,'manual','2025-09-06 05:35:46.889000',143,0),(268,'Curl Con Barra Z','Bíceps',25,6,10,NULL,NULL,NULL,0,0,1,0,'manual','2025-09-06 05:35:46.889000',143,0),(269,'Press Militar Con Barra (De Pie)','Hombros',30,6,8,NULL,NULL,NULL,0,0,1,0,'manual','2025-09-06 15:44:45.244000',144,0),(270,'Press Arnold',NULL,40,6,8,NULL,NULL,NULL,0,0,1,0,'manual','2025-09-06 15:44:45.246000',144,0),(271,'Press Inclinado Con Barra','Pecho',47.5,6,7,NULL,NULL,NULL,0,0,1,0,'manual','2025-09-08 16:27:07.662000',145,0),(272,'Press Banca Con Mancuernas','Pecho',27.083333333333332,6,10,NULL,NULL,NULL,0,0,1,0,'manual','2025-09-08 16:27:07.662000',145,0),(273,'Press Francés Con Barra Z','Tríceps',35,6,8,NULL,NULL,NULL,0,0,1,0,'manual','2025-09-08 16:27:07.663000',145,0),(274,'Fondos Entre Bancos',NULL,1,1,1,NULL,NULL,NULL,0,0,1,0,'manual','2025-09-08 16:27:07.663000',145,0),(275,'Remo Con Barra (Pendlay)','Espalda',35,6,5,NULL,NULL,NULL,0,0,1,0,'manual','2025-09-09 16:45:49.393000',146,0),(276,'Remo Con Mancuerna A Una Mano','Espalda',20,6,10,NULL,NULL,NULL,0,0,1,0,'manual','2025-09-09 16:45:49.394000',146,0),(277,'Curl Con Barra Z','Bíceps',30,6,8,NULL,NULL,NULL,0,0,1,0,'manual','2025-09-09 16:45:49.394000',146,0),(278,'Sentadilla Trasera Con Barra','Cuádriceps',30,6,10,NULL,NULL,NULL,0,0,1,0,'manual','2025-09-10 16:50:16.440000',147,0),(279,'Sentadilla Búlgara','Cuádriceps',1,6,6,NULL,NULL,NULL,0,0,1,0,'manual','2025-09-10 16:50:16.441000',147,0),(280,'Press Militar Con Barra (De Pie)','Hombros',30,6,7,NULL,NULL,NULL,0,0,1,0,'manual','2025-09-11 16:36:23.725000',148,0),(281,'Press Arnold',NULL,40,6,6,NULL,NULL,NULL,0,0,1,0,'manual','2025-09-11 16:36:23.726000',148,0),(282,'Peso Muerto Rumano','Espalda',65,6,8,NULL,NULL,NULL,0,0,1,0,'manual','2025-09-13 09:51:08.724000',149,0),(283,'Curl Femoral Sentado','Isquios',38.333333333333336,6,9,NULL,NULL,NULL,0,0,1,0,'manual','2025-09-13 09:51:08.725000',149,0),(284,'Hip Thrust Con Barra','Glúteos',120,6,8,NULL,NULL,NULL,0,0,1,0,'manual','2025-09-13 09:51:08.725000',149,0),(285,'Patada De Glúteo En Polea',NULL,46.666666666666664,6,8,NULL,NULL,NULL,0,0,1,0,'manual','2025-09-13 09:51:08.726000',149,0),(286,'Press Inclinado Con Barra','Pecho',52.5,6,8,NULL,NULL,NULL,0,0,1,0,'manual','2025-09-14 16:52:12.243000',150,0),(287,'Press Banca Con Mancuernas','Pecho',28.416666666666668,6,6,NULL,NULL,NULL,0,0,1,0,'manual','2025-09-14 16:52:12.244000',150,0),(288,'Press Francés Con Barra Z','Tríceps',37.5,6,5,NULL,NULL,NULL,0,0,1,0,'manual','2025-09-14 16:52:12.244000',150,0),(289,'Fondos Entre Bancos',NULL,1,6,4,NULL,NULL,NULL,0,0,1,0,'manual','2025-09-14 16:52:12.245000',150,0),(290,'Remo Con Barra (Pendlay)','Espalda',35,6,6,NULL,NULL,NULL,0,0,1,0,'manual','2025-09-15 23:26:27.896000',151,0),(291,'Remo Con Mancuerna A Una Mano','Espalda',24,6,8,NULL,NULL,NULL,0,0,1,0,'manual','2025-09-15 23:26:27.896000',151,0),(292,'Curl Con Barra Z','Bíceps',32.5,6,7,NULL,NULL,NULL,0,0,1,0,'manual','2025-09-15 23:26:27.897000',151,0),(293,'Sentadilla Trasera Con Barra','Cuádriceps',32.5,6,8,NULL,NULL,NULL,0,0,1,0,'manual','2025-09-18 16:47:23.878000',152,0),(294,'Sentadilla Búlgara','Cuádriceps',1,6,8,NULL,NULL,NULL,0,0,1,0,'manual','2025-09-18 16:47:23.878000',152,0),(295,'Press Militar Con Barra (De Pie)','Hombros',30,6,4,NULL,NULL,NULL,0,0,1,0,'manual','2025-09-19 17:34:40.641000',153,0),(296,'Press Arnold',NULL,40,6,5,NULL,NULL,NULL,0,0,1,0,'manual','2025-09-19 17:34:40.642000',153,0),(297,'Peso Muerto Rumano','Espalda',82.5,6,8,NULL,NULL,NULL,0,0,1,0,'manual','2025-09-20 18:13:51.540000',154,0),(298,'Curl Femoral Sentado','Isquios',42.5,6,8,NULL,NULL,NULL,0,0,1,0,'manual','2025-09-20 18:13:51.541000',154,0),(299,'Hip Thrust Con Barra','Glúteos',150,5,7,NULL,NULL,NULL,0,0,1,0,'manual','2025-09-20 18:13:51.541000',154,0),(300,'Press Inclinado Con Barra','Pecho',57.5,6,8,NULL,NULL,NULL,0,0,1,0,'manual','2025-09-23 16:59:16.493000',155,0),(301,'Press Banca Con Mancuernas','Pecho',27.5,6,8,NULL,NULL,NULL,0,0,1,0,'manual','2025-09-23 16:59:16.494000',155,0),(302,'Press Francés Con Barra Z','Tríceps',32.5,6,8,NULL,NULL,NULL,0,0,1,0,'manual','2025-09-23 16:59:16.494000',155,0),(303,'Fondos Entre Bancos',NULL,1,6,6,NULL,NULL,NULL,0,0,1,0,'manual','2025-09-23 16:59:16.495000',155,0),(304,'Remo Con Barra (Pendlay)','Espalda',35,6,8,NULL,NULL,NULL,0,0,1,0,'manual','2025-09-25 17:49:28.828000',156,0),(305,'Remo Con Mancuerna A Una Mano','Espalda',31.333333333333332,6,7,NULL,NULL,NULL,0,0,1,0,'manual','2025-09-25 17:49:28.829000',156,0),(306,'Curl Con Barra Z','Bíceps',30,6,8,NULL,NULL,NULL,0,0,1,0,'manual','2025-09-25 17:49:28.830000',156,0),(307,'Sentadilla Trasera Con Barra','Cuádriceps',32.5,6,8,NULL,NULL,NULL,0,0,1,0,'manual','2025-09-27 13:41:27.054000',157,0),(308,'Sentadilla Búlgara','Cuádriceps',2.5,6,8,NULL,NULL,NULL,0,0,1,0,'manual','2025-09-27 13:41:27.055000',157,0),(309,'Press Inclinado Con Barra',NULL,30,6,8,NULL,NULL,NULL,0,0,1,0,'manual','2025-09-29 07:27:23.690000',158,0),(310,'Press Banca Con Mancuernas',NULL,30,6,8,NULL,NULL,NULL,0,0,1,0,'manual','2025-09-29 07:27:23.692000',158,0),(311,'Press Militar Con Barra (De Pie)',NULL,30,4,8,NULL,NULL,NULL,0,0,1,0,'manual','2025-09-29 07:27:23.693000',158,0),(312,'Press Arnold',NULL,30,4,8,NULL,NULL,NULL,0,0,1,0,'manual','2025-09-29 07:27:23.694000',158,0),(313,'Press Francés Con Barra Z',NULL,30,3,8,NULL,NULL,NULL,0,0,1,0,'manual','2025-09-29 07:27:23.694000',158,0),(314,'Fondos Entre Bancos',NULL,30,3,8,NULL,NULL,NULL,0,0,1,0,'manual','2025-09-29 07:27:23.695000',158,0),(315,'Press Militar Con Barra (De Pie)','Hombros',27.5,6,7,NULL,NULL,NULL,0,0,1,0,'manual','2025-09-29 18:08:11.945000',159,0),(316,'Press Arnold',NULL,37.5,6,8,NULL,NULL,NULL,0,0,1,0,'manual','2025-09-29 18:08:11.957000',159,0),(317,'Press Militar Con Barra (De Pie)','Hombros',27.5,6,7,NULL,NULL,NULL,0,0,1,0,'manual','2025-09-29 18:08:14.539000',160,0),(318,'Press Arnold',NULL,37.5,6,8,NULL,NULL,NULL,0,0,1,0,'manual','2025-09-29 18:08:14.547000',160,0),(319,'Peso Muerto Rumano','Espalda',85,6,8,NULL,NULL,NULL,0,0,1,0,'manual','2025-10-03 16:01:26.916000',161,0),(320,'Curl Femoral Sentado','Isquios',45,6,8,NULL,NULL,NULL,0,0,1,0,'manual','2025-10-03 16:01:26.921000',161,0),(321,'Hip Thrust Con Barra','Glúteos',156.66666666666666,6,8,NULL,NULL,NULL,0,0,1,0,'manual','2025-10-03 16:01:26.923000',161,0),(322,'Patada De Glúteo En Polea',NULL,52.5,6,8,NULL,NULL,NULL,0,0,1,0,'manual','2025-10-03 16:01:26.925000',161,0),(323,'Press Inclinado Con Barra','Pecho',60,6,9,NULL,NULL,NULL,0,0,1,0,'manual','2025-10-04 15:43:59.568000',162,0),(324,'Press Banca Con Mancuernas','Pecho',27.5,6,7,NULL,NULL,NULL,0,0,1,0,'manual','2025-10-04 15:43:59.574000',162,0),(325,'Press Francés Con Barra Z','Tríceps',32.5,6,8,NULL,NULL,NULL,0,0,1,0,'manual','2025-10-04 15:43:59.575000',162,0),(326,'Fondos Entre Bancos',NULL,2.5,6,8,NULL,NULL,NULL,0,0,1,0,'manual','2025-10-04 15:43:59.577000',162,0),(327,'Remo Con Barra (Pendlay)','Espalda',35,6,8,NULL,NULL,NULL,0,0,1,0,'manual','2025-10-07 15:56:59.576000',163,0),(328,'Remo Con Mancuerna A Una Mano','Espalda',32.5,6,5,NULL,NULL,NULL,0,0,1,0,'manual','2025-10-07 15:56:59.590000',163,0),(329,'Curl Con Barra Z','Bíceps',30,6,8,NULL,NULL,NULL,0,0,1,0,'manual','2025-10-07 15:56:59.605000',163,0),(330,'Sentadilla Trasera Con Barra','Cuádriceps',32.5,6,8,NULL,NULL,NULL,0,0,1,0,'manual','2025-10-09 16:59:10.545000',164,0),(331,'Sentadilla Búlgara','Cuádriceps',2.5,6,8,NULL,NULL,NULL,0,0,1,0,'manual','2025-10-09 16:59:10.549000',164,0),(332,'Press Militar Con Barra (De Pie)','Hombros',27.5,6,8,NULL,NULL,NULL,0,0,1,0,'manual','2025-10-10 15:39:41.091000',165,0),(333,'Press Arnold',NULL,37.5,6,9,NULL,NULL,NULL,0,0,1,0,'manual','2025-10-10 15:39:41.093000',165,0),(334,'Peso Muerto Rumano','Espalda',90,6,8,NULL,NULL,NULL,0,0,1,0,'manual','2025-10-11 09:00:04.114000',166,0),(335,'Curl Femoral Sentado','Isquios',50,6,6,NULL,NULL,NULL,0,0,1,0,'manual','2025-10-11 09:00:04.123000',166,0),(336,'Hip Thrust Con Barra','Glúteos',170,6,5,NULL,NULL,NULL,0,0,1,0,'manual','2025-10-11 09:00:04.128000',166,0),(337,'Patada De Glúteo En Polea',NULL,50,6,8,NULL,NULL,NULL,0,0,1,0,'manual','2025-10-11 09:00:04.133000',166,0),(338,'Press Inclinado Con Barra','Pecho',70,6,8,NULL,NULL,NULL,0,0,1,0,'manual','2025-10-13 08:50:11.645000',167,0),(339,'Press Banca Con Mancuernas','Pecho',27.5,6,8,NULL,NULL,NULL,0,0,1,0,'manual','2025-10-13 08:50:11.649000',167,0),(340,'Press Francés Con Barra Z','Tríceps',32.5,6,8,NULL,NULL,NULL,0,0,1,0,'manual','2025-10-13 08:50:11.650000',167,0),(341,'Fondos Entre Bancos',NULL,2.5,6,8,NULL,NULL,NULL,0,0,1,0,'manual','2025-10-13 08:50:11.651000',167,0),(342,'Remo Con Barra (Pendlay)','Espalda',35,6,8,NULL,NULL,NULL,0,0,1,0,'manual','2025-10-17 15:46:08.149000',168,0),(343,'Remo Con Mancuerna A Una Mano','Espalda',30,6,6,NULL,NULL,NULL,0,0,1,0,'manual','2025-10-17 15:46:08.151000',168,0),(344,'Curl Con Barra Z','Bíceps',32.5,6,8,NULL,NULL,NULL,0,0,1,0,'manual','2025-10-17 15:46:08.153000',168,0),(345,'Sentadilla Trasera Con Barra','Cuádriceps',32.5,6,9,NULL,NULL,NULL,0,0,1,0,'manual','2025-10-18 09:00:10.488000',169,0),(346,'Sentadilla Búlgara','Cuádriceps',5.666666666666667,6,8,NULL,NULL,NULL,0,0,1,0,'manual','2025-10-18 09:00:10.490000',169,0),(347,'Press Militar Con Barra (De Pie)','Hombros',27.5,6,8,NULL,NULL,NULL,0,0,1,0,'manual','2025-10-19 08:42:01.957000',170,0),(348,'Press Arnold',NULL,44,6,5,NULL,NULL,NULL,0,0,1,0,'manual','2025-10-19 08:42:01.966000',170,0),(349,'Peso Muerto Rumano','Espalda',92.5,6,8,NULL,NULL,NULL,0,0,1,0,'manual','2025-10-20 08:56:01.634000',171,0),(350,'Curl Femoral Sentado','Isquios',45,6,8,NULL,NULL,NULL,0,0,1,0,'manual','2025-10-20 08:56:01.638000',171,0),(351,'Hip Thrust Con Barra','Glúteos',155,6,8,NULL,NULL,NULL,0,0,1,0,'manual','2025-10-20 08:56:01.639000',171,0),(352,'Patada De Glúteo En Polea',NULL,52.5,6,8,NULL,NULL,NULL,0,0,1,0,'manual','2025-10-20 08:56:01.640000',171,0),(353,'Press Inclinado Con Barra','Pecho',72.5,6,8,NULL,NULL,NULL,0,0,1,0,'manual','2025-10-25 09:13:10.569000',172,0),(354,'Press Banca Con Mancuernas','Pecho',27.5,6,7,NULL,NULL,NULL,0,0,1,0,'manual','2025-10-25 09:13:10.572000',172,0),(355,'Press Francés Con Barra Z','Tríceps',32.5,6,8,NULL,NULL,NULL,0,0,1,0,'manual','2025-10-25 09:13:10.573000',172,0),(356,'Fondos Entre Bancos',NULL,2.5,6,7,NULL,NULL,NULL,0,0,1,0,'manual','2025-10-25 09:13:10.574000',172,0),(357,'Peso Muerto Rumano','Espalda',95,6,7,NULL,NULL,NULL,0,0,1,0,'manual','2025-10-26 11:23:44.737000',173,0),(358,'Curl Femoral Sentado','Isquios',47.5,6,8,NULL,NULL,NULL,0,0,1,0,'manual','2025-10-26 11:23:44.739000',173,0),(359,'Hip Thrust Con Barra','Glúteos',160,6,8,NULL,NULL,NULL,0,0,1,0,'manual','2025-10-26 11:23:44.740000',173,0),(360,'Patada De Glúteo En Polea',NULL,55,6,8,NULL,NULL,NULL,0,0,1,0,'manual','2025-10-26 11:23:44.740000',173,0),(361,'Press Inclinado Con Barra','Pecho',75,6,8,NULL,NULL,NULL,0,0,1,0,'manual','2025-10-27 16:52:10.578000',174,0),(362,'Press Banca Con Mancuernas','Pecho',27.5,6,6,NULL,NULL,NULL,0,0,1,0,'manual','2025-10-27 16:52:10.580000',174,0),(363,'Press Francés Con Barra Z','Tríceps',37.5,6,8,NULL,NULL,NULL,0,0,1,0,'manual','2025-10-27 16:52:10.581000',174,0),(364,'Remo Con Barra (Pendlay)','Espalda',35,6,8,NULL,NULL,NULL,0,0,1,0,'manual','2025-10-28 17:09:59.763000',175,0),(365,'Remo Con Mancuerna A Una Mano','Espalda',30,6,8,NULL,NULL,NULL,0,0,1,0,'manual','2025-10-28 17:09:59.768000',175,0),(366,'Curl Con Barra Z','Bíceps',32.5,6,8,NULL,NULL,NULL,0,0,1,0,'manual','2025-10-28 17:09:59.769000',175,0),(367,'Sentadilla Trasera Con Barra','Cuádriceps',40,6,8,NULL,NULL,NULL,0,0,1,0,'manual','2025-10-29 16:57:42.178000',176,0),(368,'Sentadilla Búlgara','Cuádriceps',8,6,8,NULL,NULL,NULL,0,0,1,0,'manual','2025-10-29 16:57:42.179000',176,0),(369,'Peso Muerto Rumano','Espalda',100,6,5,NULL,NULL,NULL,0,0,1,0,'manual','2025-11-01 08:55:58.813000',177,0),(370,'Curl Femoral Sentado','Isquios',52.5,6,7,NULL,NULL,NULL,0,0,1,0,'manual','2025-11-01 08:55:58.817000',177,0),(371,'Fondos En Paralelas (Con Lastre)','Pecho',14.166666666666666,6,5,NULL,NULL,NULL,0,0,1,0,'manual','2025-11-04 17:05:00.610000',178,0),(372,'Press Inclinado Con Mancuernas','Pecho',31.666666666666668,6,5,NULL,NULL,NULL,0,0,1,0,'manual','2025-11-04 17:05:00.615000',178,0),(373,'Press Cerrado En Banca',NULL,60,4,4,NULL,NULL,NULL,0,0,1,0,'manual','2025-11-04 17:05:00.616000',178,0),(374,'Patada De Tríceps Con Polea',NULL,23.75,4,6,NULL,NULL,NULL,0,0,1,0,'manual','2025-11-04 17:05:00.618000',178,0),(375,'Peso Muerto','Espalda',100,6,3,NULL,NULL,NULL,0,0,1,0,'manual','2025-11-05 16:38:45.502000',179,0),(376,'Jalón Al Pecho','Espalda',75.83333333333333,6,4,NULL,NULL,NULL,0,0,1,0,'manual','2025-11-05 16:38:45.505000',179,0),(377,'Curl Araña',NULL,44.166666666666664,6,4,NULL,NULL,NULL,0,0,1,0,'manual','2025-11-05 16:38:45.505000',179,0),(378,'Push Press',NULL,37.4,5,5,NULL,NULL,NULL,0,0,1,0,'manual','2025-11-06 16:36:29.733000',180,0),(379,'Press Militar Con Mancuernas (Sentado)','Hombros',51,5,4,NULL,NULL,NULL,0,0,1,0,'manual','2025-11-06 16:36:29.734000',180,0),(380,'Push Press',NULL,37.4,5,5,NULL,NULL,NULL,0,0,1,0,'manual','2025-11-06 16:36:30.832000',181,0),(381,'Press Militar Con Mancuernas (Sentado)','Hombros',51,5,4,NULL,NULL,NULL,0,0,1,0,'manual','2025-11-06 16:36:30.834000',181,0),(382,'Buenos Días (Good Mornings)',NULL,42.5,4,4,NULL,NULL,NULL,0,0,1,0,'manual','2025-11-08 09:12:19.826000',182,0),(383,'Hiperextensiones Inversas','Cuádriceps',20,4,9,NULL,NULL,NULL,0,0,1,0,'manual','2025-11-08 09:12:19.830000',182,0),(384,'Peso Muerto Sumo','Espalda',76,5,3,NULL,NULL,NULL,0,0,1,0,'manual','2025-11-08 09:12:19.830000',182,0),(385,'Abducción De Cadera En Máquina',NULL,60,5,14,NULL,NULL,NULL,0,0,1,0,'manual','2025-11-08 09:12:19.831000',182,0),(386,'Sentadilla Frontal Con Barra','Cuádriceps',39.166666666666664,6,3,NULL,NULL,NULL,0,0,1,0,'manual','2025-11-09 14:42:48.443000',183,0),(387,'Extensiones De Cuádriceps En Máquina','Cuádriceps',82.5,6,3,NULL,NULL,NULL,0,0,1,0,'manual','2025-11-09 14:42:48.446000',183,0),(388,'Sentadilla Frontal Con Barra','Cuádriceps',55,6,3,NULL,NULL,NULL,0,0,1,0,'manual','2025-11-12 16:31:44.019000',184,0),(389,'Extensiones De Cuádriceps En Máquina','Cuádriceps',100,6,3,NULL,NULL,NULL,0,0,1,0,'manual','2025-11-12 16:31:44.021000',184,0),(390,'Fondos En Paralelas (Con Lastre)','Pecho',20,6,4,NULL,NULL,NULL,0,0,1,0,'manual','2025-11-13 17:00:37.984000',185,0),(391,'Press Inclinado Con Mancuernas','Pecho',35,6,3,NULL,NULL,NULL,0,0,1,0,'manual','2025-11-13 17:00:37.988000',185,0),(392,'Press Cerrado En Banca',NULL,72.5,4,3,NULL,NULL,NULL,0,0,1,0,'manual','2025-11-13 17:00:37.989000',185,0),(393,'Patada De Tríceps Con Polea',NULL,27.5,4,3,NULL,NULL,NULL,0,0,1,0,'manual','2025-11-13 17:00:37.990000',185,0),(394,'Fondos En Paralelas (Con Lastre)','Pecho',20,6,4,NULL,NULL,NULL,0,0,1,0,'manual','2025-11-13 17:00:39.787000',186,0),(395,'Press Inclinado Con Mancuernas','Pecho',35,6,3,NULL,NULL,NULL,0,0,1,0,'manual','2025-11-13 17:00:39.789000',186,0),(396,'Press Cerrado En Banca',NULL,72.5,4,3,NULL,NULL,NULL,0,0,1,0,'manual','2025-11-13 17:00:39.791000',186,0),(397,'Patada De Tríceps Con Polea',NULL,27.5,4,3,NULL,NULL,NULL,0,0,1,0,'manual','2025-11-13 17:00:39.792000',186,0),(398,'Press Militar Con Barra (De Pie)','Hombros',25,4,10,NULL,NULL,NULL,0,0,1,0,'manual','2025-11-20 09:01:51.777000',187,0),(399,'Elevaciones Laterales Con Mancuernas','Hombros',6,4,10,NULL,NULL,NULL,0,0,1,0,'manual','2025-11-20 09:01:51.779000',187,0),(400,'Sentadilla Trasera Con Barra','Cuádriceps',28,5,10,NULL,NULL,NULL,0,0,1,0,'manual','2025-11-21 16:48:05.391000',188,0),(401,'Prensa De Piernas','Cuádriceps',148,5,10,NULL,NULL,NULL,0,0,1,0,'manual','2025-11-21 16:48:05.394000',188,0),(402,'Press Banca Con Barra','Pecho',62.5,4,9,NULL,NULL,NULL,0,0,1,0,'manual','2025-11-22 09:54:50.548000',189,0),(403,'Aperturas Con Mancuernas','Pecho',13.5,4,10,NULL,NULL,NULL,0,0,1,0,'manual','2025-11-22 09:54:50.550000',189,0),(404,'Press Francés Con Barra Z','Tríceps',30,3,10,NULL,NULL,NULL,0,0,1,0,'manual','2025-11-22 09:54:50.551000',189,0),(405,'Extensiones De Tríceps En Polea Alta','Cuádriceps',15,3,10,NULL,NULL,NULL,0,0,1,0,'manual','2025-11-22 09:54:50.552000',189,0),(406,'Dominadas (Con Lastre)','Espalda',1,5,3,NULL,NULL,NULL,0,0,1,0,'manual','2025-11-23 09:32:19.309000',190,0),(407,'Remo En Polea Baja (Gironda)','Espalda',40,5,10,NULL,NULL,NULL,0,0,1,0,'manual','2025-11-23 09:32:19.311000',190,0),(408,'Curl De Concentración',NULL,10,6,10,NULL,NULL,NULL,0,0,1,0,'manual','2025-11-23 09:32:19.312000',190,0),(409,'Press Inclinado Con Barra','Pecho',72.5,6,10,NULL,NULL,NULL,0,0,1,0,'manual','2025-11-27 16:54:30.510000',191,0),(410,'Cruce De Poleas','Pecho',10.833333333333334,6,15,NULL,NULL,NULL,0,0,1,0,'manual','2025-11-27 16:54:30.512000',191,0),(411,'Press Cerrado En Banca',NULL,40.666666666666664,6,12,NULL,NULL,NULL,0,0,1,0,'manual','2025-11-27 16:54:30.513000',191,0),(412,'Fondos Entre Bancos',NULL,2.5,6,10,NULL,NULL,NULL,0,0,1,0,'manual','2025-11-27 16:54:30.513000',191,0),(413,'Remo Con Barra (Pendlay)','Espalda',20,6,15,NULL,NULL,NULL,0,0,1,0,'manual','2025-11-28 17:05:33.330000',192,0),(414,'Face Pulls',NULL,26.666666666666668,6,15,NULL,NULL,NULL,0,0,1,0,'manual','2025-11-28 17:05:33.338000',192,0),(415,'Curl Martillo Con Mancuernas','Bíceps',9.666666666666666,6,12,NULL,NULL,NULL,0,0,1,0,'manual','2025-11-28 17:05:33.339000',192,0),(416,'Buenos Días (Good Mornings)',NULL,40,6,9,NULL,NULL,NULL,0,0,1,0,'manual','2025-11-29 09:48:19.347000',193,0),(417,'Curl Femoral Sentado','Isquios',37.5,6,11,NULL,NULL,NULL,0,0,1,0,'manual','2025-11-29 09:48:19.350000',193,0),(418,'Peso Muerto Sumo','Espalda',40,6,12,NULL,NULL,NULL,0,0,1,0,'manual','2025-11-29 09:48:19.351000',193,0),(419,'Abducción De Cadera En Máquina',NULL,60,6,19,NULL,NULL,NULL,0,0,1,0,'manual','2025-11-29 09:48:19.352000',193,0),(420,'Push Press',NULL,20,6,12,NULL,NULL,NULL,0,0,1,0,'manual','2025-11-30 09:03:57.823000',194,0),(421,'Elevaciones Frontales Con Polea',NULL,7.916666666666667,6,15,NULL,NULL,NULL,0,0,1,0,'manual','2025-11-30 09:03:57.826000',194,0),(422,'Press Inclinado Con Barra','Pecho',48.333333333333336,6,12,NULL,NULL,NULL,0,0,1,0,'manual','2025-12-02 16:58:22.450000',195,0),(423,'Cruce De Poleas','Pecho',14.166666666666666,6,15,NULL,NULL,NULL,0,0,1,0,'manual','2025-12-02 16:58:22.453000',195,0),(424,'Press Cerrado En Banca',NULL,35,6,13,NULL,NULL,NULL,0,0,1,0,'manual','2025-12-02 16:58:22.453000',195,0),(425,'Fondos Entre Bancos',NULL,2.5,6,10,NULL,NULL,NULL,0,0,1,0,'manual','2025-12-02 16:58:22.454000',195,0),(426,'Remo Con Barra (Pendlay)','Espalda',22.5,6,15,NULL,NULL,NULL,0,0,1,0,'manual','2025-12-05 16:44:40.549000',196,0),(427,'Face Pulls',NULL,40,6,15,NULL,NULL,NULL,0,0,1,0,'manual','2025-12-05 16:44:40.552000',196,0),(428,'Curl Martillo Con Mancuernas','Bíceps',12.5,6,9,NULL,NULL,NULL,0,0,1,0,'manual','2025-12-05 16:44:40.554000',196,0),(429,'Buenos Días (Good Mornings)',NULL,40,6,10,NULL,NULL,NULL,0,0,1,0,'manual','2025-12-06 10:00:09.832000',197,0),(430,'Curl Femoral Sentado','Isquios',43.333333333333336,6,11,NULL,NULL,NULL,0,0,1,0,'manual','2025-12-06 10:00:09.834000',197,0),(431,'Peso Muerto Sumo','Espalda',48.333333333333336,6,11,NULL,NULL,NULL,0,0,1,0,'manual','2025-12-06 10:00:09.834000',197,0),(432,'Abducción De Cadera En Máquina',NULL,60,6,24,NULL,NULL,NULL,0,0,1,0,'manual','2025-12-06 10:00:09.835000',197,0),(433,'Sentadilla Frontal Con Barra','Cuádriceps',50,6,5,NULL,NULL,NULL,0,0,1,0,'manual','2025-12-07 09:43:49.730000',198,0),(434,'Zancadas Con Mancuernas',NULL,1,6,10,NULL,NULL,NULL,0,0,1,0,'manual','2025-12-07 09:43:49.732000',198,0),(435,'Press Inclinado Con Barra','Pecho',40,6,13,NULL,NULL,NULL,0,0,1,0,'manual','2025-12-09 16:55:28.027000',199,0),(436,'Cruce De Poleas','Pecho',15.833333333333334,6,12,NULL,NULL,NULL,0,0,1,0,'manual','2025-12-09 16:55:28.029000',199,0),(437,'Press Cerrado En Banca',NULL,50.833333333333336,6,9,NULL,NULL,NULL,0,0,1,0,'manual','2025-12-09 16:55:28.029000',199,0),(438,'Fondos Entre Bancos',NULL,1,4,7,NULL,NULL,NULL,0,0,1,0,'manual','2025-12-09 16:55:28.030000',199,0),(439,'Remo Con Barra (Pendlay)','Espalda',25,6,14,NULL,NULL,NULL,0,0,1,0,'manual','2025-12-10 16:28:22.213000',200,0),(440,'Face Pulls',NULL,45,6,14,NULL,NULL,NULL,0,0,1,0,'manual','2025-12-10 16:28:22.217000',200,0),(441,'Curl Martillo Con Mancuernas','Bíceps',12.5,6,9,NULL,NULL,NULL,0,0,1,0,'manual','2025-12-10 16:28:22.222000',200,0),(442,'Sentadilla Frontal Con Barra','Cuádriceps',20,6,10,NULL,NULL,NULL,0,0,1,0,'manual','2025-12-11 15:42:04.590000',201,0),(443,'Zancadas Con Mancuernas',NULL,1,6,11,NULL,NULL,NULL,0,0,1,0,'manual','2025-12-11 15:42:04.594000',201,0),(444,'Sentadilla Frontal Con Barra','Cuádriceps',20,6,10,NULL,NULL,NULL,0,0,1,0,'manual','2025-12-11 15:42:05.112000',202,0),(445,'Zancadas Con Mancuernas',NULL,1,6,11,NULL,NULL,NULL,0,0,1,0,'manual','2025-12-11 15:42:05.114000',202,0),(446,'Push Press',NULL,20.666666666666668,6,11,NULL,NULL,NULL,0,0,1,0,'manual','2025-12-12 16:09:36.319000',203,0),(447,'Elevaciones Frontales Con Polea',NULL,10,6,15,NULL,NULL,NULL,0,0,1,0,'manual','2025-12-12 16:09:36.322000',203,0),(448,'Buenos Días (Good Mornings)',NULL,40,6,10,NULL,NULL,NULL,0,0,1,0,'manual','2025-12-14 10:28:22.932000',204,0),(449,'Curl Femoral Sentado','Isquios',45,6,10,NULL,NULL,NULL,0,0,1,0,'manual','2025-12-14 10:28:22.933000',204,0),(450,'Peso Muerto Sumo','Espalda',56.333333333333336,6,9,NULL,NULL,NULL,0,0,1,0,'manual','2025-12-14 10:28:22.934000',204,0),(451,'Abducción De Cadera En Máquina',NULL,60,6,25,NULL,NULL,NULL,0,0,1,0,'manual','2025-12-14 10:28:22.934000',204,0),(452,'Press Inclinado Con Barra','Pecho',45,6,11,NULL,NULL,NULL,0,0,1,0,'manual','2025-12-16 08:38:21.354000',205,0),(453,'Cruce De Poleas','Pecho',25,6,9,NULL,NULL,NULL,0,0,1,0,'manual','2025-12-16 08:38:21.354000',205,0),(454,'Press Cerrado En Banca',NULL,40,6,14,NULL,NULL,NULL,0,0,1,0,'manual','2025-12-16 08:38:21.355000',205,0),(455,'Fondos Entre Bancos',NULL,2.5,6,10,NULL,NULL,NULL,0,0,1,0,'manual','2025-12-16 08:38:21.355000',205,0),(456,'Remo Con Mancuerna A Una Mano','Espalda',35.416666666666664,6,9,NULL,NULL,NULL,0,0,1,0,'manual','2025-12-17 07:36:34.604000',206,0),(457,'Face Pulls',NULL,52.5,6,10,NULL,NULL,NULL,0,0,1,0,'manual','2025-12-17 07:36:34.606000',206,0),(458,'Curl Martillo Con Mancuernas','Bíceps',12.5,6,10,NULL,NULL,NULL,0,0,1,0,'manual','2025-12-17 07:36:34.607000',206,0),(459,'Sentadilla Frontal Con Barra','Cuádriceps',22.5,6,10,NULL,NULL,NULL,0,0,1,0,'manual','2025-12-19 16:59:56.970000',207,0),(460,'Zancadas Con Mancuernas',NULL,2.5,6,10,NULL,NULL,NULL,0,0,1,0,'manual','2025-12-19 16:59:56.971000',207,0),(461,'Push Press',NULL,22.5,6,11,NULL,NULL,NULL,0,0,1,0,'manual','2025-12-20 09:42:29.518000',208,0),(462,'Elevaciones Frontales Con Polea',NULL,12.416666666666666,6,15,NULL,NULL,NULL,0,0,1,0,'manual','2025-12-20 09:42:29.519000',208,0),(463,'Buenos Días (Good Mornings)',NULL,42.5,6,12,NULL,NULL,NULL,0,0,1,0,'manual','2025-12-22 17:11:49.398000',209,0),(464,'Curl Femoral Sentado','Isquios',50,6,8,NULL,NULL,NULL,0,0,1,0,'manual','2025-12-22 17:11:49.400000',209,0),(465,'Peso Muerto Sumo','Espalda',65,5,8,NULL,NULL,NULL,0,0,1,0,'manual','2025-12-22 17:11:49.401000',209,0),(466,'Abducción De Cadera En Máquina',NULL,60,6,20,NULL,NULL,NULL,0,0,1,0,'manual','2025-12-22 17:11:49.403000',209,0),(467,'Press Inclinado Con Barra','Pecho',52.5,6,13,NULL,NULL,NULL,0,0,1,0,'manual','2025-12-23 17:19:01.778000',210,0),(468,'Cruce De Poleas','Pecho',22.5,6,10,NULL,NULL,NULL,0,0,1,0,'manual','2025-12-23 17:19:01.784000',210,0),(469,'Press Cerrado En Banca',NULL,46.666666666666664,6,10,NULL,NULL,NULL,0,0,1,0,'manual','2025-12-23 17:19:01.785000',210,0),(470,'Fondos Entre Bancos',NULL,2.5,6,10,NULL,NULL,NULL,0,0,1,0,'manual','2025-12-23 17:19:01.788000',210,0),(471,'Press Inclinado Con Barra','Pecho',52.5,6,13,NULL,NULL,NULL,0,0,1,0,'manual','2025-12-23 17:19:03.058000',211,0),(472,'Cruce De Poleas','Pecho',22.5,6,10,NULL,NULL,NULL,0,0,1,0,'manual','2025-12-23 17:19:03.066000',211,0),(473,'Press Cerrado En Banca',NULL,46.666666666666664,6,10,NULL,NULL,NULL,0,0,1,0,'manual','2025-12-23 17:19:03.067000',211,0),(474,'Fondos Entre Bancos',NULL,2.5,6,10,NULL,NULL,NULL,0,0,1,0,'manual','2025-12-23 17:19:03.070000',211,0),(475,'Remo Con Mancuerna A Una Mano','Espalda',40.833333333333336,6,8,NULL,NULL,NULL,0,0,1,0,'manual','2025-12-26 16:54:47.133000',212,0),(476,'Face Pulls',NULL,55,6,12,NULL,NULL,NULL,0,0,1,0,'manual','2025-12-26 16:54:47.135000',212,0),(477,'Curl Martillo Con Mancuernas','Bíceps',12.5,6,10,NULL,NULL,NULL,0,0,1,0,'manual','2025-12-26 16:54:47.136000',212,0),(478,'Sentadilla Frontal Con Barra','Cuádriceps',20,6,15,NULL,NULL,NULL,0,0,1,0,'manual','2025-12-27 09:53:28.667000',213,0),(479,'Zancadas Con Mancuernas',NULL,5,6,10,NULL,NULL,NULL,0,0,1,0,'manual','2025-12-27 09:53:28.669000',213,0),(480,'Buenos Días (Good Mornings)',NULL,42.5,6,11,NULL,NULL,NULL,0,0,1,0,'manual','2025-12-29 16:56:42.201000',214,0),(481,'Curl Femoral Sentado','Isquios',50,6,9,NULL,NULL,NULL,0,0,1,0,'manual','2025-12-29 16:56:42.203000',214,0),(482,'Peso Muerto Sumo','Espalda',57,6,10,NULL,NULL,NULL,0,0,1,0,'manual','2025-12-29 16:56:42.203000',214,0),(483,'Abducción De Cadera En Máquina',NULL,60,6,20,NULL,NULL,NULL,0,0,1,0,'manual','2025-12-29 16:56:42.204000',214,0),(484,'Remo Con Mancuerna A Una Mano','Espalda',40,6,8,NULL,NULL,NULL,0,0,1,0,'manual','2025-12-30 16:44:38.829000',215,0),(485,'Face Pulls',NULL,55,6,12,NULL,NULL,NULL,0,0,1,0,'manual','2025-12-30 16:44:38.831000',215,0),(486,'Curl Martillo Con Mancuernas','Bíceps',15,6,10,NULL,NULL,NULL,0,0,1,0,'manual','2025-12-30 16:44:38.831000',215,0),(487,'Remo Con Mancuerna A Una Mano','Espalda',40,6,8,NULL,NULL,NULL,0,0,1,0,'manual','2025-12-30 16:44:39.657000',216,0),(488,'Face Pulls',NULL,55,6,12,NULL,NULL,NULL,0,0,1,0,'manual','2025-12-30 16:44:39.658000',216,0),(489,'Curl Martillo Con Mancuernas','Bíceps',15,6,10,NULL,NULL,NULL,0,0,1,0,'manual','2025-12-30 16:44:39.659000',216,0),(490,'Press Banca Con Barra','Pecho',70,5,8,NULL,NULL,NULL,0,0,1,0,'manual','2026-01-02 16:56:17.274000',217,0),(491,'Press Inclinado Con Mancuernas','Pecho',27.5,6,8,NULL,NULL,NULL,0,0,1,0,'manual','2026-01-02 16:56:17.277000',217,0),(492,'Press Francés Con Barra Z','Tríceps',30,6,11,NULL,NULL,NULL,0,0,1,0,'manual','2026-01-02 16:56:17.278000',217,0),(493,'Extensiones De Tríceps Con Polea Alta','Cuádriceps',19.583333333333332,6,7,NULL,NULL,NULL,0,0,1,0,'manual','2026-01-02 16:56:17.279000',217,0),(494,'Dominadas (Con Lastre)','Espalda',1,6,4,NULL,NULL,NULL,0,0,1,0,'manual','2026-01-03 10:01:33.268000',218,0),(495,'Peso Muerto','Espalda',80,6,6,NULL,NULL,NULL,0,0,1,0,'manual','2026-01-03 10:01:33.273000',218,0),(496,'Curl Con Barra Z','Bíceps',34,6,8,NULL,NULL,NULL,0,0,1,0,'manual','2026-01-03 10:01:33.277000',218,0),(497,'Sentadilla Trasera Con Barra','Cuádriceps',40,6,10,NULL,NULL,NULL,0,0,1,0,'manual','2026-01-04 09:59:10.114000',219,0),(498,'Prensa De Piernas','Cuádriceps',155,6,10,NULL,NULL,NULL,0,0,1,0,'manual','2026-01-04 09:59:10.116000',219,0),(499,'Press Militar Con Barra (De Pie)','Hombros',27.333333333333332,6,9,NULL,NULL,NULL,0,0,1,0,'manual','2026-01-05 16:35:39.260000',220,0),(500,'Press Arnold',NULL,40,6,8,NULL,NULL,NULL,0,0,1,0,'manual','2026-01-05 16:35:39.263000',220,0),(501,'Peso Muerto Rumano','Espalda',85,6,8,NULL,NULL,NULL,0,0,1,0,'manual','2026-01-06 11:29:11.833000',221,0),(502,'Curl Femoral Tumbado','Isquios',30,6,11,NULL,NULL,NULL,0,0,1,0,'manual','2026-01-06 11:29:11.837000',221,0),(503,'Hip Thrust Con Barra','Glúteos',150,6,8,NULL,NULL,NULL,0,0,1,0,'manual','2026-01-06 11:29:11.838000',221,0),(504,'Patada De Glúteo En Polea',NULL,30,6,9,NULL,NULL,NULL,0,0,1,0,'manual','2026-01-06 11:29:11.841000',221,0),(505,'Press Banca Con Barra','Pecho',75,6,7,NULL,NULL,NULL,0,0,1,0,'manual','2026-01-08 17:24:41.726000',222,0),(506,'Press Inclinado Con Mancuernas','Pecho',27.5,6,8,NULL,NULL,NULL,0,0,1,0,'manual','2026-01-08 17:24:41.728000',222,0),(507,'Press Francés Con Barra Z','Tríceps',34,6,10,NULL,NULL,NULL,0,0,1,0,'manual','2026-01-08 17:24:41.728000',222,0),(508,'Extensiones De Tríceps Con Polea Alta','Cuádriceps',16.666666666666668,6,10,NULL,NULL,NULL,0,0,1,0,'manual','2026-01-08 17:24:41.729000',222,0),(509,'Dominadas (Con Lastre)','Espalda',2.5,6,10,NULL,NULL,NULL,0,0,1,0,'manual','2026-01-10 10:10:20.660000',223,0),(510,'Peso Muerto','Espalda',68.33333333333333,6,9,NULL,NULL,NULL,0,0,1,0,'manual','2026-01-10 10:10:20.670000',223,0),(511,'Curl Con Barra Z','Bíceps',34,6,9,NULL,NULL,NULL,0,0,1,0,'manual','2026-01-10 10:10:20.671000',223,0),(512,'Sentadilla Trasera Con Barra','Cuádriceps',35,4,10,NULL,NULL,NULL,0,0,1,0,'manual','2026-01-12 16:46:10.564000',224,0),(513,'Prensa De Piernas','Cuádriceps',160,3,10,NULL,NULL,NULL,0,0,1,0,'manual','2026-01-12 16:46:10.567000',224,0),(514,'Elevación De Gemelos De Pie (Máquina)',NULL,100,4,10,NULL,NULL,NULL,0,0,1,0,'manual','2026-01-12 16:46:10.568000',224,0),(515,'Elevación De Gemelos Sentado (Máquina)',NULL,43.333333333333336,3,11,NULL,NULL,NULL,0,0,1,0,'manual','2026-01-12 16:46:10.569000',224,0),(516,'Press Militar Con Barra (De Pie)','Hombros',30,4,7,NULL,NULL,NULL,0,0,1,0,'manual','2026-01-13 16:51:14.154000',225,0),(517,'Press Arnold',NULL,20,3,10,NULL,NULL,NULL,0,0,1,0,'manual','2026-01-13 16:51:14.156000',225,0),(518,'Encogimientos Con Barra',NULL,31.875,4,9,NULL,NULL,NULL,0,0,1,0,'manual','2026-01-13 16:51:14.157000',225,0),(519,'Farmer Walk (Paseo Del Granjero)',NULL,35,3,10,NULL,NULL,NULL,0,0,1,0,'manual','2026-01-13 16:51:14.158000',225,0),(520,'Peso Muerto Rumano','Espalda',87.5,4,10,NULL,NULL,NULL,0,0,1,0,'manual','2026-01-14 16:55:02.405000',226,0),(521,'Curl Femoral Tumbado','Isquios',40,3,11,NULL,NULL,NULL,0,0,1,0,'manual','2026-01-14 16:55:02.408000',226,0),(522,'Patada De Glúteo En Polea',NULL,30,3,10,NULL,NULL,NULL,0,0,1,0,'manual','2026-01-14 16:55:02.409000',226,0),(523,'Elevaciones De Piernas Colgado',NULL,30,4,10,NULL,NULL,NULL,0,0,1,0,'manual','2026-01-14 16:55:02.410000',226,0),(524,'Plancha (Plank)','Core',30,3,10,NULL,NULL,NULL,0,0,1,0,'manual','2026-01-14 16:55:02.411000',226,0),(525,'Press Banca Con Barra','Pecho',70,4,9,NULL,NULL,NULL,0,0,1,0,'manual','2026-01-15 16:50:38.998000',227,0),(526,'Press Inclinado Con Mancuernas','Pecho',17.96666666666667,3,10,NULL,NULL,NULL,0,0,1,0,'manual','2026-01-15 16:50:39.002000',227,0),(527,'Press Francés Con Barra Z','Tríceps',35,4,10,NULL,NULL,NULL,0,0,1,0,'manual','2026-01-15 16:50:39.002000',227,0),(528,'Extensiones De Tríceps Con Polea Alta','Cuádriceps',20,3,10,NULL,NULL,NULL,0,0,1,0,'manual','2026-01-15 16:50:39.003000',227,0),(529,'Dominadas (Con Lastre)','Espalda',2.5,4,3,NULL,NULL,NULL,0,0,1,0,'manual','2026-01-17 10:45:07.308000',228,0),(530,'Remo Con Barra (Pendlay)','Espalda',35,4,10,NULL,NULL,NULL,0,0,1,0,'manual','2026-01-17 10:45:07.310000',228,0),(531,'Curl Con Barra Z','Bíceps',40,3,8,NULL,NULL,NULL,0,0,1,0,'manual','2026-01-17 10:45:07.311000',228,0),(532,'Farmer Walk (Paseo Del Granjero)',NULL,35,3,14,NULL,NULL,NULL,0,0,1,0,'manual','2026-01-17 10:45:07.312000',228,0),(533,'Sentadilla Trasera Con Barra','Cuádriceps',40,4,10,NULL,NULL,NULL,0,0,1,0,'manual','2026-01-19 17:09:07.334000',229,0),(534,'Prensa De Piernas','Cuádriceps',165,3,10,NULL,NULL,NULL,0,0,1,0,'manual','2026-01-19 17:09:07.338000',229,0),(535,'Elevación De Gemelos De Pie (Máquina)',NULL,100,4,11,NULL,NULL,NULL,0,0,1,0,'manual','2026-01-19 17:09:07.340000',229,0),(536,'Elevación De Gemelos Sentado (Máquina)',NULL,55,3,11,NULL,NULL,NULL,0,0,1,0,'manual','2026-01-19 17:09:07.341000',229,0),(537,'Press Militar Con Barra (De Pie)','Hombros',30,4,9,NULL,NULL,NULL,0,0,1,0,'manual','2026-01-21 17:04:13.095000',230,0),(538,'Press Arnold',NULL,20,3,11,NULL,NULL,NULL,0,0,1,0,'manual','2026-01-21 17:04:13.107000',230,0),(539,'Encogimientos Con Barra',NULL,70,4,11,NULL,NULL,NULL,0,0,1,0,'manual','2026-01-21 17:04:13.108000',230,0),(540,'Farmer Walk (Paseo Del Granjero)',NULL,35,3,14,NULL,NULL,NULL,0,0,1,0,'manual','2026-01-21 17:04:13.113000',230,0),(541,'Peso Muerto Rumano','Espalda',87.5,4,10,NULL,NULL,NULL,0,0,1,0,'manual','2026-01-22 16:59:07.987000',231,0),(542,'Curl Femoral Tumbado','Isquios',45,3,11,NULL,NULL,NULL,0,0,1,0,'manual','2026-01-22 16:59:07.989000',231,0),(543,'Patada De Glúteo En Polea',NULL,30,3,10,NULL,NULL,NULL,0,0,1,0,'manual','2026-01-22 16:59:07.990000',231,0),(544,'Elevaciones De Piernas Colgado',NULL,28.75,4,10,NULL,NULL,NULL,0,0,1,0,'manual','2026-01-22 16:59:07.991000',231,0),(545,'Plancha (Plank)','Core',35,3,10,NULL,NULL,NULL,0,0,1,0,'manual','2026-01-22 16:59:07.992000',231,0),(546,'Press Banca Con Barra','Pecho',80,4,9,NULL,NULL,NULL,0,0,1,0,'manual','2026-01-24 09:58:41.940000',232,0),(547,'Press Inclinado Con Mancuernas','Pecho',22.96666666666667,3,10,NULL,NULL,NULL,0,0,1,0,'manual','2026-01-24 09:58:41.942000',232,0),(548,'Press Francés Con Barra Z','Tríceps',40,4,10,NULL,NULL,NULL,0,0,1,0,'manual','2026-01-24 09:58:41.943000',232,0),(549,'Extensiones De Tríceps Con Polea Alta','Cuádriceps',20,3,11,NULL,NULL,NULL,0,0,1,0,'manual','2026-01-24 09:58:41.944000',232,0),(550,'Dominadas (Con Lastre)','Espalda',2.5,4,5,NULL,NULL,NULL,0,0,1,0,'manual','2026-01-25 10:20:40.599000',233,0),(551,'Remo Con Barra (Pendlay)','Espalda',43.75,4,9,NULL,NULL,NULL,0,0,1,0,'manual','2026-01-25 10:20:40.601000',233,0),(552,'Curl Con Barra Z','Bíceps',33.333333333333336,3,8,NULL,NULL,NULL,0,0,1,0,'manual','2026-01-25 10:20:40.602000',233,0),(553,'Farmer Walk (Paseo Del Granjero)',NULL,65,3,20,NULL,NULL,NULL,0,0,1,0,'manual','2026-01-25 10:20:40.604000',233,0),(554,'Sentadilla Trasera Con Barra','Cuádriceps',42.5,4,10,NULL,NULL,NULL,0,0,1,0,'manual','2026-01-26 16:58:30.580000',234,0),(555,'Prensa De Piernas','Cuádriceps',180,3,9,NULL,NULL,NULL,0,0,1,0,'manual','2026-01-26 16:58:30.583000',234,0),(556,'Elevación De Gemelos De Pie (Máquina)',NULL,100,4,12,NULL,NULL,NULL,0,0,1,0,'manual','2026-01-26 16:58:30.584000',234,0),(557,'Elevación De Gemelos Sentado (Máquina)',NULL,70,3,10,NULL,NULL,NULL,0,0,1,0,'manual','2026-01-26 16:58:30.586000',234,0),(558,'Press Militar Con Barra (De Pie)','Hombros',32.5,4,6,NULL,NULL,NULL,0,0,1,0,'manual','2026-01-28 17:07:18.400000',235,0),(559,'Press Arnold',NULL,40,3,10,NULL,NULL,NULL,0,0,1,0,'manual','2026-01-28 17:07:18.405000',235,0),(560,'Encogimientos Con Barra',NULL,100,4,10,NULL,NULL,NULL,0,0,1,0,'manual','2026-01-28 17:07:18.407000',235,0),(561,'Farmer Walk (Paseo Del Granjero)',NULL,87.5,3,10,NULL,NULL,NULL,0,0,1,0,'manual','2026-01-28 17:07:18.409000',235,0),(562,'Peso Muerto Rumano',NULL,92.5,4,10,NULL,NULL,NULL,0,0,1,0,'manual','2026-01-29 16:45:25.698000',236,0),(563,'Curl Femoral Tumbado',NULL,50,3,10,NULL,NULL,NULL,0,0,1,0,'manual','2026-01-29 16:45:25.701000',236,0),(564,'Patada De Glúteo En Polea',NULL,26.666666666666668,3,7,NULL,NULL,NULL,0,0,1,0,'manual','2026-01-29 16:45:25.702000',236,0),(565,'Elevaciones De Piernas Colgado','Core',30,4,10,NULL,NULL,NULL,0,0,1,0,'manual','2026-01-29 16:45:25.703000',236,0),(566,'Plancha (Plank)',NULL,37.5,3,10,NULL,NULL,NULL,0,0,1,0,'manual','2026-01-29 16:45:25.705000',236,0),(567,'Press Banca Con Barra',NULL,84,4,7,NULL,NULL,NULL,0,0,1,0,'manual','2026-01-31 17:31:37.600000',237,0),(568,'Press Inclinado Con Mancuernas',NULL,50,3,10,NULL,NULL,NULL,0,0,1,0,'manual','2026-01-31 17:31:37.604000',237,0),(569,'Press Francés Con Barra Z',NULL,40,4,10,NULL,NULL,NULL,0,0,1,0,'manual','2026-01-31 17:31:37.605000',237,0),(570,'Extensiones De Tríceps Con Polea Alta',NULL,20,3,12,NULL,NULL,NULL,0,0,1,0,'manual','2026-01-31 17:31:37.607000',237,0),(571,'Jalón Al Pecho','Espalda',75,4,8,NULL,NULL,NULL,0,0,1,0,'manual','2026-02-01 09:40:05.205000',238,0),(572,'Remo Pecho Apoyado','Espalda',32.5,4,10,NULL,NULL,NULL,0,0,1,0,'manual','2026-02-01 09:40:05.208000',238,0),(573,'Curl Araña','Biceps',32.5,4,8,NULL,NULL,NULL,0,0,1,0,'manual','2026-02-01 09:40:05.210000',238,0),(574,'Aguante En Barra (Dead Hang)','Antebrazos',32.5,4,10,NULL,NULL,NULL,0,0,1,0,'manual','2026-02-01 09:40:05.212000',238,0),(575,'Sentadilla Hack','Cuadriceps',20,4,9,NULL,NULL,NULL,0,0,1,0,'manual','2026-02-02 16:52:05.954000',239,0),(576,'Prensa De Piernas','Cuadriceps',200,4,10,NULL,NULL,NULL,0,0,1,0,'manual','2026-02-02 16:52:05.977000',239,0),(577,'Elevación De Gemelos De Pie (Máquina)','Gemelos',100,4,13,NULL,NULL,NULL,0,0,1,0,'manual','2026-02-02 16:52:05.992000',239,0),(578,'Elevación De Gemelos Sentado (Máquina)','Gemelos',75,4,10,NULL,NULL,NULL,0,0,1,0,'manual','2026-02-02 16:52:06.011000',239,0),(579,'Machine Shoulder Press','Hombros',37.5,4,9,NULL,NULL,NULL,0,0,1,0,'manual','2026-02-03 17:03:09.031000',240,0),(580,'Press Arnold','Hombros',40,4,10,NULL,NULL,NULL,0,0,1,0,'manual','2026-02-03 17:03:09.037000',240,0),(581,'Encogimientos Con Barra','Trapecios',100,4,10,NULL,NULL,NULL,0,0,1,0,'manual','2026-02-03 17:03:09.041000',240,0),(582,'Farmer Walk (Paseo Del Granjero)','Antebrazos',90,4,7,NULL,NULL,NULL,0,0,1,0,'manual','2026-02-03 17:03:09.046000',240,0),(583,'Convergent Machine Press','Pecho',55.625,4,10,NULL,NULL,NULL,0,0,1,0,'manual','2026-02-07 09:58:21.359000',241,0),(584,'Press Cerrado En Banca','Triceps',58.125,4,9,NULL,NULL,NULL,0,0,1,0,'manual','2026-02-07 09:58:21.367000',241,0),(585,'Press Francés Con Barra Z','Triceps',42.5,4,10,NULL,NULL,NULL,0,0,1,0,'manual','2026-02-07 09:58:21.373000',241,0),(586,'Extensiones De Tríceps Con Polea Alta','Triceps',20,4,11,NULL,NULL,NULL,0,0,1,0,'manual','2026-02-07 09:58:21.379000',241,0),(587,'Jalón Al Pecho','Espalda',80,4,9,NULL,NULL,NULL,0,0,1,0,'manual','2026-02-08 10:24:32.045000',242,0),(588,'Remo Pecho Apoyado','Espalda',35,4,10,NULL,NULL,NULL,0,0,1,0,'manual','2026-02-08 10:24:32.048000',242,0),(589,'Curl Araña','Biceps',31.875,4,8,NULL,NULL,NULL,0,0,1,0,'manual','2026-02-08 10:24:32.051000',242,0),(590,'Aguante En Barra (Dead Hang)','Antebrazos',35,4,10,NULL,NULL,NULL,0,0,1,0,'manual','2026-02-08 10:24:32.054000',242,0),(591,'Sentadilla Hack','Cuadriceps',20,4,10,NULL,NULL,NULL,0,0,1,0,'manual','2026-02-09 17:03:21.248000',243,0),(592,'Prensa De Piernas','Cuadriceps',225,4,10,NULL,NULL,NULL,0,0,1,0,'manual','2026-02-09 17:03:21.254000',243,0),(593,'Elevación De Gemelos De Pie (Máquina)','Gemelos',100,4,14,NULL,NULL,NULL,0,0,1,0,'manual','2026-02-09 17:03:21.258000',243,0),(594,'Elevación De Gemelos Sentado (Máquina)','Gemelos',80,4,10,NULL,NULL,NULL,0,0,1,0,'manual','2026-02-09 17:03:21.263000',243,0),(595,'Machine Shoulder Press','Hombros',45,4,8,NULL,9,NULL,0,0,1,0,'manual','2026-02-10 19:09:03.088000',245,0),(596,'Press Arnold','Hombros',42.5,4,7,NULL,10,NULL,0,0,1,0,'manual','2026-02-10 19:09:03.099000',245,0),(597,'Encogimientos Con Barra','Trapecios',107.5,4,10,NULL,8,NULL,0,0,1,0,'manual','2026-02-10 19:09:03.108000',245,0),(598,'Farmer Walk (Paseo Del Granjero)','Antebrazos',72.5,4,15,NULL,8,NULL,0,0,1,0,'manual','2026-02-10 19:09:03.118000',245,0),(599,'Peso Muerto Rumano','Isquios',90,4,9,NULL,9,NULL,0,0,1,0,'manual','2026-02-14 09:23:00.633000',246,0),(600,'Curl Femoral Tumbado','Isquios',53.75,4,7,NULL,10,NULL,0,0,1,0,'manual','2026-02-14 09:23:00.645000',246,0),(601,'Abducción De Cadera En Máquina','Gluteos',80,3,10,NULL,8,NULL,0,0,1,0,'manual','2026-02-14 09:23:00.659000',246,0),(602,'Crunch En Polea (Cable Crunch)','Core',35,4,10,NULL,8,NULL,0,0,1,0,'manual','2026-02-14 09:23:00.669000',246,0),(603,'Pallof Press','Core',32.5,4,10,NULL,8,NULL,0,0,1,0,'manual','2026-02-14 09:23:00.679000',246,0),(604,'Press Inclinado Con Barra','Pecho',54.375,4,10,NULL,6,NULL,0,0,1,0,'manual','2026-02-15 09:45:30.178000',247,0),(605,'Press Cerrado En Banca','Triceps',58.125,4,6,NULL,6,NULL,0,0,1,0,'manual','2026-02-15 09:45:30.182000',247,0),(606,'Press Banca Con Mancuernas','Pecho',33.075,4,4,NULL,7,NULL,0,0,1,0,'manual','2026-03-04 17:11:27.770000',248,0),(607,'Dips (Fondos En Pecho)','Pecho',20,4,4,NULL,7,NULL,0,0,1,0,'manual','2026-03-04 17:11:27.776000',248,0),(608,'Fondos En Paralelas (Con Lastre)','Triceps',17.5,4,4,NULL,7,NULL,0,0,1,0,'manual','2026-03-04 17:11:27.781000',248,0),(609,'Fondos Entre Bancos','Triceps',5,4,4,NULL,7,NULL,0,0,1,0,'manual','2026-03-04 17:11:27.785000',248,0),(610,'Jalon Unilateral Pecho','Espalda',37.5,4,4,NULL,7,NULL,0,0,1,0,'manual','2026-03-05 18:01:45.119000',249,0),(611,'Remo Con Mancuerna A Una Mano','Espalda',47.55,4,4,NULL,7,NULL,0,0,1,0,'manual','2026-03-05 18:01:45.124000',249,0),(612,'Curl Inclinado Con Mancuernas','Biceps',31.25,4,3,NULL,7,NULL,0,0,1,0,'manual','2026-03-05 18:01:45.127000',249,0),(613,'Curl De Muñeca (Wrist Curl)','Antebrazos',23.75,4,4,NULL,7,NULL,0,0,1,0,'manual','2026-03-05 18:01:45.130000',249,0),(614,'Press Militar Con Mancuernas (Sentado)','Hombros',63.7,4,4,NULL,8,NULL,0,0,1,0,'manual','2026-03-06 17:04:36.869000',250,0),(615,'Elevaciones Laterales En Polea','Hombros',15,4,4,NULL,7,NULL,0,0,1,0,'manual','2026-03-06 17:04:36.886000',250,0),(616,'Encogimientos Con Barra','Trapecios',112.5,4,4,NULL,7,NULL,0,0,1,0,'manual','2026-03-06 17:04:36.892000',250,0),(617,'Remo Al Mentón Con Polea (Upright Row)','Trapecios',77.5,4,4,NULL,7,NULL,0,0,1,0,'manual','2026-03-06 17:04:36.897000',250,0),(618,'Press Militar Con Mancuernas (Sentado)','Hombros',63.125,4,3,NULL,7,NULL,0,0,1,0,'manual','2026-03-15 09:56:29.797000',251,0),(619,'Elevaciones Laterales En Polea','Hombros',18.75,4,5,NULL,7,NULL,0,0,1,0,'manual','2026-03-15 09:56:29.803000',251,0),(620,'Encogimientos Con Barra','Trapecios',117.5,4,4,NULL,7,NULL,0,0,1,0,'manual','2026-03-15 09:56:29.806000',251,0),(621,'Remo Al Mentón Con Polea (Upright Row)','Trapecios',52.5,4,6,NULL,8,NULL,0,0,1,0,'manual','2026-03-15 09:56:29.810000',251,0),(622,'Press Banca Con Mancuernas','Pecho',102.5,4,3,NULL,9,NULL,0,0,1,0,'manual','2026-03-16 17:06:57.377000',252,0),(623,'Dips (Fondos En Pecho)','Pecho',20.625,4,5,NULL,9,NULL,0,0,1,0,'manual','2026-03-16 17:06:57.382000',252,0),(624,'Fondos En Paralelas (Con Lastre)','Triceps',23.75,4,4,NULL,9,NULL,0,0,1,0,'manual','2026-03-16 17:06:57.384000',252,0),(625,'Fondos Entre Bancos','Triceps',7.5,4,4,NULL,9,NULL,0,0,1,0,'manual','2026-03-16 17:06:57.387000',252,0),(626,'Jalon Unilateral Pecho','Espalda',40,3,4,NULL,8,NULL,0,0,1,0,'manual','2026-03-18 18:53:56.715000',253,0),(627,'Remo Con Mancuerna A Una Mano','Espalda',50,3,5,NULL,8,NULL,0,0,1,0,'manual','2026-03-18 18:53:56.801000',253,0),(628,'Curl Inclinado Con Mancuernas','Biceps',35,3,4,NULL,8,NULL,0,0,1,0,'manual','2026-03-18 18:53:56.887000',253,0),(629,'Extensiones De Cuádriceps En Máquina','Cuadriceps',23.333333333333332,3,6,NULL,7,NULL,0,0,1,0,'manual','2026-03-19 16:40:10.850000',254,0),(630,'Extensiones De Cuádriceps En Máquina','Cuadriceps',35,3,7,NULL,8,NULL,0,0,1,0,'manual','2026-03-19 16:40:10.945000',254,0),(631,'Dead Bug','Core',102.5,3,4,NULL,8,NULL,0,0,1,0,'manual','2026-03-19 16:40:11.045000',254,0),(632,'Dead Bug','Core',37.5,3,4,NULL,8,NULL,0,0,1,0,'manual','2026-03-19 16:40:11.139000',254,0),(633,'Press Militar Con Mancuernas (Sentado)','Hombros',65,3,4,NULL,9,NULL,0,0,1,0,'manual','2026-03-21 09:46:39.032000',255,0),(634,'Elevaciones Laterales En Polea','Hombros',20,3,4,NULL,8,NULL,0,0,1,0,'manual','2026-03-21 09:46:39.111000',255,0),(635,'Encogimientos Con Barra','Trapecios',120,3,4,NULL,8,NULL,0,0,1,0,'manual','2026-03-21 09:46:39.196000',255,0),(636,'Remo Al Mentón Con Polea (Upright Row)','Trapecios',60,3,4,NULL,8,NULL,0,0,1,0,'manual','2026-03-21 09:46:39.278000',255,0),(637,'Press Banca Con Mancuernas','Pecho',100,3,4,NULL,7,NULL,0,0,1,0,'manual','2026-03-23 17:16:06.173000',256,0),(638,'Dips (Fondos En Pecho)','Pecho',25,3,4,NULL,7,NULL,0,0,1,0,'manual','2026-03-23 17:16:06.310000',256,0),(639,'Fondos En Paralelas (Con Lastre)','Triceps',25,3,4,NULL,7,NULL,0,0,1,0,'manual','2026-03-23 17:16:06.435000',256,0),(640,'Fondos Entre Bancos','Triceps',0,3,4,NULL,7,NULL,0,0,1,0,'manual','2026-03-23 17:16:06.571000',256,0),(641,'Jalon Unilateral Pecho','Espalda',40,3,4,NULL,7,NULL,0,0,1,0,'manual','2026-03-24 17:01:09.874000',257,0),(642,'Remo Con Mancuerna A Una Mano','Espalda',63.333333333333336,3,4,NULL,7,NULL,0,0,1,0,'manual','2026-03-24 17:01:09.991000',257,0),(643,'Curl Inclinado Con Mancuernas','Biceps',45,3,4,NULL,8,NULL,0,0,1,0,'manual','2026-03-24 17:01:10.113000',257,0),(644,'Curl De Muñeca (Wrist Curl)','Antebrazos',18.333333333333332,3,8,NULL,7,NULL,0,0,1,0,'manual','2026-03-24 17:01:10.230000',257,0),(645,'Press Militar Con Mancuernas (Sentado)','Hombros',63.333333333333336,3,4,NULL,9,NULL,0,0,1,0,'manual','2026-03-27 17:21:55.226000',258,0),(646,'Elevaciones Laterales En Polea','Hombros',21.666666666666668,3,4,NULL,9,NULL,0,0,1,0,'manual','2026-03-27 17:21:55.346000',258,0),(647,'Encogimientos Con Barra','Trapecios',122.5,3,4,NULL,9,NULL,0,0,1,0,'manual','2026-03-27 17:21:55.479000',258,0),(648,'Remo Al Mentón Con Polea (Upright Row)','Trapecios',65,3,4,NULL,9,NULL,0,0,1,0,'manual','2026-03-27 17:21:55.605000',258,0);
/*!40000 ALTER TABLE `entrenos_ejerciciorealizado` ENABLE KEYS */;
UNLOCK TABLES;

--
-- Table structure for table `entrenos_entrenorealizado`
--

DROP TABLE IF EXISTS `entrenos_entrenorealizado`;
/*!40101 SET @saved_cs_client     = @@character_set_client */;
/*!50503 SET character_set_client = utf8mb4 */;
CREATE TABLE `entrenos_entrenorealizado` (
  `id` bigint NOT NULL AUTO_INCREMENT,
  `fecha` date NOT NULL,
  `procesado_gamificacion` tinyint(1) NOT NULL,
  `fuente_datos` varchar(20) COLLATE utf8mb4_unicode_ci NOT NULL,
  `liftin_workout_id` varchar(100) COLLATE utf8mb4_unicode_ci DEFAULT NULL,
  `hora_inicio` time(6) DEFAULT NULL,
  `hora_fin` time(6) DEFAULT NULL,
  `duracion_minutos` int unsigned DEFAULT NULL,
  `numero_ejercicios` int unsigned DEFAULT NULL,
  `tiempo_total_formateado` varchar(20) COLLATE utf8mb4_unicode_ci DEFAULT NULL,
  `calorias_quemadas` int unsigned DEFAULT NULL,
  `frecuencia_cardiaca_promedio` int unsigned DEFAULT NULL,
  `frecuencia_cardiaca_maxima` int unsigned DEFAULT NULL,
  `volumen_total_kg` decimal(10,2) NOT NULL,
  `nombre_rutina_liftin` varchar(200) COLLATE utf8mb4_unicode_ci DEFAULT NULL,
  `notas_liftin` longtext COLLATE utf8mb4_unicode_ci,
  `fecha_importacion` datetime(6) DEFAULT NULL,
  `cliente_id` bigint NOT NULL,
  `rutina_id` bigint NOT NULL,
  `puntos_ganados` int unsigned NOT NULL,
  `records_rotos` int unsigned NOT NULL,
  PRIMARY KEY (`id`),
  KEY `entrenos_entrenoreal_rutina_id_1daae88e_fk_rutinas_r` (`rutina_id`),
  KEY `entreno_cliente_fecha_idx` (`cliente_id`,`fecha`),
  CONSTRAINT `entrenos_entrenoreal_cliente_id_36210975_fk_clientes_` FOREIGN KEY (`cliente_id`) REFERENCES `clientes_cliente` (`id`),
  CONSTRAINT `entrenos_entrenoreal_rutina_id_1daae88e_fk_rutinas_r` FOREIGN KEY (`rutina_id`) REFERENCES `rutinas_rutina` (`id`),
  CONSTRAINT `entrenos_entrenorealizado_chk_1` CHECK ((`duracion_minutos` >= 0)),
  CONSTRAINT `entrenos_entrenorealizado_chk_2` CHECK ((`numero_ejercicios` >= 0)),
  CONSTRAINT `entrenos_entrenorealizado_chk_3` CHECK ((`calorias_quemadas` >= 0)),
  CONSTRAINT `entrenos_entrenorealizado_chk_4` CHECK ((`frecuencia_cardiaca_promedio` >= 0)),
  CONSTRAINT `entrenos_entrenorealizado_chk_5` CHECK ((`frecuencia_cardiaca_maxima` >= 0)),
  CONSTRAINT `entrenos_entrenorealizado_chk_6` CHECK ((`puntos_ganados` >= 0)),
  CONSTRAINT `entrenos_entrenorealizado_chk_7` CHECK ((`records_rotos` >= 0))
) ENGINE=InnoDB AUTO_INCREMENT=259 DEFAULT CHARSET=utf8mb4 COLLATE=utf8mb4_unicode_ci;
/*!40101 SET character_set_client = @saved_cs_client */;

--
-- Dumping data for table `entrenos_entrenorealizado`
--

LOCK TABLES `entrenos_entrenorealizado` WRITE;
/*!40000 ALTER TABLE `entrenos_entrenorealizado` DISABLE KEYS */;
INSERT INTO `entrenos_entrenorealizado` VALUES (1,'2025-08-25',1,'manual',NULL,NULL,NULL,10,NULL,NULL,NULL,NULL,NULL,0.00,NULL,'',NULL,1,1,0,0),(2,'2025-08-05',1,'manual',NULL,NULL,NULL,100,NULL,NULL,NULL,NULL,NULL,0.00,NULL,'',NULL,1,2,0,0),(3,'2025-08-21',1,'manual',NULL,NULL,NULL,10,NULL,NULL,10,NULL,NULL,0.00,NULL,'',NULL,1,3,0,0),(4,'2025-08-01',1,'manual',NULL,NULL,NULL,150,NULL,NULL,150,NULL,NULL,0.00,NULL,'',NULL,1,4,0,0),(6,'2025-08-01',1,'manual',NULL,NULL,NULL,12,NULL,NULL,12,NULL,NULL,0.00,NULL,'',NULL,1,4,0,0),(7,'2025-08-07',1,'manual',NULL,NULL,NULL,10,NULL,NULL,10,NULL,NULL,0.00,NULL,'',NULL,1,5,0,0),(8,'2025-08-07',1,'manual',NULL,NULL,NULL,10,3,NULL,10,NULL,NULL,1710.00,NULL,'',NULL,1,5,0,0),(9,'2025-08-21',1,'manual',NULL,NULL,NULL,13,3,NULL,13,NULL,NULL,3150.00,NULL,'',NULL,1,3,0,0),(10,'2025-08-07',1,'manual',NULL,NULL,NULL,100,3,NULL,100,NULL,NULL,1530.00,NULL,'',NULL,1,5,0,0),(11,'2025-08-08',1,'manual',NULL,NULL,NULL,123,6,NULL,123,NULL,NULL,1140.00,NULL,'',NULL,1,6,0,0),(12,'2025-08-15',1,'manual',NULL,NULL,NULL,1232,6,NULL,1111,NULL,NULL,1020.00,NULL,'',NULL,1,6,0,0),(13,'2025-08-22',1,'manual',NULL,NULL,NULL,123,6,NULL,123,NULL,NULL,2100.00,NULL,'',NULL,1,4,0,0),(14,'2025-08-04',1,'manual',NULL,NULL,NULL,1234,6,NULL,123123,NULL,NULL,1995.00,NULL,'',NULL,1,7,0,0),(15,'2025-08-05',1,'manual',NULL,NULL,NULL,123,6,NULL,321,NULL,NULL,1020.00,NULL,'',NULL,1,2,0,0),(16,'2025-08-04',1,'manual',NULL,NULL,NULL,55,6,NULL,NULL,NULL,NULL,1785.00,NULL,'',NULL,1,7,0,0),(17,'2025-08-08',1,'manual',NULL,NULL,NULL,22,6,NULL,NULL,NULL,NULL,1020.00,NULL,'',NULL,1,6,0,0),(18,'2025-08-07',1,'manual',NULL,NULL,NULL,33,3,NULL,33,NULL,NULL,1530.00,NULL,'',NULL,1,5,0,0),(19,'2025-08-05',1,'manual',NULL,NULL,NULL,25,6,NULL,25,NULL,NULL,1020.00,NULL,'',NULL,1,2,31,0),(20,'2025-08-07',1,'manual',NULL,NULL,NULL,12,3,NULL,12,NULL,NULL,1530.00,NULL,'',NULL,1,5,28,0),(21,'2025-08-07',1,'manual',NULL,NULL,NULL,12,3,NULL,12,NULL,NULL,1530.00,NULL,'',NULL,1,5,28,0),(22,'2025-08-01',1,'manual',NULL,NULL,NULL,45,6,NULL,550,NULL,NULL,2185.00,NULL,'',NULL,1,4,40,0),(23,'2025-08-07',1,'manual',NULL,NULL,NULL,111,3,NULL,111,NULL,NULL,1530.00,NULL,'',NULL,1,5,36,0),(24,'2025-08-07',1,'manual',NULL,NULL,NULL,50,3,NULL,50,NULL,NULL,1530.00,NULL,'',NULL,1,5,36,0),(25,'2025-08-07',1,'manual',NULL,NULL,NULL,11,3,NULL,11,NULL,NULL,1530.00,NULL,'',NULL,1,5,28,0),(26,'2025-08-07',1,'manual',NULL,NULL,NULL,111,3,NULL,111,NULL,NULL,1530.00,NULL,'',NULL,1,5,36,0),(27,'2025-08-07',1,'manual',NULL,NULL,NULL,55,3,NULL,55,NULL,NULL,1570.50,NULL,'',NULL,1,5,36,0),(28,'2025-08-05',1,'manual',NULL,NULL,NULL,666,6,NULL,666,NULL,NULL,1020.00,NULL,'',NULL,1,2,36,0),(29,'2025-08-07',1,'manual',NULL,NULL,NULL,333,3,NULL,333,NULL,NULL,1530.00,NULL,'',NULL,1,5,36,0),(30,'2025-08-07',1,'manual',NULL,NULL,NULL,45,3,NULL,45,NULL,NULL,1530.00,NULL,'',NULL,1,5,35,0),(31,'2025-08-07',1,'manual',NULL,NULL,NULL,333,3,NULL,333,NULL,NULL,1530.00,NULL,'',NULL,1,5,36,0),(32,'2025-08-07',1,'manual',NULL,NULL,NULL,122,3,NULL,123,NULL,NULL,1530.00,NULL,'',NULL,1,5,36,0),(33,'2025-08-07',1,'manual',NULL,NULL,NULL,122,3,NULL,123,NULL,NULL,1530.00,NULL,'',NULL,1,5,36,0),(34,'2025-08-07',1,'manual',NULL,NULL,NULL,111,3,NULL,222,NULL,NULL,1530.00,NULL,'',NULL,1,5,36,0),(36,'2025-08-01',1,'manual',NULL,NULL,NULL,333,6,NULL,333,NULL,NULL,1800.00,NULL,'',NULL,1,4,40,0),(39,'2025-08-01',1,'manual',NULL,NULL,NULL,56,6,NULL,56,NULL,NULL,1800.00,NULL,'',NULL,1,4,40,0),(40,'2025-08-01',1,'manual',NULL,NULL,NULL,11,6,NULL,11,NULL,NULL,1800.00,NULL,'',NULL,1,4,32,0),(41,'2025-08-07',1,'manual',NULL,NULL,NULL,111,3,NULL,111,NULL,NULL,1530.00,NULL,'',NULL,1,5,36,0),(42,'2025-08-08',1,'manual',NULL,NULL,NULL,1111,6,NULL,11111,NULL,NULL,1020.00,NULL,'',NULL,1,6,36,0),(44,'2025-08-01',1,'manual',NULL,NULL,NULL,1111,0,NULL,1111,NULL,NULL,0.00,NULL,'',NULL,1,4,26,0),(45,'2025-08-07',1,'manual',NULL,NULL,NULL,3342,0,NULL,435345,NULL,NULL,0.00,NULL,'',NULL,1,5,26,0),(46,'2025-08-05',1,'manual',NULL,NULL,NULL,44,0,NULL,44,NULL,NULL,0.00,NULL,'',NULL,1,2,24,0),(47,'2025-08-05',1,'manual',NULL,NULL,NULL,222,0,NULL,222,NULL,NULL,0.00,NULL,'',NULL,1,2,26,0),(48,'2025-08-07',1,'manual',NULL,NULL,NULL,123,0,NULL,123,NULL,NULL,0.00,NULL,'',NULL,1,5,26,0),(49,'2025-08-07',1,'manual',NULL,NULL,NULL,123,0,NULL,123,NULL,NULL,0.00,NULL,'',NULL,1,5,26,0),(50,'2025-08-07',1,'manual',NULL,NULL,NULL,123,0,NULL,123,NULL,NULL,0.00,NULL,'',NULL,1,5,26,0),(51,'2025-08-07',1,'manual',NULL,NULL,NULL,NULL,0,NULL,NULL,NULL,NULL,0.00,NULL,'',NULL,1,5,26,0),(52,'2025-08-01',1,'manual',NULL,NULL,NULL,NULL,0,NULL,NULL,NULL,NULL,0.00,NULL,'',NULL,1,4,26,0),(53,'2025-08-01',1,'manual',NULL,NULL,NULL,NULL,0,NULL,NULL,NULL,NULL,0.00,NULL,'',NULL,1,4,26,0),(54,'2025-08-01',1,'manual',NULL,NULL,NULL,NULL,0,NULL,NULL,NULL,NULL,0.00,NULL,'',NULL,1,4,26,0),(55,'2025-08-01',1,'manual',NULL,NULL,NULL,NULL,0,NULL,NULL,NULL,NULL,0.00,NULL,'',NULL,1,4,26,0),(56,'2025-08-01',1,'manual',NULL,NULL,NULL,NULL,0,NULL,NULL,NULL,NULL,0.00,NULL,'',NULL,1,4,26,0),(57,'2025-08-01',1,'manual',NULL,NULL,NULL,NULL,0,NULL,NULL,NULL,NULL,0.00,NULL,'',NULL,1,4,26,0),(58,'2025-08-01',1,'manual',NULL,NULL,NULL,NULL,0,NULL,NULL,NULL,NULL,0.00,NULL,'',NULL,1,4,26,0),(59,'2025-08-01',1,'manual',NULL,NULL,NULL,NULL,0,NULL,NULL,NULL,NULL,0.00,NULL,'',NULL,1,4,26,0),(60,'2025-08-01',1,'manual',NULL,NULL,NULL,111,0,NULL,111,NULL,NULL,0.00,NULL,'',NULL,1,4,26,0),(61,'2025-08-07',1,'manual',NULL,NULL,NULL,NULL,0,NULL,NULL,NULL,NULL,0.00,NULL,'',NULL,1,5,26,0),(62,'2025-08-07',1,'manual',NULL,NULL,NULL,NULL,0,NULL,NULL,NULL,NULL,0.00,NULL,'',NULL,1,5,26,0),(63,'2025-08-07',1,'manual',NULL,NULL,NULL,NULL,0,NULL,NULL,NULL,NULL,0.00,NULL,'',NULL,1,5,26,0),(64,'2025-08-07',1,'manual',NULL,NULL,NULL,NULL,0,NULL,NULL,NULL,NULL,0.00,NULL,'',NULL,1,5,26,0),(65,'2025-08-07',1,'manual',NULL,NULL,NULL,NULL,0,NULL,NULL,NULL,NULL,0.00,NULL,'',NULL,1,5,26,0),(66,'2025-08-07',1,'manual',NULL,NULL,NULL,NULL,0,NULL,NULL,NULL,NULL,0.00,NULL,'',NULL,1,5,26,0),(67,'2025-08-07',1,'manual',NULL,NULL,NULL,NULL,0,NULL,NULL,NULL,NULL,0.00,NULL,'',NULL,1,5,26,0),(68,'2025-08-14',1,'manual',NULL,NULL,NULL,NULL,0,NULL,NULL,NULL,NULL,0.00,NULL,'',NULL,1,5,26,0),(69,'2025-08-07',1,'manual',NULL,NULL,NULL,NULL,0,NULL,NULL,NULL,NULL,0.00,NULL,'',NULL,1,5,26,0),(70,'2025-08-07',1,'manual',NULL,NULL,NULL,NULL,0,NULL,NULL,NULL,NULL,0.00,NULL,'',NULL,1,5,26,0),(71,'2025-08-21',1,'manual',NULL,NULL,NULL,NULL,0,NULL,NULL,NULL,NULL,0.00,NULL,'',NULL,1,3,26,0),(72,'2025-08-07',1,'manual',NULL,NULL,NULL,NULL,0,NULL,NULL,NULL,NULL,0.00,NULL,'',NULL,1,5,26,0),(73,'2025-08-07',1,'manual',NULL,NULL,NULL,NULL,0,NULL,NULL,NULL,NULL,0.00,NULL,'',NULL,1,5,26,0),(74,'2025-08-07',1,'manual',NULL,NULL,NULL,NULL,0,NULL,NULL,NULL,NULL,0.00,NULL,'',NULL,1,5,26,0),(75,'2025-08-07',1,'manual',NULL,NULL,NULL,NULL,0,NULL,NULL,NULL,NULL,0.00,NULL,'',NULL,1,5,26,0),(76,'2025-08-07',1,'manual',NULL,NULL,NULL,NULL,0,NULL,NULL,NULL,NULL,0.00,NULL,'',NULL,1,5,26,0),(77,'2025-08-07',1,'manual',NULL,NULL,NULL,NULL,0,NULL,NULL,NULL,NULL,0.00,NULL,'',NULL,1,5,26,0),(78,'2025-08-28',1,'manual',NULL,NULL,NULL,NULL,0,NULL,NULL,NULL,NULL,0.00,NULL,'',NULL,1,8,26,0),(79,'2025-08-28',1,'manual',NULL,NULL,NULL,NULL,0,NULL,NULL,NULL,NULL,0.00,NULL,'',NULL,1,8,26,0),(80,'2025-08-07',1,'manual',NULL,NULL,NULL,NULL,0,NULL,NULL,NULL,NULL,0.00,NULL,'',NULL,1,5,26,0),(81,'2025-08-28',1,'manual',NULL,NULL,NULL,NULL,0,NULL,NULL,NULL,NULL,0.00,NULL,'',NULL,1,8,26,0),(82,'2025-08-21',1,'manual',NULL,NULL,NULL,NULL,0,NULL,NULL,NULL,NULL,0.00,NULL,'',NULL,1,3,26,0),(83,'2025-08-01',1,'manual',NULL,NULL,NULL,NULL,0,NULL,NULL,NULL,NULL,0.00,NULL,'',NULL,1,4,26,0),(84,'2025-08-01',1,'manual',NULL,NULL,NULL,NULL,0,NULL,NULL,NULL,NULL,0.00,NULL,'',NULL,1,4,26,0),(85,'2025-08-07',1,'manual',NULL,NULL,NULL,NULL,0,NULL,NULL,NULL,NULL,0.00,NULL,'',NULL,1,5,26,0),(86,'2025-08-07',1,'manual',NULL,NULL,NULL,NULL,0,NULL,NULL,NULL,NULL,0.00,NULL,'',NULL,1,5,26,0),(87,'2025-08-07',1,'manual',NULL,NULL,NULL,NULL,0,NULL,NULL,NULL,NULL,0.00,NULL,'',NULL,1,5,26,0),(88,'2025-08-07',1,'manual',NULL,NULL,NULL,NULL,0,NULL,NULL,NULL,NULL,0.00,NULL,'',NULL,1,5,26,0),(89,'2025-08-07',1,'manual',NULL,NULL,NULL,NULL,0,NULL,NULL,NULL,NULL,0.00,NULL,'',NULL,1,5,26,0),(90,'2025-08-04',1,'manual',NULL,NULL,NULL,NULL,0,NULL,NULL,NULL,NULL,0.00,NULL,'',NULL,1,7,26,0),(91,'2025-08-28',1,'manual',NULL,NULL,NULL,NULL,0,NULL,NULL,NULL,NULL,0.00,NULL,'',NULL,1,8,26,0),(92,'2025-08-28',1,'manual',NULL,NULL,NULL,NULL,0,NULL,NULL,NULL,NULL,0.00,NULL,'',NULL,1,8,26,0),(93,'2025-08-28',1,'manual',NULL,NULL,NULL,NULL,0,NULL,NULL,NULL,NULL,0.00,NULL,'',NULL,1,8,26,0),(94,'2025-08-07',1,'manual',NULL,NULL,NULL,NULL,0,NULL,NULL,NULL,NULL,0.00,NULL,'',NULL,1,5,26,0),(95,'2025-08-07',1,'manual',NULL,NULL,NULL,NULL,0,NULL,NULL,NULL,NULL,0.00,NULL,'',NULL,1,5,26,0),(96,'2025-08-07',1,'manual',NULL,NULL,NULL,NULL,0,NULL,NULL,NULL,NULL,0.00,NULL,'',NULL,1,5,26,0),(103,'2025-08-27',1,'manual',NULL,NULL,NULL,30,1,NULL,NULL,NULL,NULL,2280.00,NULL,'',NULL,2,8,0,0),(104,'2025-08-29',1,'manual',NULL,NULL,NULL,50,4,NULL,NULL,NULL,NULL,11630.00,NULL,'',NULL,2,9,0,0),(105,'2025-08-25',1,'manual',NULL,NULL,NULL,50,4,NULL,NULL,NULL,NULL,5420.00,NULL,'',NULL,2,1,0,0),(106,'2025-09-03',1,'manual',NULL,NULL,NULL,60,2,NULL,NULL,NULL,NULL,2448.00,NULL,'',NULL,2,8,0,0),(142,'2025-09-01',1,'manual',NULL,NULL,NULL,60,3,NULL,NULL,NULL,NULL,5922.00,NULL,'',NULL,2,1,0,0),(143,'2025-09-02',1,'manual',NULL,NULL,NULL,55,3,NULL,NULL,NULL,NULL,4080.00,NULL,'',NULL,2,14,0,0),(144,'2025-09-04',1,'manual',NULL,NULL,NULL,60,2,NULL,NULL,NULL,NULL,3360.00,NULL,'',NULL,2,13,0,0),(145,'2025-09-08',1,'manual',NULL,NULL,NULL,50,4,NULL,NULL,NULL,NULL,5623.50,NULL,'',NULL,2,1,0,0),(146,'2025-09-09',1,'manual',NULL,NULL,NULL,45,3,NULL,NULL,NULL,NULL,3890.00,NULL,'',NULL,2,14,0,0),(147,'2025-09-10',1,'manual',NULL,NULL,NULL,50,2,NULL,NULL,NULL,NULL,1871.00,NULL,'',NULL,2,8,0,0),(148,'2025-09-11',1,'manual',NULL,NULL,NULL,30,2,NULL,NULL,NULL,NULL,2820.00,NULL,'',NULL,2,13,0,0),(149,'2025-09-12',1,'manual',NULL,NULL,NULL,60,4,NULL,NULL,NULL,NULL,13200.00,NULL,'',NULL,2,9,0,0),(150,'2025-09-15',1,'manual',NULL,NULL,NULL,50,4,NULL,NULL,NULL,NULL,4872.50,NULL,'',NULL,2,1,0,0),(151,'2025-09-16',1,'manual',NULL,NULL,NULL,50,3,NULL,NULL,NULL,NULL,3982.00,NULL,'',NULL,2,14,0,0),(152,'2025-09-17',1,'manual',NULL,NULL,NULL,30,2,NULL,NULL,NULL,NULL,1608.00,NULL,'',NULL,2,8,0,0),(153,'2025-09-18',1,'manual',NULL,NULL,NULL,30,2,NULL,NULL,NULL,NULL,2080.00,NULL,'',NULL,2,13,0,0),(154,'2025-09-19',1,'manual',NULL,NULL,NULL,55,3,NULL,NULL,NULL,NULL,11400.00,NULL,'',NULL,2,9,0,0),(155,'2025-09-22',1,'manual',NULL,NULL,NULL,50,4,NULL,NULL,NULL,NULL,5678.00,NULL,'',NULL,2,1,0,0),(156,'2025-09-23',1,'manual',NULL,NULL,NULL,60,3,NULL,NULL,NULL,NULL,4493.00,NULL,'',NULL,2,14,0,0),(157,'2025-09-24',1,'manual',NULL,NULL,NULL,30,2,NULL,NULL,NULL,NULL,1680.00,NULL,'',NULL,2,8,0,0),(158,'2025-09-29',1,'manual',NULL,NULL,NULL,60,6,NULL,NULL,NULL,NULL,6240.00,NULL,'',NULL,4,1,0,0),(159,'2025-09-25',1,'manual',NULL,NULL,NULL,35,2,NULL,NULL,NULL,NULL,3037.50,NULL,'',NULL,2,13,0,0),(160,'2025-09-25',1,'manual',NULL,NULL,NULL,35,2,NULL,NULL,NULL,NULL,3037.50,NULL,'',NULL,2,13,0,0),(161,'2025-10-03',1,'manual',NULL,NULL,NULL,45,4,NULL,NULL,NULL,NULL,16600.00,NULL,'',NULL,2,9,0,0),(162,'2025-09-29',1,'manual',NULL,NULL,NULL,NULL,4,NULL,NULL,NULL,NULL,6075.00,NULL,'',NULL,2,1,0,0),(163,'2025-10-07',1,'manual',NULL,NULL,NULL,38,3,NULL,NULL,NULL,NULL,4185.00,NULL,'',NULL,2,14,0,0),(164,'2025-10-08',1,'manual',NULL,NULL,NULL,40,2,NULL,NULL,NULL,NULL,1680.00,NULL,'',NULL,2,8,0,0),(165,'2025-10-09',1,'manual',NULL,NULL,NULL,25,2,NULL,NULL,NULL,NULL,3420.00,NULL,'',NULL,2,13,0,0),(166,'2025-10-10',1,'manual',NULL,NULL,NULL,67,4,NULL,NULL,NULL,NULL,13620.00,NULL,'',NULL,2,9,0,0),(167,'2025-10-13',1,'manual',NULL,NULL,NULL,45,4,NULL,NULL,NULL,NULL,6360.00,NULL,'',NULL,2,1,0,0),(168,'2025-10-14',1,'manual',NULL,NULL,NULL,30,3,NULL,NULL,NULL,NULL,4380.00,NULL,'',NULL,2,14,0,0),(169,'2025-10-15',1,'manual',NULL,NULL,NULL,32,2,NULL,NULL,NULL,NULL,2027.00,NULL,'',NULL,2,8,0,0),(170,'2025-10-16',1,'manual',NULL,NULL,NULL,36,2,NULL,NULL,NULL,NULL,2871.00,NULL,'',NULL,2,13,0,0),(171,'2025-10-17',1,'manual',NULL,NULL,NULL,60,4,NULL,550,NULL,NULL,16560.00,NULL,'',NULL,2,9,0,0),(172,'2025-10-20',1,'manual',NULL,NULL,NULL,57,4,NULL,NULL,NULL,NULL,6547.50,NULL,'',NULL,2,1,0,0),(173,'2025-10-24',1,'manual',NULL,NULL,NULL,60,4,NULL,NULL,NULL,NULL,16970.00,NULL,'',NULL,2,9,0,0),(174,'2025-10-27',1,'manual',NULL,NULL,NULL,41,3,NULL,NULL,NULL,NULL,6500.00,NULL,'',NULL,2,1,0,0),(175,'2025-10-28',1,'manual',NULL,NULL,NULL,37,3,NULL,NULL,NULL,NULL,5000.00,NULL,'',NULL,2,14,0,0),(176,'2025-10-29',1,'manual',NULL,NULL,NULL,42,2,NULL,NULL,NULL,NULL,2312.00,NULL,'',NULL,2,8,0,0),(177,'2025-10-31',1,'manual',NULL,NULL,NULL,NULL,2,NULL,NULL,NULL,NULL,5362.50,NULL,'',NULL,2,9,0,0),(178,'2025-11-03',1,'manual',NULL,NULL,NULL,45,4,NULL,NULL,NULL,NULL,2895.00,NULL,'',NULL,2,15,0,0),(179,'2025-11-04',1,'manual',NULL,NULL,NULL,45,3,NULL,NULL,NULL,NULL,4885.00,NULL,'',NULL,2,16,0,0),(180,'2025-11-06',1,'manual',NULL,NULL,NULL,30,2,NULL,NULL,NULL,NULL,1910.00,NULL,'',NULL,2,17,0,0),(181,'2025-11-06',1,'manual',NULL,NULL,NULL,30,2,NULL,NULL,NULL,NULL,1910.00,NULL,'',NULL,2,17,0,0),(182,'2025-11-07',1,'manual',NULL,NULL,NULL,NULL,4,NULL,NULL,NULL,NULL,7090.00,NULL,'',NULL,2,18,0,0),(183,'2025-11-05',1,'manual',NULL,NULL,NULL,35,2,NULL,NULL,NULL,NULL,2190.00,NULL,'',NULL,2,19,0,0),(184,'2025-11-12',1,'manual',NULL,NULL,NULL,30,2,NULL,NULL,NULL,NULL,2790.00,NULL,'',NULL,2,19,0,0),(185,'2025-11-10',1,'manual',NULL,NULL,NULL,30,4,NULL,NULL,NULL,NULL,2462.50,NULL,'',NULL,2,15,0,0),(186,'2025-11-10',1,'manual',NULL,NULL,NULL,30,4,NULL,NULL,NULL,NULL,2462.50,NULL,'',NULL,2,15,0,0),(187,'2025-11-20',1,'manual',NULL,NULL,NULL,15,2,NULL,NULL,NULL,NULL,1240.00,NULL,'',NULL,2,4,0,0),(188,'2025-11-19',1,'manual',NULL,NULL,NULL,31,2,NULL,NULL,NULL,NULL,8800.00,NULL,'',NULL,2,3,0,0),(189,'2025-11-17',1,'manual',NULL,NULL,NULL,43,4,NULL,NULL,NULL,NULL,4180.00,NULL,'',NULL,2,10,0,0),(190,'2025-11-18',1,'manual',NULL,NULL,NULL,42,3,NULL,NULL,NULL,NULL,2615.00,NULL,'',NULL,2,11,0,0),(191,'2025-11-24',1,'manual',NULL,NULL,NULL,NULL,4,NULL,NULL,NULL,NULL,8550.00,NULL,'',NULL,2,20,0,0),(192,'2025-11-25',1,'manual',NULL,NULL,NULL,30,3,NULL,NULL,NULL,NULL,4940.00,NULL,'',NULL,2,21,0,0),(193,'2025-11-28',1,'manual',NULL,NULL,NULL,60,4,NULL,NULL,NULL,NULL,14740.00,NULL,'',NULL,2,22,0,0),(194,'2025-11-27',1,'manual',NULL,NULL,NULL,30,2,NULL,NULL,NULL,NULL,2152.50,NULL,'',NULL,2,23,0,0),(195,'2025-12-01',1,'manual',NULL,NULL,NULL,30,4,NULL,NULL,NULL,NULL,7960.00,NULL,'',NULL,2,20,0,0),(196,'2025-12-02',1,'manual',NULL,NULL,NULL,30,3,NULL,NULL,NULL,NULL,6350.00,NULL,'',NULL,2,21,0,0),(197,'2025-12-05',1,'manual',NULL,NULL,NULL,48,4,NULL,NULL,NULL,NULL,17595.00,NULL,'',NULL,2,22,0,0),(198,'2025-12-03',1,'manual',NULL,NULL,NULL,30,2,NULL,NULL,NULL,NULL,1560.00,NULL,'',NULL,2,24,0,0),(199,'2025-12-08',1,'manual',NULL,NULL,NULL,60,4,NULL,NULL,NULL,NULL,7363.00,NULL,'',NULL,2,20,0,0),(200,'2025-12-09',1,'manual',NULL,NULL,NULL,45,3,NULL,NULL,NULL,NULL,6740.00,NULL,'',NULL,2,21,0,0),(201,'2025-12-10',1,'manual',NULL,NULL,NULL,30,2,NULL,NULL,NULL,NULL,1290.00,NULL,'',NULL,2,24,0,0),(202,'2025-12-10',1,'manual',NULL,NULL,NULL,30,2,NULL,NULL,NULL,NULL,1290.00,NULL,'',NULL,2,24,0,0),(203,'2025-12-11',1,'manual',NULL,NULL,NULL,35,2,NULL,NULL,NULL,NULL,2332.00,NULL,'',NULL,2,23,0,0),(204,'2025-12-12',1,'manual',NULL,NULL,NULL,50,4,NULL,NULL,NULL,NULL,17450.00,NULL,'',NULL,2,22,0,0),(205,'2025-12-15',1,'manual',NULL,NULL,NULL,40,4,NULL,NULL,NULL,NULL,7960.00,NULL,'',NULL,2,20,0,0),(206,'2025-12-16',1,'manual',NULL,NULL,NULL,30,3,NULL,NULL,NULL,NULL,5765.00,NULL,'',NULL,2,21,0,0),(207,'2025-12-17',1,'manual',NULL,NULL,NULL,30,2,NULL,NULL,NULL,NULL,1500.00,NULL,'',NULL,2,24,0,0),(208,'2025-12-18',1,'manual',NULL,NULL,NULL,35,2,NULL,NULL,NULL,NULL,2692.50,NULL,'',NULL,2,23,0,0),(209,'2025-12-19',1,'manual',NULL,NULL,NULL,45,4,NULL,NULL,NULL,NULL,15520.00,NULL,'',NULL,2,22,0,0),(210,'2025-12-22',1,'manual',NULL,NULL,NULL,55,4,NULL,NULL,NULL,NULL,8575.00,NULL,'',NULL,2,20,0,0),(211,'2025-12-22',1,'manual',NULL,NULL,NULL,55,4,NULL,NULL,NULL,NULL,8575.00,NULL,'',NULL,2,20,0,0),(212,'2025-12-23',1,'manual',NULL,NULL,NULL,63,3,NULL,NULL,NULL,NULL,6855.00,NULL,'',NULL,2,21,0,0),(213,'2025-12-24',1,'manual',NULL,NULL,NULL,35,2,NULL,NULL,NULL,NULL,2100.00,NULL,'',NULL,2,24,0,0),(214,'2025-12-26',1,'manual',NULL,NULL,NULL,68,4,NULL,NULL,NULL,NULL,16723.00,NULL,'',NULL,2,22,0,0),(215,'2025-12-30',1,'manual',NULL,NULL,NULL,53,3,NULL,NULL,NULL,NULL,7095.00,NULL,'',NULL,2,21,0,0),(216,'2025-12-30',1,'manual',NULL,NULL,NULL,53,3,NULL,NULL,NULL,NULL,7095.00,NULL,'',NULL,2,21,0,0),(217,'2026-01-05',1,'manual',NULL,NULL,NULL,50,4,NULL,NULL,NULL,NULL,7182.50,NULL,'',NULL,2,25,0,0),(218,'2026-01-06',1,'manual',NULL,NULL,NULL,60,3,NULL,NULL,NULL,NULL,4708.00,NULL,'',NULL,2,26,0,0),(219,'2026-01-07',1,'manual',NULL,NULL,NULL,62,2,NULL,NULL,NULL,NULL,11700.00,NULL,'',NULL,2,27,0,0),(220,'2026-01-08',1,'manual',NULL,NULL,NULL,36,2,NULL,NULL,NULL,NULL,3428.00,NULL,'',NULL,2,28,0,0),(221,'2026-01-09',1,'manual',NULL,NULL,NULL,75,4,NULL,NULL,NULL,NULL,15330.00,NULL,'',NULL,2,29,0,0),(222,'2026-01-12',1,'manual',NULL,NULL,NULL,78,4,NULL,NULL,NULL,NULL,7711.50,NULL,'',NULL,2,25,0,0),(223,'2026-01-13',1,'manual',NULL,NULL,NULL,50,3,NULL,NULL,NULL,NULL,5734.00,NULL,'',NULL,2,26,0,0),(224,'2026-01-14',1,'manual',NULL,NULL,NULL,36,4,NULL,NULL,NULL,NULL,11750.00,NULL,'',NULL,2,27,0,0),(225,'2026-01-15',1,'manual',NULL,NULL,NULL,54,4,NULL,NULL,NULL,NULL,3675.00,NULL,'',NULL,2,28,0,0),(226,'2026-01-16',1,'manual',NULL,NULL,NULL,50,5,NULL,NULL,NULL,NULL,7875.00,NULL,'',NULL,2,29,0,0),(227,'2026-01-19',1,'manual',NULL,NULL,NULL,45,4,NULL,NULL,NULL,NULL,5289.00,NULL,'',NULL,2,25,0,0),(228,'2026-01-20',1,'manual',NULL,NULL,NULL,45,4,NULL,NULL,NULL,NULL,3907.50,NULL,'',NULL,2,26,0,0),(229,'2026-01-21',1,'manual',NULL,NULL,NULL,45,4,NULL,NULL,NULL,NULL,13095.00,NULL,'',NULL,2,27,0,0),(230,'2026-01-22',1,'manual',NULL,NULL,NULL,48,4,NULL,NULL,NULL,NULL,6230.00,NULL,'',NULL,2,28,0,0),(231,'2026-01-23',1,'manual',NULL,NULL,NULL,50,5,NULL,NULL,NULL,NULL,8130.00,NULL,'',NULL,2,29,0,0),(232,'2026-01-26',1,'manual',NULL,NULL,NULL,40,4,NULL,NULL,NULL,NULL,5909.00,NULL,'',NULL,2,25,0,0),(233,'2026-01-27',1,'manual',NULL,NULL,NULL,50,4,NULL,NULL,NULL,NULL,6410.00,NULL,'',NULL,2,26,0,0),(234,'2026-01-28',1,'manual',NULL,NULL,NULL,NULL,4,NULL,NULL,NULL,NULL,13460.00,NULL,'',NULL,2,27,0,0),(235,'2026-01-29',1,'manual',NULL,NULL,NULL,NULL,4,NULL,NULL,NULL,NULL,8700.00,NULL,'',NULL,2,28,0,0),(236,'2026-01-30',1,'manual',NULL,NULL,NULL,NULL,5,NULL,NULL,NULL,NULL,8190.00,NULL,'',NULL,2,29,0,0),(237,'2026-02-02',1,'manual',NULL,NULL,NULL,NULL,4,NULL,NULL,NULL,NULL,6464.00,NULL,'',NULL,2,25,0,0),(238,'2026-02-03',1,'manual',NULL,NULL,NULL,NULL,4,NULL,NULL,NULL,NULL,6135.00,NULL,'',NULL,2,26,0,0),(239,'2026-02-04',0,'manual',NULL,NULL,NULL,NULL,4,NULL,NULL,NULL,NULL,16920.00,NULL,'',NULL,2,27,0,0),(240,'2026-02-05',0,'manual',NULL,NULL,NULL,NULL,4,NULL,NULL,NULL,NULL,9790.00,NULL,'',NULL,2,28,0,0),(241,'2026-02-09',0,'manual',NULL,NULL,NULL,NULL,4,NULL,NULL,NULL,NULL,6950.00,NULL,'',NULL,2,25,0,0),(242,'2026-02-10',0,'manual',NULL,NULL,NULL,NULL,4,NULL,NULL,NULL,NULL,6807.50,NULL,'',NULL,2,26,0,0),(243,'2026-02-11',0,'manual',NULL,NULL,NULL,NULL,4,NULL,NULL,NULL,NULL,18600.00,NULL,'',NULL,2,27,0,0),(244,'2026-02-12',0,'manual',NULL,NULL,NULL,NULL,NULL,NULL,NULL,NULL,NULL,0.00,NULL,'',NULL,2,28,0,0),(245,'2026-02-12',0,'manual',NULL,NULL,NULL,NULL,4,NULL,NULL,NULL,NULL,11367.50,NULL,'',NULL,2,28,0,0),(246,'2026-02-13',0,'manual',NULL,NULL,NULL,NULL,5,NULL,NULL,NULL,NULL,9750.00,NULL,'',NULL,2,29,0,0),(247,'2026-02-16',0,'manual',NULL,NULL,NULL,NULL,2,NULL,NULL,NULL,NULL,3687.50,NULL,'',NULL,2,30,0,0),(248,'2026-03-02',0,'manual',NULL,NULL,NULL,NULL,4,NULL,NULL,NULL,NULL,1209.20,NULL,'',NULL,2,31,0,0),(249,'2026-03-03',0,'manual',NULL,NULL,NULL,NULL,4,NULL,NULL,NULL,NULL,2225.80,NULL,'',NULL,2,32,0,0),(250,'2026-03-05',0,'manual',NULL,NULL,NULL,NULL,4,NULL,NULL,NULL,NULL,4299.20,NULL,'',NULL,2,33,0,0),(251,'2026-03-05',0,'manual',NULL,NULL,NULL,NULL,4,NULL,NULL,NULL,NULL,4505.00,NULL,'',NULL,2,33,0,0),(252,'2026-03-16',0,'manual',NULL,NULL,NULL,NULL,4,NULL,NULL,NULL,NULL,2352.50,NULL,'',NULL,2,31,0,0),(253,'2026-03-17',0,'manual',NULL,NULL,NULL,NULL,3,NULL,NULL,NULL,NULL,1650.00,NULL,'',NULL,2,34,0,0),(254,'2026-03-18',0,'manual',NULL,NULL,NULL,NULL,4,NULL,NULL,NULL,NULL,2880.00,NULL,'',NULL,2,35,0,0),(255,'2026-03-19',0,'manual',NULL,NULL,NULL,NULL,4,NULL,NULL,NULL,NULL,3180.00,NULL,'',NULL,2,36,0,0),(256,'2026-03-23',0,'manual',NULL,NULL,NULL,NULL,4,NULL,NULL,NULL,NULL,1800.00,NULL,'',NULL,2,37,0,0),(257,'2026-03-24',0,'manual',NULL,NULL,NULL,NULL,4,NULL,NULL,NULL,NULL,2390.00,NULL,'',NULL,2,38,0,0),(258,'2026-03-26',0,'manual',NULL,NULL,NULL,NULL,4,NULL,NULL,NULL,NULL,3532.50,NULL,'',NULL,2,36,0,0);
/*!40000 ALTER TABLE `entrenos_entrenorealizado` ENABLE KEYS */;
UNLOCK TABLES;

--
-- Table structure for table `entrenos_estadoemocional`
--

DROP TABLE IF EXISTS `entrenos_estadoemocional`;
/*!40101 SET @saved_cs_client     = @@character_set_client */;
/*!50503 SET character_set_client = utf8mb4 */;
CREATE TABLE `entrenos_estadoemocional` (
  `id` bigint NOT NULL AUTO_INCREMENT,
  `nombre` varchar(50) COLLATE utf8mb4_unicode_ci NOT NULL,
  `descripcion` longtext COLLATE utf8mb4_unicode_ci NOT NULL,
  PRIMARY KEY (`id`)
) ENGINE=InnoDB DEFAULT CHARSET=utf8mb4 COLLATE=utf8mb4_unicode_ci;
/*!40101 SET character_set_client = @saved_cs_client */;

--
-- Dumping data for table `entrenos_estadoemocional`
--

LOCK TABLES `entrenos_estadoemocional` WRITE;
/*!40000 ALTER TABLE `entrenos_estadoemocional` DISABLE KEYS */;
/*!40000 ALTER TABLE `entrenos_estadoemocional` ENABLE KEYS */;
UNLOCK TABLES;

--
-- Table structure for table `entrenos_grupomuscular`
--

DROP TABLE IF EXISTS `entrenos_grupomuscular`;
/*!40101 SET @saved_cs_client     = @@character_set_client */;
/*!50503 SET character_set_client = utf8mb4 */;
CREATE TABLE `entrenos_grupomuscular` (
  `id` bigint NOT NULL AUTO_INCREMENT,
  `nombre` varchar(100) COLLATE utf8mb4_unicode_ci NOT NULL,
  PRIMARY KEY (`id`),
  UNIQUE KEY `nombre` (`nombre`)
) ENGINE=InnoDB DEFAULT CHARSET=utf8mb4 COLLATE=utf8mb4_unicode_ci;
/*!40101 SET character_set_client = @saved_cs_client */;

--
-- Dumping data for table `entrenos_grupomuscular`
--

LOCK TABLES `entrenos_grupomuscular` WRITE;
/*!40000 ALTER TABLE `entrenos_grupomuscular` DISABLE KEYS */;
/*!40000 ALTER TABLE `entrenos_grupomuscular` ENABLE KEYS */;
UNLOCK TABLES;

--
-- Table structure for table `entrenos_logroautomatico`
--

DROP TABLE IF EXISTS `entrenos_logroautomatico`;
/*!40101 SET @saved_cs_client     = @@character_set_client */;
/*!50503 SET character_set_client = utf8mb4 */;
CREATE TABLE `entrenos_logroautomatico` (
  `id` bigint NOT NULL AUTO_INCREMENT,
  `codigo` varchar(50) COLLATE utf8mb4_unicode_ci NOT NULL,
  `nombre` varchar(100) COLLATE utf8mb4_unicode_ci NOT NULL,
  `descripcion` longtext COLLATE utf8mb4_unicode_ci NOT NULL,
  `icono` varchar(10) COLLATE utf8mb4_unicode_ci NOT NULL,
  `categoria` varchar(20) COLLATE utf8mb4_unicode_ci NOT NULL,
  `rareza` varchar(20) COLLATE utf8mb4_unicode_ci NOT NULL,
  `condicion_tipo` varchar(50) COLLATE utf8mb4_unicode_ci NOT NULL,
  `condicion_valor` json NOT NULL,
  `puntos_recompensa` int unsigned NOT NULL,
  `activo` tinyint(1) NOT NULL,
  `fecha_creacion` datetime(6) NOT NULL,
  PRIMARY KEY (`id`),
  UNIQUE KEY `codigo` (`codigo`),
  CONSTRAINT `entrenos_logroautomatico_chk_1` CHECK ((`puntos_recompensa` >= 0))
) ENGINE=InnoDB AUTO_INCREMENT=21 DEFAULT CHARSET=utf8mb4 COLLATE=utf8mb4_unicode_ci;
/*!40101 SET character_set_client = @saved_cs_client */;

--
-- Dumping data for table `entrenos_logroautomatico`
--

LOCK TABLES `entrenos_logroautomatico` WRITE;
/*!40000 ALTER TABLE `entrenos_logroautomatico` DISABLE KEYS */;
INSERT INTO `entrenos_logroautomatico` VALUES (1,'racha_3_dias','Inicio Constante 🔥','Entrena 3 días consecutivos','🔥','racha','comun','racha_dias','{\"dias\": 3}',10,1,'2026-01-25 10:39:19.256000'),(2,'racha_7_dias','Racha de Fuego 🔥','Entrena 7 días consecutivos','🔥','racha','raro','racha_dias','{\"dias\": 7}',25,1,'2026-01-25 10:39:19.279000'),(3,'racha_14_dias','Imparable 🔥','Entrena 14 días consecutivos','🔥','racha','epico','racha_dias','{\"dias\": 14}',50,1,'2026-01-25 10:39:19.299000'),(4,'racha_30_dias','Leyenda Viviente 🔥','Entrena 30 días consecutivos','🔥','racha','legendario','racha_dias','{\"dias\": 30}',100,1,'2026-01-25 10:39:19.324000'),(5,'volumen_5k','Levantador Fuerte 💪','Levanta 5,000 kg en una sesión','💪','volumen','comun','volumen_sesion','{\"kg\": 5000}',15,1,'2026-01-25 10:39:19.346000'),(6,'volumen_10k','Bestia de Hierro 💪','Levanta 10,000 kg en una sesión','💪','volumen','raro','volumen_sesion','{\"kg\": 10000}',30,1,'2026-01-25 10:39:19.365000'),(7,'volumen_20k','Titán del Gimnasio 💪','Levanta 20,000 kg en una sesión','💪','volumen','epico','volumen_sesion','{\"kg\": 20000}',60,1,'2026-01-25 10:39:19.388000'),(8,'primera_sesion','Primer Paso 🎯','Completa tu primera sesión','🎯','tiempo','comun','primera_sesion','{}',5,1,'2026-01-25 10:39:19.409000'),(9,'sesiones_10','Comprometido ⏱️','Completa 10 sesiones','⏱️','tiempo','comun','total_sesiones','{\"cantidad\": 10}',20,1,'2026-01-25 10:39:19.432000'),(10,'sesiones_50','Veterano ⏱️','Completa 50 sesiones','⏱️','tiempo','raro','total_sesiones','{\"cantidad\": 50}',50,1,'2026-01-25 10:39:19.455000'),(11,'sesiones_100','Centurión ⏱️','Completa 100 sesiones','⏱️','tiempo','epico','total_sesiones','{\"cantidad\": 100}',100,1,'2026-01-25 10:39:19.480000'),(12,'sesion_perfecta','Perfección ⭐','Completa el 100% de las series en una sesión','⭐','perfeccion','comun','sesion_perfecta','{}',10,1,'2026-01-25 10:39:19.505000'),(13,'perfectas_5','Racha Perfecta ⭐','5 sesiones perfectas consecutivas','⭐','perfeccion','raro','sesiones_perfectas_consecutivas','{\"cantidad\": 5}',35,1,'2026-01-25 10:39:19.528000'),(14,'records_5','Rompedor de Récords 🏆','Establece 5 récords personales','🏆','records','raro','total_records','{\"cantidad\": 5}',25,1,'2026-01-25 10:39:19.550000'),(15,'records_10','Maestro de Récords 🏆','Establece 10 récords personales','🏆','records','epico','total_records','{\"cantidad\": 10}',50,1,'2026-01-25 10:39:19.572000'),(16,'records_sesion_3','Día de Récords 🏆','Rompe 3 récords en una sola sesión','🏆','records','epico','records_en_sesion','{\"cantidad\": 3}',40,1,'2026-01-25 10:39:19.596000'),(17,'madrugador','Madrugador 🌅','Entrena antes de las 7 AM','🌅','especial','raro','hora_entrenamiento','{\"tipo\": \"madrugada\"}',15,1,'2026-01-25 10:39:19.620000'),(18,'guerrero_nocturno','Guerrero Nocturno 🌙','Entrena después de las 9 PM','🌙','especial','raro','hora_entrenamiento','{\"tipo\": \"noche\"}',15,1,'2026-01-25 10:39:19.642000'),(19,'maratonista','Maratonista 🏃','Sesión de más de 2 horas','🏃','especial','raro','duracion_sesion','{\"minutos\": 120}',20,1,'2026-01-25 10:39:19.666000'),(20,'velocista','Velocista ⚡','Completa una sesión en menos de 30 minutos','⚡','especial','raro','duracion_sesion','{\"minutos\": 30, \"operador\": \"menor\"}',15,1,'2026-01-25 10:39:19.692000');
/*!40000 ALTER TABLE `entrenos_logroautomatico` ENABLE KEYS */;
UNLOCK TABLES;

--
-- Table structure for table `entrenos_logrodesbloqueado`
--

DROP TABLE IF EXISTS `entrenos_logrodesbloqueado`;
/*!40101 SET @saved_cs_client     = @@character_set_client */;
/*!50503 SET character_set_client = utf8mb4 */;
CREATE TABLE `entrenos_logrodesbloqueado` (
  `id` bigint NOT NULL AUTO_INCREMENT,
  `nombre` varchar(100) COLLATE utf8mb4_unicode_ci NOT NULL,
  `descripcion` longtext COLLATE utf8mb4_unicode_ci NOT NULL,
  `fecha` date NOT NULL,
  `cliente_id` bigint NOT NULL,
  PRIMARY KEY (`id`),
  KEY `entrenos_logrodesblo_cliente_id_54ee18fb_fk_clientes_` (`cliente_id`),
  CONSTRAINT `entrenos_logrodesblo_cliente_id_54ee18fb_fk_clientes_` FOREIGN KEY (`cliente_id`) REFERENCES `clientes_cliente` (`id`)
) ENGINE=InnoDB DEFAULT CHARSET=utf8mb4 COLLATE=utf8mb4_unicode_ci;
/*!40101 SET character_set_client = @saved_cs_client */;

--
-- Dumping data for table `entrenos_logrodesbloqueado`
--

LOCK TABLES `entrenos_logrodesbloqueado` WRITE;
/*!40000 ALTER TABLE `entrenos_logrodesbloqueado` DISABLE KEYS */;
/*!40000 ALTER TABLE `entrenos_logrodesbloqueado` ENABLE KEYS */;
UNLOCK TABLES;

--
-- Table structure for table `entrenos_planpersonalizado`
--

DROP TABLE IF EXISTS `entrenos_planpersonalizado`;
/*!40101 SET @saved_cs_client     = @@character_set_client */;
/*!50503 SET character_set_client = utf8mb4 */;
CREATE TABLE `entrenos_planpersonalizado` (
  `id` bigint NOT NULL AUTO_INCREMENT,
  `repeticiones_objetivo` int unsigned NOT NULL,
  `peso_objetivo` double NOT NULL,
  `actualizado` datetime(6) NOT NULL,
  `cliente_id` bigint NOT NULL,
  `ejercicio_id` bigint NOT NULL,
  `rutina_id` bigint DEFAULT NULL,
  PRIMARY KEY (`id`),
  UNIQUE KEY `entrenos_planpersonaliza_cliente_id_ejercicio_id__96ec47c8_uniq` (`cliente_id`,`ejercicio_id`,`rutina_id`),
  KEY `entrenos_planpersona_ejercicio_id_af813782_fk_rutinas_e` (`ejercicio_id`),
  KEY `entrenos_planpersona_rutina_id_e62fc9fd_fk_rutinas_r` (`rutina_id`),
  CONSTRAINT `entrenos_planpersona_cliente_id_a3250441_fk_clientes_` FOREIGN KEY (`cliente_id`) REFERENCES `clientes_cliente` (`id`),
  CONSTRAINT `entrenos_planpersona_ejercicio_id_af813782_fk_rutinas_e` FOREIGN KEY (`ejercicio_id`) REFERENCES `rutinas_ejerciciobase` (`id`),
  CONSTRAINT `entrenos_planpersona_rutina_id_e62fc9fd_fk_rutinas_r` FOREIGN KEY (`rutina_id`) REFERENCES `rutinas_rutina` (`id`),
  CONSTRAINT `entrenos_planpersonalizado_chk_1` CHECK ((`repeticiones_objetivo` >= 0))
) ENGINE=InnoDB DEFAULT CHARSET=utf8mb4 COLLATE=utf8mb4_unicode_ci;
/*!40101 SET character_set_client = @saved_cs_client */;

--
-- Dumping data for table `entrenos_planpersonalizado`
--

LOCK TABLES `entrenos_planpersonalizado` WRITE;
/*!40000 ALTER TABLE `entrenos_planpersonalizado` DISABLE KEYS */;
/*!40000 ALTER TABLE `entrenos_planpersonalizado` ENABLE KEYS */;
UNLOCK TABLES;

--
-- Table structure for table `entrenos_programa`
--

DROP TABLE IF EXISTS `entrenos_programa`;
/*!40101 SET @saved_cs_client     = @@character_set_client */;
/*!50503 SET character_set_client = utf8mb4 */;
CREATE TABLE `entrenos_programa` (
  `id` bigint NOT NULL AUTO_INCREMENT,
  `nombre` varchar(100) COLLATE utf8mb4_unicode_ci NOT NULL,
  `rutina_id` bigint NOT NULL,
  PRIMARY KEY (`id`),
  KEY `entrenos_programa_rutina_id_ef86a6aa_fk_entrenos_rutina_id` (`rutina_id`),
  CONSTRAINT `entrenos_programa_rutina_id_ef86a6aa_fk_entrenos_rutina_id` FOREIGN KEY (`rutina_id`) REFERENCES `entrenos_rutina` (`id`)
) ENGINE=InnoDB DEFAULT CHARSET=utf8mb4 COLLATE=utf8mb4_unicode_ci;
/*!40101 SET character_set_client = @saved_cs_client */;

--
-- Dumping data for table `entrenos_programa`
--

LOCK TABLES `entrenos_programa` WRITE;
/*!40000 ALTER TABLE `entrenos_programa` DISABLE KEYS */;
/*!40000 ALTER TABLE `entrenos_programa` ENABLE KEYS */;
UNLOCK TABLES;

--
-- Table structure for table `entrenos_progresodesafio`
--

DROP TABLE IF EXISTS `entrenos_progresodesafio`;
/*!40101 SET @saved_cs_client     = @@character_set_client */;
/*!50503 SET character_set_client = utf8mb4 */;
CREATE TABLE `entrenos_progresodesafio` (
  `id` bigint NOT NULL AUTO_INCREMENT,
  `progreso_actual` int unsigned NOT NULL,
  `completado` tinyint(1) NOT NULL,
  `fecha_completado` datetime(6) DEFAULT NULL,
  `fecha_inicio` datetime(6) NOT NULL,
  `ultima_actualizacion` datetime(6) NOT NULL,
  `cliente_id` bigint NOT NULL,
  `desafio_id` bigint NOT NULL,
  PRIMARY KEY (`id`),
  UNIQUE KEY `entrenos_progresodesafio_cliente_id_desafio_id_0b5c8e31_uniq` (`cliente_id`,`desafio_id`),
  KEY `entrenos_progresodes_desafio_id_915b1931_fk_entrenos_` (`desafio_id`),
  CONSTRAINT `entrenos_progresodes_cliente_id_435d51b6_fk_clientes_` FOREIGN KEY (`cliente_id`) REFERENCES `clientes_cliente` (`id`),
  CONSTRAINT `entrenos_progresodes_desafio_id_915b1931_fk_entrenos_` FOREIGN KEY (`desafio_id`) REFERENCES `entrenos_desafiosemanal` (`id`),
  CONSTRAINT `entrenos_progresodesafio_chk_1` CHECK ((`progreso_actual` >= 0))
) ENGINE=InnoDB DEFAULT CHARSET=utf8mb4 COLLATE=utf8mb4_unicode_ci;
/*!40101 SET character_set_client = @saved_cs_client */;

--
-- Dumping data for table `entrenos_progresodesafio`
--

LOCK TABLES `entrenos_progresodesafio` WRITE;
/*!40000 ALTER TABLE `entrenos_progresodesafio` DISABLE KEYS */;
/*!40000 ALTER TABLE `entrenos_progresodesafio` ENABLE KEYS */;
UNLOCK TABLES;

--
-- Table structure for table `entrenos_recordpersonal`
--

DROP TABLE IF EXISTS `entrenos_recordpersonal`;
/*!40101 SET @saved_cs_client     = @@character_set_client */;
/*!50503 SET character_set_client = utf8mb4 */;
CREATE TABLE `entrenos_recordpersonal` (
  `id` bigint NOT NULL AUTO_INCREMENT,
  `ejercicio_nombre` varchar(200) COLLATE utf8mb4_unicode_ci NOT NULL,
  `tipo_record` varchar(20) COLLATE utf8mb4_unicode_ci NOT NULL,
  `valor` decimal(10,2) NOT NULL,
  `fecha_logrado` date NOT NULL,
  `superado` tinyint(1) NOT NULL,
  `fecha_superado` date DEFAULT NULL,
  `cliente_id` bigint NOT NULL,
  `entreno_id` bigint NOT NULL,
  PRIMARY KEY (`id`),
  KEY `entrenos_recordperso_entreno_id_49b81236_fk_entrenos_` (`entreno_id`),
  KEY `entrenos_re_cliente_e623a1_idx` (`cliente_id`,`ejercicio_nombre`,`tipo_record`),
  CONSTRAINT `entrenos_recordperso_cliente_id_d3c25042_fk_clientes_` FOREIGN KEY (`cliente_id`) REFERENCES `clientes_cliente` (`id`),
  CONSTRAINT `entrenos_recordperso_entreno_id_49b81236_fk_entrenos_` FOREIGN KEY (`entreno_id`) REFERENCES `entrenos_entrenorealizado` (`id`)
) ENGINE=InnoDB AUTO_INCREMENT=352 DEFAULT CHARSET=utf8mb4 COLLATE=utf8mb4_unicode_ci;
/*!40101 SET character_set_client = @saved_cs_client */;

--
-- Dumping data for table `entrenos_recordpersonal`
--

LOCK TABLES `entrenos_recordpersonal` WRITE;
/*!40000 ALTER TABLE `entrenos_recordpersonal` DISABLE KEYS */;
INSERT INTO `entrenos_recordpersonal` VALUES (1,'Press Inclinado Con Barra','peso_maximo',40.00,'2026-02-01',1,'2025-09-08',2,142),(2,'Press Inclinado Con Barra','volumen_total',2880.00,'2026-02-01',1,'2025-09-29',2,142),(3,'Press Banca Con Mancuernas','peso_maximo',19.33,'2026-02-01',1,'2025-09-08',2,142),(4,'Press Banca Con Mancuernas','volumen_total',1392.00,'2026-02-01',1,'2025-09-08',2,142),(5,'Press Francés Con Barra Z','peso_maximo',28.33,'2026-02-01',1,'2025-09-08',2,142),(6,'Press Francés Con Barra Z','volumen_total',1530.00,'2026-02-01',1,'2025-09-08',2,142),(7,'Remo Con Barra (Pendlay)','peso_maximo',30.00,'2026-02-01',1,'2025-09-09',2,143),(8,'Remo Con Barra (Pendlay)','volumen_total',1620.00,'2026-02-01',1,'2025-09-23',2,143),(9,'Remo Con Mancuerna A Una Mano','peso_maximo',16.00,'2026-02-01',1,'2025-09-09',2,143),(10,'Remo Con Mancuerna A Una Mano','volumen_total',960.00,'2026-02-01',1,'2025-09-09',2,143),(11,'Curl Con Barra Z','peso_maximo',25.00,'2026-02-01',1,'2025-09-09',2,143),(12,'Curl Con Barra Z','volumen_total',1500.00,'2026-02-01',1,'2025-10-14',2,143),(13,'Press Militar Con Barra (De Pie)','peso_maximo',30.00,'2026-02-01',1,'2026-01-29',2,144),(14,'Press Militar Con Barra (De Pie)','volumen_total',1440.00,'2026-02-01',1,'2026-01-08',2,144),(15,'Press Arnold','peso_maximo',40.00,'2026-02-01',1,'2025-10-16',2,144),(16,'Press Arnold','volumen_total',1920.00,'2026-02-01',1,'2025-10-09',2,144),(17,'Press Inclinado Con Barra','peso_maximo',47.50,'2026-02-01',1,'2025-09-15',2,145),(18,'Press Banca Con Mancuernas','peso_maximo',27.08,'2026-02-01',1,'2025-09-15',2,145),(19,'Press Banca Con Mancuernas','volumen_total',1625.00,'2026-02-01',0,NULL,2,145),(20,'Press Francés Con Barra Z','peso_maximo',35.00,'2026-02-01',1,'2025-09-15',2,145),(21,'Press Francés Con Barra Z','volumen_total',1680.00,'2026-02-01',1,'2025-10-27',2,145),(22,'Fondos Entre Bancos','peso_maximo',1.00,'2026-02-01',1,'2025-09-29',2,145),(23,'Fondos Entre Bancos','volumen_total',1.00,'2026-02-01',1,'2025-09-15',2,145),(24,'Remo Con Barra (Pendlay)','peso_maximo',35.00,'2026-02-01',1,'2026-01-27',2,146),(25,'Remo Con Mancuerna A Una Mano','peso_maximo',20.00,'2026-02-01',1,'2025-09-16',2,146),(26,'Remo Con Mancuerna A Una Mano','volumen_total',1200.00,'2026-02-01',1,'2025-09-23',2,146),(27,'Curl Con Barra Z','peso_maximo',30.00,'2026-02-01',1,'2025-09-16',2,146),(28,'Sentadilla Trasera Con Barra','peso_maximo',30.00,'2026-02-01',1,'2025-09-17',2,147),(29,'Sentadilla Trasera Con Barra','volumen_total',1800.00,'2026-02-01',1,'2025-10-29',2,147),(30,'Sentadilla Búlgara','peso_maximo',1.00,'2026-02-01',1,'2025-09-24',2,147),(31,'Sentadilla Búlgara','volumen_total',36.00,'2026-02-01',1,'2025-09-17',2,147),(32,'Peso Muerto Rumano','peso_maximo',65.00,'2026-02-01',1,'2025-09-19',2,149),(33,'Peso Muerto Rumano','volumen_total',3120.00,'2026-02-01',1,'2025-09-19',2,149),(34,'Curl Femoral Sentado','peso_maximo',38.33,'2026-02-01',1,'2025-09-19',2,149),(35,'Curl Femoral Sentado','volumen_total',2070.00,'2026-02-01',1,'2025-10-03',2,149),(36,'Hip Thrust Con Barra','peso_maximo',120.00,'2026-02-01',1,'2025-09-19',2,149),(37,'Hip Thrust Con Barra','volumen_total',5760.00,'2026-02-01',1,'2025-10-03',2,149),(38,'Patada De Glúteo En Polea','peso_maximo',46.67,'2026-02-01',1,'2025-10-03',2,149),(39,'Patada De Glúteo En Polea','volumen_total',2240.00,'2026-02-01',1,'2025-10-03',2,149),(40,'Press Inclinado Con Barra','peso_maximo',52.50,'2026-02-01',1,'2025-09-22',2,150),(41,'Press Banca Con Mancuernas','peso_maximo',28.42,'2026-02-01',1,'2026-03-02',2,150),(42,'Press Francés Con Barra Z','peso_maximo',37.50,'2026-02-01',1,'2026-01-26',2,150),(43,'Fondos Entre Bancos','volumen_total',24.00,'2026-02-01',1,'2025-09-22',2,150),(44,'Remo Con Mancuerna A Una Mano','peso_maximo',24.00,'2026-02-01',1,'2025-09-23',2,151),(45,'Curl Con Barra Z','peso_maximo',32.50,'2026-02-01',1,'2026-01-06',2,151),(46,'Sentadilla Trasera Con Barra','peso_maximo',32.50,'2026-02-01',1,'2025-10-29',2,152),(47,'Sentadilla Búlgara','volumen_total',48.00,'2026-02-01',1,'2025-09-24',2,152),(48,'Peso Muerto Rumano','peso_maximo',82.50,'2026-02-01',1,'2025-10-03',2,154),(49,'Peso Muerto Rumano','volumen_total',3960.00,'2026-02-01',1,'2025-10-03',2,154),(50,'Curl Femoral Sentado','peso_maximo',42.50,'2026-02-01',1,'2025-10-03',2,154),(51,'Hip Thrust Con Barra','peso_maximo',150.00,'2026-02-01',1,'2025-10-03',2,154),(52,'Press Inclinado Con Barra','peso_maximo',57.50,'2026-02-01',1,'2025-09-29',2,155),(53,'Fondos Entre Bancos','volumen_total',36.00,'2026-02-01',1,'2025-09-29',2,155),(54,'Remo Con Barra (Pendlay)','volumen_total',1680.00,'2026-02-01',1,'2025-11-25',2,156),(55,'Remo Con Mancuerna A Una Mano','peso_maximo',31.33,'2026-02-01',1,'2025-10-07',2,156),(56,'Remo Con Mancuerna A Una Mano','volumen_total',1316.00,'2026-02-01',1,'2025-10-28',2,156),(57,'Sentadilla Búlgara','peso_maximo',2.50,'2026-02-01',1,'2025-10-15',2,157),(58,'Sentadilla Búlgara','volumen_total',120.00,'2026-02-01',1,'2025-10-15',2,157),(59,'Press Inclinado Con Barra','peso_maximo',60.00,'2026-02-01',1,'2025-10-13',2,162),(60,'Press Inclinado Con Barra','volumen_total',3240.00,'2026-02-01',1,'2025-10-13',2,162),(61,'Fondos Entre Bancos','peso_maximo',2.50,'2026-02-01',1,'2026-03-02',2,162),(62,'Fondos Entre Bancos','volumen_total',120.00,'2026-02-01',1,'2025-11-24',2,162),(63,'Peso Muerto Rumano','peso_maximo',85.00,'2026-02-01',1,'2025-10-10',2,161),(64,'Peso Muerto Rumano','volumen_total',4080.00,'2026-02-01',1,'2025-10-10',2,161),(65,'Curl Femoral Sentado','peso_maximo',45.00,'2026-02-01',1,'2025-10-10',2,161),(66,'Curl Femoral Sentado','volumen_total',2160.00,'2026-02-01',1,'2025-10-24',2,161),(67,'Hip Thrust Con Barra','peso_maximo',156.67,'2026-02-01',1,'2025-10-10',2,161),(68,'Hip Thrust Con Barra','volumen_total',7520.00,'2026-02-01',1,'2025-10-24',2,161),(69,'Patada De Glúteo En Polea','peso_maximo',52.50,'2026-02-01',1,'2025-10-24',2,161),(70,'Patada De Glúteo En Polea','volumen_total',2520.00,'2026-02-01',1,'2025-10-24',2,161),(71,'Remo Con Mancuerna A Una Mano','peso_maximo',32.50,'2026-02-01',1,'2025-12-16',2,163),(72,'Press Arnold','volumen_total',2025.00,'2026-02-01',0,NULL,2,165),(73,'Peso Muerto Rumano','peso_maximo',90.00,'2026-02-01',1,'2025-10-17',2,166),(74,'Peso Muerto Rumano','volumen_total',4320.00,'2026-02-01',1,'2025-10-17',2,166),(75,'Curl Femoral Sentado','peso_maximo',50.00,'2026-02-01',1,'2025-10-31',2,166),(76,'Hip Thrust Con Barra','peso_maximo',170.00,'2026-02-01',0,NULL,2,166),(77,'Press Inclinado Con Barra','peso_maximo',70.00,'2026-02-01',1,'2025-10-20',2,167),(78,'Press Inclinado Con Barra','volumen_total',3360.00,'2026-02-01',1,'2025-10-20',2,167),(79,'Curl Con Barra Z','volumen_total',1560.00,'2026-02-01',1,'2026-01-06',2,168),(80,'Sentadilla Búlgara','peso_maximo',5.67,'2026-02-01',1,'2025-10-29',2,169),(81,'Sentadilla Búlgara','volumen_total',272.00,'2026-02-01',1,'2025-10-29',2,169),(82,'Press Arnold','peso_maximo',44.00,'2026-02-01',0,NULL,2,170),(83,'Peso Muerto Rumano','peso_maximo',92.50,'2026-02-01',1,'2025-10-24',2,171),(84,'Peso Muerto Rumano','volumen_total',4440.00,'2026-02-01',0,NULL,2,171),(85,'Press Inclinado Con Barra','peso_maximo',72.50,'2026-02-01',1,'2025-10-27',2,172),(86,'Press Inclinado Con Barra','volumen_total',3480.00,'2026-02-01',1,'2025-10-27',2,172),(87,'Peso Muerto Rumano','peso_maximo',95.00,'2026-02-01',1,'2025-10-31',2,173),(88,'Curl Femoral Sentado','volumen_total',2280.00,'2026-02-01',1,'2025-11-28',2,173),(89,'Hip Thrust Con Barra','volumen_total',7680.00,'2026-02-01',0,NULL,2,173),(90,'Patada De Glúteo En Polea','peso_maximo',55.00,'2026-02-01',0,NULL,2,173),(91,'Patada De Glúteo En Polea','volumen_total',2640.00,'2026-02-01',0,NULL,2,173),(92,'Press Inclinado Con Barra','peso_maximo',75.00,'2026-02-01',0,NULL,2,174),(93,'Press Inclinado Con Barra','volumen_total',3600.00,'2026-02-01',1,'2025-11-24',2,174),(94,'Press Francés Con Barra Z','volumen_total',1800.00,'2026-02-01',1,'2026-01-05',2,174),(95,'Remo Con Mancuerna A Una Mano','volumen_total',1440.00,'2026-02-01',1,'2025-12-16',2,175),(96,'Sentadilla Trasera Con Barra','peso_maximo',40.00,'2026-02-01',1,'2026-01-28',2,176),(97,'Sentadilla Trasera Con Barra','volumen_total',1920.00,'2026-02-01',1,'2026-01-07',2,176),(98,'Sentadilla Búlgara','peso_maximo',8.00,'2026-02-01',0,NULL,2,176),(99,'Sentadilla Búlgara','volumen_total',384.00,'2026-02-01',0,NULL,2,176),(100,'Peso Muerto Rumano','peso_maximo',100.00,'2026-02-01',0,NULL,2,177),(101,'Curl Femoral Sentado','peso_maximo',52.50,'2026-02-01',0,NULL,2,177),(102,'Fondos En Paralelas (Con Lastre)','peso_maximo',14.17,'2026-02-01',1,'2025-11-10',2,178),(103,'Fondos En Paralelas (Con Lastre)','volumen_total',425.00,'2026-02-01',1,'2025-11-10',2,178),(104,'Press Inclinado Con Mancuernas','peso_maximo',31.67,'2026-02-01',1,'2025-11-10',2,178),(105,'Press Inclinado Con Mancuernas','volumen_total',950.00,'2026-02-01',1,'2026-01-05',2,178),(106,'Press Cerrado En Banca','peso_maximo',60.00,'2026-02-01',1,'2025-11-10',2,178),(107,'Press Cerrado En Banca','volumen_total',960.00,'2026-02-01',1,'2025-11-24',2,178),(108,'Patada De Tríceps Con Polea','peso_maximo',23.75,'2026-02-01',1,'2025-11-10',2,178),(109,'Patada De Tríceps Con Polea','volumen_total',570.00,'2026-02-01',0,NULL,2,178),(110,'Peso Muerto','peso_maximo',100.00,'2026-02-01',0,NULL,2,179),(111,'Peso Muerto','volumen_total',1800.00,'2026-02-01',1,'2026-01-06',2,179),(112,'Jalón Al Pecho','peso_maximo',75.83,'2026-02-01',1,'2025-11-04',2,179),(113,'Jalón Al Pecho','volumen_total',1820.00,'2026-02-01',1,'2026-02-03',2,179),(114,'Curl Araña','peso_maximo',44.17,'2026-02-01',0,NULL,2,179),(115,'Curl Araña','volumen_total',1060.00,'2026-02-01',0,NULL,2,179),(116,'Sentadilla Frontal Con Barra','peso_maximo',39.17,'2026-02-01',1,'2025-11-12',2,183),(117,'Sentadilla Frontal Con Barra','volumen_total',705.00,'2026-02-01',1,'2025-11-12',2,183),(118,'Extensiones De Cuádriceps En Máquina','peso_maximo',82.50,'2026-02-01',1,'2025-11-12',2,183),(119,'Extensiones De Cuádriceps En Máquina','volumen_total',1485.00,'2026-02-01',1,'2025-11-12',2,183),(120,'Push Press','peso_maximo',37.40,'2026-02-01',0,NULL,2,180),(121,'Push Press','volumen_total',935.00,'2026-02-01',1,'2025-11-27',2,180),(122,'Press Militar Con Mancuernas (Sentado)','peso_maximo',51.00,'2026-02-01',1,'2026-03-05',2,180),(123,'Press Militar Con Mancuernas (Sentado)','volumen_total',1020.00,'2026-02-01',0,NULL,2,180),(124,'Buenos Días (Good Mornings)','peso_maximo',42.50,'2026-02-01',0,NULL,2,182),(125,'Buenos Días (Good Mornings)','volumen_total',680.00,'2026-02-01',1,'2025-11-28',2,182),(126,'Hiperextensiones Inversas','peso_maximo',20.00,'2026-02-01',0,NULL,2,182),(127,'Hiperextensiones Inversas','volumen_total',720.00,'2026-02-01',0,NULL,2,182),(128,'Peso Muerto Sumo','peso_maximo',76.00,'2026-02-01',0,NULL,2,182),(129,'Peso Muerto Sumo','volumen_total',1140.00,'2026-02-01',1,'2025-11-28',2,182),(130,'Abducción De Cadera En Máquina','peso_maximo',60.00,'2026-02-01',1,'2026-02-13',2,182),(131,'Abducción De Cadera En Máquina','volumen_total',4200.00,'2026-02-01',1,'2025-11-28',2,182),(132,'Fondos En Paralelas (Con Lastre)','peso_maximo',20.00,'2026-02-01',1,'2026-03-16',2,185),(133,'Fondos En Paralelas (Con Lastre)','volumen_total',480.00,'2026-02-01',0,NULL,2,185),(134,'Press Inclinado Con Mancuernas','peso_maximo',35.00,'2026-02-01',1,'2026-02-02',2,185),(135,'Press Cerrado En Banca','peso_maximo',72.50,'2026-02-01',0,NULL,2,185),(136,'Patada De Tríceps Con Polea','peso_maximo',27.50,'2026-02-01',0,NULL,2,185),(137,'Sentadilla Frontal Con Barra','peso_maximo',55.00,'2026-02-01',0,NULL,2,184),(138,'Sentadilla Frontal Con Barra','volumen_total',990.00,'2026-02-01',1,'2025-12-03',2,184),(139,'Extensiones De Cuádriceps En Máquina','peso_maximo',100.00,'2026-02-01',0,NULL,2,184),(140,'Extensiones De Cuádriceps En Máquina','volumen_total',1800.00,'2026-02-01',0,NULL,2,184),(141,'Press Banca Con Barra','peso_maximo',62.50,'2026-02-01',1,'2026-01-05',2,189),(142,'Press Banca Con Barra','volumen_total',2250.00,'2026-02-01',1,'2026-01-05',2,189),(143,'Aperturas Con Mancuernas','peso_maximo',13.50,'2026-02-01',0,NULL,2,189),(144,'Aperturas Con Mancuernas','volumen_total',540.00,'2026-02-01',0,NULL,2,189),(145,'Extensiones De Tríceps En Polea Alta','peso_maximo',15.00,'2026-02-01',0,NULL,2,189),(146,'Extensiones De Tríceps En Polea Alta','volumen_total',450.00,'2026-02-01',0,NULL,2,189),(147,'Dominadas (Con Lastre)','peso_maximo',1.00,'2026-02-01',1,'2026-01-13',2,190),(148,'Dominadas (Con Lastre)','volumen_total',15.00,'2026-02-01',1,'2026-01-06',2,190),(149,'Remo En Polea Baja (Gironda)','peso_maximo',40.00,'2026-02-01',0,NULL,2,190),(150,'Remo En Polea Baja (Gironda)','volumen_total',2000.00,'2026-02-01',0,NULL,2,190),(151,'Curl De Concentración','peso_maximo',10.00,'2026-02-01',0,NULL,2,190),(152,'Curl De Concentración','volumen_total',600.00,'2026-02-01',0,NULL,2,190),(153,'Prensa De Piernas','peso_maximo',148.00,'2026-02-01',1,'2026-01-07',2,188),(154,'Prensa De Piernas','volumen_total',7400.00,'2026-02-01',1,'2026-01-07',2,188),(155,'Elevaciones Laterales Con Mancuernas','peso_maximo',6.00,'2026-02-01',0,NULL,2,187),(156,'Elevaciones Laterales Con Mancuernas','volumen_total',240.00,'2026-02-01',0,NULL,2,187),(157,'Press Inclinado Con Barra','volumen_total',4350.00,'2026-02-01',0,NULL,2,191),(158,'Cruce De Poleas','peso_maximo',10.83,'2026-02-01',1,'2025-12-01',2,191),(159,'Cruce De Poleas','volumen_total',975.00,'2026-02-01',1,'2025-12-01',2,191),(160,'Press Cerrado En Banca','volumen_total',2928.00,'2026-02-01',1,'2025-12-15',2,191),(161,'Fondos Entre Bancos','volumen_total',150.00,'2026-02-01',0,NULL,2,191),(162,'Remo Con Barra (Pendlay)','volumen_total',1800.00,'2026-02-01',1,'2025-12-02',2,192),(163,'Face Pulls','peso_maximo',26.67,'2026-02-01',1,'2025-12-02',2,192),(164,'Face Pulls','volumen_total',2400.00,'2026-02-01',1,'2025-12-02',2,192),(165,'Curl Martillo Con Mancuernas','peso_maximo',9.67,'2026-02-01',1,'2025-12-02',2,192),(166,'Curl Martillo Con Mancuernas','volumen_total',696.00,'2026-02-01',1,'2025-12-16',2,192),(167,'Push Press','volumen_total',1440.00,'2026-02-01',1,'2025-12-18',2,194),(168,'Elevaciones Frontales Con Polea','peso_maximo',7.92,'2026-02-01',1,'2025-12-11',2,194),(169,'Elevaciones Frontales Con Polea','volumen_total',712.50,'2026-02-01',1,'2025-12-11',2,194),(170,'Buenos Días (Good Mornings)','volumen_total',2160.00,'2026-02-01',1,'2025-12-05',2,193),(171,'Curl Femoral Sentado','volumen_total',2475.00,'2026-02-01',1,'2025-12-05',2,193),(172,'Peso Muerto Sumo','volumen_total',2880.00,'2026-02-01',1,'2025-12-05',2,193),(173,'Abducción De Cadera En Máquina','volumen_total',6840.00,'2026-02-01',1,'2025-12-05',2,193),(174,'Cruce De Poleas','peso_maximo',14.17,'2026-02-01',1,'2025-12-08',2,195),(175,'Cruce De Poleas','volumen_total',1275.00,'2026-02-01',1,'2025-12-15',2,195),(176,'Remo Con Barra (Pendlay)','volumen_total',2025.00,'2026-02-01',1,'2025-12-09',2,196),(177,'Face Pulls','peso_maximo',40.00,'2026-02-01',1,'2025-12-09',2,196),(178,'Face Pulls','volumen_total',3600.00,'2026-02-01',1,'2025-12-09',2,196),(179,'Curl Martillo Con Mancuernas','peso_maximo',12.50,'2026-02-01',1,'2025-12-30',2,196),(180,'Sentadilla Frontal Con Barra','volumen_total',1500.00,'2026-02-01',1,'2025-12-24',2,198),(181,'Buenos Días (Good Mornings)','volumen_total',2400.00,'2026-02-01',1,'2025-12-19',2,197),(182,'Curl Femoral Sentado','volumen_total',2860.00,'2026-02-01',0,NULL,2,197),(183,'Peso Muerto Sumo','volumen_total',3190.00,'2026-02-01',1,'2025-12-26',2,197),(184,'Abducción De Cadera En Máquina','volumen_total',8640.00,'2026-02-01',1,'2025-12-12',2,197),(185,'Cruce De Poleas','peso_maximo',15.83,'2026-02-01',1,'2025-12-15',2,199),(186,'Remo Con Barra (Pendlay)','volumen_total',2100.00,'2026-02-01',0,NULL,2,200),(187,'Face Pulls','peso_maximo',45.00,'2026-02-01',1,'2025-12-16',2,200),(188,'Face Pulls','volumen_total',3780.00,'2026-02-01',1,'2025-12-23',2,200),(189,'Elevaciones Frontales Con Polea','peso_maximo',10.00,'2026-02-01',1,'2025-12-18',2,203),(190,'Elevaciones Frontales Con Polea','volumen_total',900.00,'2026-02-01',1,'2025-12-18',2,203),(191,'Abducción De Cadera En Máquina','volumen_total',9000.00,'2026-02-01',0,NULL,2,204),(192,'Cruce De Poleas','peso_maximo',25.00,'2026-02-01',0,NULL,2,205),(193,'Cruce De Poleas','volumen_total',1350.00,'2026-02-01',0,NULL,2,205),(194,'Press Cerrado En Banca','volumen_total',3360.00,'2026-02-01',0,NULL,2,205),(195,'Remo Con Mancuerna A Una Mano','peso_maximo',35.42,'2026-02-01',1,'2025-12-23',2,206),(196,'Remo Con Mancuerna A Una Mano','volumen_total',1912.50,'2026-02-01',1,'2025-12-23',2,206),(197,'Face Pulls','peso_maximo',52.50,'2026-02-01',1,'2025-12-23',2,206),(198,'Curl Martillo Con Mancuernas','volumen_total',750.00,'2026-02-01',1,'2025-12-30',2,206),(199,'Push Press','volumen_total',1485.00,'2026-02-01',0,NULL,2,208),(200,'Elevaciones Frontales Con Polea','peso_maximo',12.42,'2026-02-01',0,NULL,2,208),(201,'Elevaciones Frontales Con Polea','volumen_total',1117.50,'2026-02-01',0,NULL,2,208),(202,'Buenos Días (Good Mornings)','volumen_total',3060.00,'2026-02-01',0,NULL,2,209),(203,'Remo Con Mancuerna A Una Mano','peso_maximo',40.83,'2026-02-01',1,'2025-12-23',2,212),(204,'Remo Con Mancuerna A Una Mano','volumen_total',1960.00,'2026-02-01',0,NULL,2,212),(205,'Face Pulls','peso_maximo',55.00,'2026-02-01',0,NULL,2,212),(206,'Face Pulls','volumen_total',3960.00,'2026-02-01',0,NULL,2,212),(207,'Sentadilla Frontal Con Barra','volumen_total',1800.00,'2026-02-01',0,NULL,2,213),(208,'Peso Muerto Sumo','volumen_total',3420.00,'2026-02-01',0,NULL,2,214),(209,'Curl Martillo Con Mancuernas','peso_maximo',15.00,'2026-02-01',0,NULL,2,215),(210,'Curl Martillo Con Mancuernas','volumen_total',900.00,'2026-02-01',0,NULL,2,215),(211,'Press Banca Con Barra','peso_maximo',70.00,'2026-02-01',1,'2026-01-12',2,217),(212,'Press Banca Con Barra','volumen_total',2800.00,'2026-02-01',1,'2026-01-12',2,217),(213,'Press Inclinado Con Mancuernas','volumen_total',1320.00,'2026-02-01',1,'2026-02-02',2,217),(214,'Press Francés Con Barra Z','volumen_total',1980.00,'2026-02-01',1,'2026-01-12',2,217),(215,'Extensiones De Tríceps Con Polea Alta','peso_maximo',19.58,'2026-02-01',1,'2026-01-19',2,217),(216,'Extensiones De Tríceps Con Polea Alta','volumen_total',822.50,'2026-02-01',1,'2026-01-12',2,217),(217,'Dominadas (Con Lastre)','volumen_total',24.00,'2026-02-01',1,'2026-01-13',2,218),(218,'Peso Muerto','volumen_total',2880.00,'2026-02-01',1,'2026-01-13',2,218),(219,'Curl Con Barra Z','peso_maximo',34.00,'2026-02-01',1,'2026-01-20',2,218),(220,'Curl Con Barra Z','volumen_total',1632.00,'2026-02-01',1,'2026-01-13',2,218),(221,'Sentadilla Trasera Con Barra','volumen_total',2400.00,'2026-02-01',0,NULL,2,219),(222,'Prensa De Piernas','peso_maximo',155.00,'2026-02-01',1,'2026-01-14',2,219),(223,'Prensa De Piernas','volumen_total',9300.00,'2026-02-01',0,NULL,2,219),(224,'Press Militar Con Barra (De Pie)','volumen_total',1476.00,'2026-02-01',0,NULL,2,220),(225,'Curl Femoral Tumbado','peso_maximo',30.00,'2026-02-01',1,'2026-01-16',2,221),(226,'Curl Femoral Tumbado','volumen_total',1980.00,'2026-02-01',0,NULL,2,221),(227,'Press Banca Con Barra','peso_maximo',75.00,'2026-02-01',1,'2026-01-26',2,222),(228,'Press Banca Con Barra','volumen_total',3150.00,'2026-02-01',0,NULL,2,222),(229,'Press Francés Con Barra Z','volumen_total',2040.00,'2026-02-01',0,NULL,2,222),(230,'Extensiones De Tríceps Con Polea Alta','volumen_total',1000.00,'2026-02-01',0,NULL,2,222),(231,'Dominadas (Con Lastre)','peso_maximo',2.50,'2026-02-01',0,NULL,2,223),(232,'Dominadas (Con Lastre)','volumen_total',150.00,'2026-02-01',0,NULL,2,223),(233,'Peso Muerto','volumen_total',3690.00,'2026-02-01',0,NULL,2,223),(234,'Curl Con Barra Z','volumen_total',1836.00,'2026-02-01',0,NULL,2,223),(235,'Prensa De Piernas','peso_maximo',160.00,'2026-02-01',1,'2026-01-21',2,224),(236,'Elevación De Gemelos De Pie (Máquina)','peso_maximo',100.00,'2026-02-01',0,NULL,2,224),(237,'Elevación De Gemelos De Pie (Máquina)','volumen_total',4000.00,'2026-02-01',1,'2026-01-21',2,224),(238,'Elevación De Gemelos Sentado (Máquina)','peso_maximo',43.33,'2026-02-01',1,'2026-01-21',2,224),(239,'Elevación De Gemelos Sentado (Máquina)','volumen_total',1430.00,'2026-02-01',1,'2026-01-21',2,224),(240,'Encogimientos Con Barra','peso_maximo',31.88,'2026-02-01',1,'2026-01-22',2,225),(241,'Encogimientos Con Barra','volumen_total',1147.50,'2026-02-01',1,'2026-01-22',2,225),(242,'Farmer Walk (Paseo Del Granjero)','peso_maximo',35.00,'2026-02-01',1,'2026-01-27',2,225),(243,'Farmer Walk (Paseo Del Granjero)','volumen_total',1050.00,'2026-02-01',1,'2026-01-20',2,225),(244,'Curl Femoral Tumbado','peso_maximo',40.00,'2026-02-01',1,'2026-01-23',2,226),(245,'Elevaciones De Piernas Colgado','peso_maximo',30.00,'2026-02-01',0,NULL,2,226),(246,'Elevaciones De Piernas Colgado','volumen_total',1200.00,'2026-02-01',0,NULL,2,226),(247,'Extensiones De Tríceps Con Polea Alta','peso_maximo',20.00,'2026-02-01',0,NULL,2,227),(248,'Curl Con Barra Z','peso_maximo',40.00,'2026-02-01',0,NULL,2,228),(249,'Farmer Walk (Paseo Del Granjero)','volumen_total',1470.00,'2026-02-01',1,'2026-01-27',2,228),(250,'Prensa De Piernas','peso_maximo',165.00,'2026-02-01',1,'2026-01-28',2,229),(251,'Elevación De Gemelos De Pie (Máquina)','volumen_total',4400.00,'2026-02-01',1,'2026-01-28',2,229),(252,'Elevación De Gemelos Sentado (Máquina)','peso_maximo',55.00,'2026-02-01',1,'2026-01-28',2,229),(253,'Elevación De Gemelos Sentado (Máquina)','volumen_total',1815.00,'2026-02-01',1,'2026-01-28',2,229),(254,'Encogimientos Con Barra','peso_maximo',70.00,'2026-02-01',1,'2026-01-29',2,230),(255,'Encogimientos Con Barra','volumen_total',3080.00,'2026-02-01',1,'2026-01-29',2,230),(256,'Curl Femoral Tumbado','peso_maximo',45.00,'2026-02-01',1,'2026-01-30',2,231),(257,'Press Banca Con Barra','peso_maximo',80.00,'2026-02-01',1,'2026-02-02',2,232),(258,'Press Francés Con Barra Z','peso_maximo',40.00,'2026-02-01',1,'2026-02-09',2,232),(259,'Remo Con Barra (Pendlay)','peso_maximo',43.75,'2026-02-01',0,NULL,2,233),(260,'Farmer Walk (Paseo Del Granjero)','peso_maximo',65.00,'2026-02-01',1,'2026-01-29',2,233),(261,'Farmer Walk (Paseo Del Granjero)','volumen_total',3900.00,'2026-02-01',1,'2026-02-12',2,233),(262,'Sentadilla Trasera Con Barra','peso_maximo',42.50,'2026-02-01',0,NULL,2,234),(263,'Prensa De Piernas','peso_maximo',180.00,'2026-02-01',1,'2026-02-04',2,234),(264,'Elevación De Gemelos De Pie (Máquina)','volumen_total',4800.00,'2026-02-01',1,'2026-02-04',2,234),(265,'Elevación De Gemelos Sentado (Máquina)','peso_maximo',70.00,'2026-02-01',1,'2026-02-04',2,234),(266,'Elevación De Gemelos Sentado (Máquina)','volumen_total',2100.00,'2026-02-01',1,'2026-02-04',2,234),(267,'Press Militar Con Barra (De Pie)','peso_maximo',32.50,'2026-02-01',0,NULL,2,235),(268,'Encogimientos Con Barra','peso_maximo',100.00,'2026-02-01',1,'2026-02-12',2,235),(269,'Encogimientos Con Barra','volumen_total',4000.00,'2026-02-01',1,'2026-02-12',2,235),(270,'Farmer Walk (Paseo Del Granjero)','peso_maximo',87.50,'2026-02-01',1,'2026-02-05',2,235),(271,'Curl Femoral Tumbado','peso_maximo',50.00,'2026-02-01',1,'2026-02-13',2,236),(272,'Press Banca Con Barra','peso_maximo',84.00,'2026-02-01',0,NULL,2,237),(273,'Press Inclinado Con Mancuernas','peso_maximo',50.00,'2026-02-01',0,NULL,2,237),(274,'Press Inclinado Con Mancuernas','volumen_total',1500.00,'2026-02-01',0,NULL,2,237),(275,'Press Inclinado Con Barra','peso_maximo',30.00,'2026-02-01',0,NULL,4,158),(276,'Press Inclinado Con Barra','volumen_total',1440.00,'2026-02-01',0,NULL,4,158),(277,'Press Banca Con Mancuernas','peso_maximo',30.00,'2026-02-01',0,NULL,4,158),(278,'Press Banca Con Mancuernas','volumen_total',1440.00,'2026-02-01',0,NULL,4,158),(279,'Press Militar Con Barra (De Pie)','peso_maximo',30.00,'2026-02-01',0,NULL,4,158),(280,'Press Militar Con Barra (De Pie)','volumen_total',960.00,'2026-02-01',0,NULL,4,158),(281,'Press Arnold','peso_maximo',30.00,'2026-02-01',0,NULL,4,158),(282,'Press Arnold','volumen_total',960.00,'2026-02-01',0,NULL,4,158),(283,'Press Francés Con Barra Z','peso_maximo',30.00,'2026-02-01',0,NULL,4,158),(284,'Press Francés Con Barra Z','volumen_total',720.00,'2026-02-01',0,NULL,4,158),(285,'Fondos Entre Bancos','peso_maximo',30.00,'2026-02-01',0,NULL,4,158),(286,'Fondos Entre Bancos','volumen_total',720.00,'2026-02-01',0,NULL,4,158),(287,'Jalón Al Pecho','peso_maximo',75.83,'2026-02-01',1,'2025-11-04',2,179),(288,'Remo Con Mancuerna A Una Mano','peso_maximo',40.83,'2026-02-01',1,'2025-12-23',2,212),(289,'Jalón Al Pecho','volumen_total',2400.00,'2026-02-01',1,'2026-02-10',2,238),(290,'Remo Pecho Apoyado','peso_maximo',32.50,'2026-02-01',1,'2026-02-10',2,238),(291,'Remo Pecho Apoyado','volumen_total',1300.00,'2026-02-01',1,'2026-02-10',2,238),(292,'Aguante En Barra (Dead Hang)','peso_maximo',32.50,'2026-02-01',1,'2026-02-10',2,238),(293,'Aguante En Barra (Dead Hang)','volumen_total',1300.00,'2026-02-01',1,'2026-02-10',2,238),(294,'Jalón Al Pecho','peso_maximo',75.83,'2026-02-01',1,'2026-02-10',2,179),(295,'Remo Con Mancuerna A Una Mano','peso_maximo',40.83,'2026-02-01',1,'2026-03-03',2,212),(296,'Sentadilla Hack','peso_maximo',20.00,'2026-02-02',0,NULL,2,239),(297,'Sentadilla Hack','volumen_total',720.00,'2026-02-02',1,'2026-02-11',2,239),(298,'Prensa De Piernas','peso_maximo',200.00,'2026-02-02',1,'2026-02-11',2,239),(299,'Elevación De Gemelos De Pie (Máquina)','volumen_total',5200.00,'2026-02-02',1,'2026-02-11',2,239),(300,'Elevación De Gemelos Sentado (Máquina)','peso_maximo',75.00,'2026-02-02',1,'2026-02-11',2,239),(301,'Elevación De Gemelos Sentado (Máquina)','volumen_total',3000.00,'2026-02-02',1,'2026-02-11',2,239),(302,'Machine Shoulder Press','peso_maximo',37.50,'2026-02-03',1,'2026-02-12',2,240),(303,'Machine Shoulder Press','volumen_total',1350.00,'2026-02-03',1,'2026-02-12',2,240),(304,'Farmer Walk (Paseo Del Granjero)','peso_maximo',90.00,'2026-02-03',0,NULL,2,240),(305,'Convergent Machine Press','peso_maximo',55.62,'2026-02-07',0,NULL,2,241),(306,'Convergent Machine Press','volumen_total',2225.00,'2026-02-07',0,NULL,2,241),(307,'Press Francés Con Barra Z','peso_maximo',42.50,'2026-02-07',0,NULL,2,241),(308,'Jalón Al Pecho','peso_maximo',80.00,'2026-02-08',0,NULL,2,242),(309,'Jalón Al Pecho','volumen_total',2880.00,'2026-02-08',0,NULL,2,242),(310,'Remo Pecho Apoyado','peso_maximo',35.00,'2026-02-08',0,NULL,2,242),(311,'Remo Pecho Apoyado','volumen_total',1400.00,'2026-02-08',0,NULL,2,242),(312,'Aguante En Barra (Dead Hang)','peso_maximo',35.00,'2026-02-08',0,NULL,2,242),(313,'Aguante En Barra (Dead Hang)','volumen_total',1400.00,'2026-02-08',0,NULL,2,242),(314,'Sentadilla Hack','volumen_total',800.00,'2026-02-09',0,NULL,2,243),(315,'Prensa De Piernas','peso_maximo',225.00,'2026-02-09',0,NULL,2,243),(316,'Elevación De Gemelos De Pie (Máquina)','volumen_total',5600.00,'2026-02-09',0,NULL,2,243),(317,'Elevación De Gemelos Sentado (Máquina)','peso_maximo',80.00,'2026-02-09',0,NULL,2,243),(318,'Elevación De Gemelos Sentado (Máquina)','volumen_total',3200.00,'2026-02-09',0,NULL,2,243),(319,'Machine Shoulder Press','peso_maximo',45.00,'2026-02-10',0,NULL,2,245),(320,'Machine Shoulder Press','volumen_total',1440.00,'2026-02-10',0,NULL,2,245),(321,'Encogimientos Con Barra','peso_maximo',107.50,'2026-02-10',1,'2026-03-05',2,245),(322,'Encogimientos Con Barra','volumen_total',4300.00,'2026-02-10',0,NULL,2,245),(323,'Farmer Walk (Paseo Del Granjero)','volumen_total',4350.00,'2026-02-10',0,NULL,2,245),(324,'Curl Femoral Tumbado','peso_maximo',53.75,'2026-02-14',0,NULL,2,246),(325,'Abducción De Cadera En Máquina','peso_maximo',80.00,'2026-02-14',0,NULL,2,246),(326,'Press Banca Con Mancuernas','peso_maximo',33.08,'2026-03-04',1,'2026-03-16',2,248),(327,'Dips (Fondos En Pecho)','peso_maximo',20.00,'2026-03-04',1,'2026-03-16',2,248),(328,'Dips (Fondos En Pecho)','volumen_total',320.00,'2026-03-04',1,'2026-03-16',2,248),(329,'Fondos Entre Bancos','peso_maximo',5.00,'2026-03-04',1,'2026-03-16',2,248),(330,'Jalon Unilateral Pecho','peso_maximo',37.50,'2026-03-05',0,NULL,2,249),(331,'Jalon Unilateral Pecho','volumen_total',600.00,'2026-03-05',0,NULL,2,249),(332,'Remo Con Mancuerna A Una Mano','peso_maximo',47.55,'2026-03-05',0,NULL,2,249),(333,'Curl Inclinado Con Mancuernas','peso_maximo',31.25,'2026-03-05',0,NULL,2,249),(334,'Curl Inclinado Con Mancuernas','volumen_total',375.00,'2026-03-05',0,NULL,2,249),(335,'Curl De Muñeca (Wrist Curl)','peso_maximo',23.75,'2026-03-05',0,NULL,2,249),(336,'Curl De Muñeca (Wrist Curl)','volumen_total',380.00,'2026-03-05',0,NULL,2,249),(337,'Press Militar Con Mancuernas (Sentado)','peso_maximo',63.70,'2026-03-06',0,NULL,2,250),(338,'Elevaciones Laterales En Polea','peso_maximo',15.00,'2026-03-06',1,'2026-03-05',2,250),(339,'Elevaciones Laterales En Polea','volumen_total',240.00,'2026-03-06',1,'2026-03-05',2,250),(340,'Encogimientos Con Barra','peso_maximo',112.50,'2026-03-06',1,'2026-03-05',2,250),(341,'Remo Al Mentón Con Polea (Upright Row)','peso_maximo',77.50,'2026-03-06',0,NULL,2,250),(342,'Remo Al Mentón Con Polea (Upright Row)','volumen_total',1240.00,'2026-03-06',1,'2026-03-05',2,250),(343,'Elevaciones Laterales En Polea','peso_maximo',18.75,'2026-03-15',0,NULL,2,251),(344,'Elevaciones Laterales En Polea','volumen_total',375.00,'2026-03-15',0,NULL,2,251),(345,'Encogimientos Con Barra','peso_maximo',117.50,'2026-03-15',0,NULL,2,251),(346,'Remo Al Mentón Con Polea (Upright Row)','volumen_total',1260.00,'2026-03-15',0,NULL,2,251),(347,'Press Banca Con Mancuernas','peso_maximo',102.50,'2026-03-16',0,NULL,2,252),(348,'Dips (Fondos En Pecho)','peso_maximo',20.62,'2026-03-16',0,NULL,2,252),(349,'Dips (Fondos En Pecho)','volumen_total',412.50,'2026-03-16',0,NULL,2,252),(350,'Fondos En Paralelas (Con Lastre)','peso_maximo',23.75,'2026-03-16',0,NULL,2,252),(351,'Fondos Entre Bancos','peso_maximo',7.50,'2026-03-16',0,NULL,2,252);
/*!40000 ALTER TABLE `entrenos_recordpersonal` ENABLE KEYS */;
UNLOCK TABLES;

--
-- Table structure for table `entrenos_rutina`
--

DROP TABLE IF EXISTS `entrenos_rutina`;
/*!40101 SET @saved_cs_client     = @@character_set_client */;
/*!50503 SET character_set_client = utf8mb4 */;
CREATE TABLE `entrenos_rutina` (
  `id` bigint NOT NULL AUTO_INCREMENT,
  `nombre` varchar(100) COLLATE utf8mb4_unicode_ci NOT NULL,
  PRIMARY KEY (`id`)
) ENGINE=InnoDB AUTO_INCREMENT=2 DEFAULT CHARSET=utf8mb4 COLLATE=utf8mb4_unicode_ci;
/*!40101 SET character_set_client = @saved_cs_client */;

--
-- Dumping data for table `entrenos_rutina`
--

LOCK TABLES `entrenos_rutina` WRITE;
/*!40000 ALTER TABLE `entrenos_rutina` DISABLE KEYS */;
INSERT INTO `entrenos_rutina` VALUES (1,'Día 3 - Mini_Potencia');
/*!40000 ALTER TABLE `entrenos_rutina` ENABLE KEYS */;
UNLOCK TABLES;

--
-- Table structure for table `entrenos_serierealizada`
--

DROP TABLE IF EXISTS `entrenos_serierealizada`;
/*!40101 SET @saved_cs_client     = @@character_set_client */;
/*!50503 SET character_set_client = utf8mb4 */;
CREATE TABLE `entrenos_serierealizada` (
  `id` bigint NOT NULL AUTO_INCREMENT,
  `serie_numero` int unsigned NOT NULL,
  `repeticiones` int unsigned NOT NULL,
  `completado` tinyint(1) NOT NULL,
  `peso_kg` decimal(6,2) DEFAULT NULL,
  `ejercicio_id` bigint NOT NULL,
  `entreno_id` bigint NOT NULL,
  `rpe_real` double DEFAULT NULL,
  PRIMARY KEY (`id`),
  KEY `entrenos_serierealiz_ejercicio_id_11abcc1f_fk_rutinas_e` (`ejercicio_id`),
  KEY `serie_entreno_idx` (`entreno_id`),
  CONSTRAINT `entrenos_serierealiz_ejercicio_id_11abcc1f_fk_rutinas_e` FOREIGN KEY (`ejercicio_id`) REFERENCES `rutinas_ejerciciobase` (`id`),
  CONSTRAINT `entrenos_serierealiz_entreno_id_c8d54527_fk_entrenos_` FOREIGN KEY (`entreno_id`) REFERENCES `entrenos_entrenorealizado` (`id`),
  CONSTRAINT `entrenos_serierealizada_chk_1` CHECK ((`serie_numero` >= 0)),
  CONSTRAINT `entrenos_serierealizada_chk_2` CHECK ((`repeticiones` >= 0))
) ENGINE=InnoDB AUTO_INCREMENT=273 DEFAULT CHARSET=utf8mb4 COLLATE=utf8mb4_unicode_ci;
/*!40101 SET character_set_client = @saved_cs_client */;

--
-- Dumping data for table `entrenos_serierealizada`
--

LOCK TABLES `entrenos_serierealizada` WRITE;
/*!40000 ALTER TABLE `entrenos_serierealizada` DISABLE KEYS */;
INSERT INTO `entrenos_serierealizada` VALUES (1,1,10,1,20.00,66,239,7),(2,2,10,1,20.00,66,239,9),(3,3,6,1,20.00,66,239,9),(4,4,10,1,20.00,66,239,9),(5,1,10,1,200.00,68,239,8),(6,2,10,1,200.00,68,239,7),(7,3,10,1,200.00,68,239,9),(8,4,10,1,200.00,68,239,8),(9,1,13,1,100.00,96,239,7),(10,2,13,1,100.00,96,239,7),(11,3,13,1,100.00,96,239,7),(12,4,13,1,100.00,96,239,7),(13,1,10,1,75.00,98,239,8),(14,2,10,1,75.00,98,239,8),(15,3,10,1,75.00,98,239,7),(16,4,10,1,75.00,98,239,7),(17,1,10,1,30.00,57,240,7),(18,2,10,1,35.00,57,240,6),(19,3,10,1,40.00,57,240,7),(20,4,8,1,45.00,57,240,7),(21,1,11,1,40.00,58,240,7),(22,2,11,1,40.00,58,240,7),(23,3,10,1,40.00,58,240,7),(24,4,10,1,40.00,58,240,7),(25,1,10,1,100.00,107,240,7),(26,2,8,1,100.00,107,240,7),(27,3,10,1,100.00,107,240,7),(28,4,12,1,100.00,107,240,7),(29,1,7,1,90.00,109,240,7),(30,2,8,1,90.00,109,240,7),(31,3,8,1,90.00,109,240,7),(32,4,7,1,90.00,109,240,7),(33,1,10,1,32.50,36,241,6),(34,2,10,1,50.00,36,241,6),(35,3,10,1,70.00,36,241,8),(36,4,10,1,70.00,36,241,8),(37,1,10,1,52.50,38,241,7),(38,2,10,1,60.00,38,241,8),(39,3,10,1,60.00,38,241,8),(40,4,7,1,60.00,38,241,8),(41,1,10,1,42.50,89,241,8),(42,2,10,1,42.50,89,241,8),(43,3,10,1,42.50,89,241,8),(44,4,10,1,42.50,89,241,8),(45,1,10,1,20.00,92,241,8),(46,2,10,1,20.00,92,241,8),(47,3,10,1,20.00,92,241,8),(48,4,14,1,20.00,92,241,8),(49,1,10,1,80.00,45,242,8),(50,2,10,1,80.00,45,242,8),(51,3,7,1,80.00,45,242,8),(52,4,10,1,80.00,45,242,8),(53,1,10,1,35.00,48,242,8),(54,2,10,1,35.00,48,242,8),(55,3,10,1,35.00,48,242,8),(56,4,10,1,35.00,48,242,8),(57,1,10,1,30.00,83,242,8),(58,2,10,1,32.50,83,242,10),(59,3,7,1,32.50,83,242,10),(60,4,6,1,32.50,83,242,10),(61,1,10,1,40.00,112,242,8),(62,2,10,1,30.00,112,242,8),(63,3,10,1,40.00,112,242,8),(64,4,10,1,30.00,112,242,8),(65,1,10,1,20.00,66,243,8),(66,2,10,1,20.00,66,243,8),(67,3,10,1,20.00,66,243,8),(68,4,10,1,20.00,66,243,8),(69,1,10,1,200.00,68,243,8),(70,2,10,1,220.00,68,243,8),(71,3,10,1,240.00,68,243,9),(72,4,10,1,240.00,68,243,8),(73,1,14,1,100.00,96,243,8),(74,2,14,1,100.00,96,243,8),(75,3,14,1,100.00,96,243,8),(76,4,14,1,100.00,96,243,8),(77,1,10,1,80.00,98,243,8),(78,2,10,1,80.00,98,243,8),(79,3,10,1,80.00,98,243,8),(80,4,10,1,80.00,98,243,8),(81,1,10,1,45.00,57,245,8),(82,2,10,1,45.00,57,245,9),(83,3,7,1,45.00,57,245,9),(84,4,6,1,45.00,57,245,10),(85,1,10,1,42.50,58,245,8),(86,2,7,1,42.50,58,245,10),(87,3,6,1,42.50,58,245,10),(88,4,6,1,42.50,58,245,10),(89,1,10,1,100.00,107,245,8),(90,2,10,1,110.00,107,245,8),(91,3,10,1,110.00,107,245,8),(92,4,10,1,110.00,107,245,8),(93,1,15,1,72.50,109,245,8),(94,2,15,1,72.50,109,245,8),(95,3,15,1,72.50,109,245,8),(96,4,15,1,72.50,109,245,8),(97,1,4,1,100.00,72,246,9),(98,2,15,1,80.00,72,246,8),(99,3,10,1,90.00,72,246,9.5),(100,4,7,1,90.00,72,246,9),(101,1,10,1,55.00,75,246,8),(102,2,9,1,55.00,75,246,10),(103,3,5,1,55.00,75,246,10),(104,4,4,1,50.00,75,246,10),(105,1,10,1,80.00,81,246,8),(106,2,10,1,80.00,81,246,8),(107,3,10,1,80.00,81,246,8),(108,1,10,1,35.00,102,246,8),(109,2,10,1,35.00,102,246,8),(110,3,10,1,35.00,102,246,8),(111,4,10,1,35.00,102,246,8),(112,1,10,1,32.50,104,246,8),(113,2,10,1,32.50,104,246,8),(114,3,10,1,32.50,104,246,8),(115,4,10,1,32.50,104,246,8),(116,1,10,1,45.00,34,247,6),(117,2,10,1,57.50,34,247,6),(118,3,10,1,57.50,34,247,6),(119,4,10,1,57.50,34,247,6),(120,1,7,1,60.00,38,247,6),(121,2,7,1,57.50,38,247,6),(122,3,6,1,57.50,38,247,6),(123,4,6,1,57.50,38,247,6),(124,1,4,1,28.70,35,248,6),(125,2,4,1,31.20,35,248,7),(126,3,4,1,36.20,35,248,7),(127,4,4,1,36.20,35,248,7),(128,1,4,1,20.00,39,248,7),(129,2,4,1,20.00,39,248,7),(130,3,4,1,20.00,39,248,7),(131,4,4,1,20.00,39,248,7),(132,1,4,1,10.00,90,248,7),(133,2,4,1,20.00,90,248,7),(134,3,4,1,20.00,90,248,7),(135,4,4,1,20.00,90,248,7),(136,1,4,1,5.00,94,248,7),(137,2,4,1,5.00,94,248,7),(138,3,4,1,5.00,94,248,7),(139,4,4,1,5.00,94,248,7),(140,1,4,1,35.00,46,249,7),(141,2,4,1,35.00,46,249,7),(142,3,4,1,40.00,46,249,7),(143,4,4,1,40.00,46,249,7),(144,1,4,1,41.30,49,249,7),(145,2,4,1,46.30,49,249,7),(146,3,4,1,51.30,49,249,7),(147,4,4,1,51.30,49,249,7),(148,1,4,1,30.00,84,249,7),(149,2,4,1,30.00,84,249,7),(150,3,4,1,30.00,84,249,7),(151,4,3,1,35.00,84,249,8.5),(152,1,4,1,10.00,113,249,7),(153,2,6,1,10.00,113,249,7),(154,3,4,1,37.50,113,249,7),(155,4,4,1,37.50,113,249,7),(156,1,4,1,61.20,56,250,7),(157,2,4,1,61.20,56,250,7),(158,3,4,1,71.20,56,250,9),(159,4,4,1,61.20,56,250,7),(160,1,4,1,15.00,60,250,7),(161,2,4,1,15.00,60,250,7),(162,3,4,1,15.00,60,250,7),(163,4,4,1,15.00,60,250,7),(164,1,4,1,112.50,107,250,7),(165,2,4,1,112.50,107,250,7),(166,3,4,1,112.50,107,250,7),(167,4,4,1,112.50,107,250,7),(168,1,4,1,85.00,111,250,7),(169,2,4,1,75.00,111,250,7),(170,3,4,1,75.00,111,250,7),(171,4,4,1,75.00,111,250,7),(172,1,2,1,72.50,56,251,7),(173,2,4,1,60.00,56,251,7),(174,3,4,1,60.00,56,251,8),(175,4,4,1,60.00,56,251,7),(176,1,8,1,15.00,60,251,7),(177,2,4,1,20.00,60,251,7),(178,3,4,1,20.00,60,251,7),(179,4,4,1,20.00,60,251,7),(180,1,4,1,117.50,107,251,8),(181,2,4,1,117.50,107,251,7),(182,3,4,1,117.50,107,251,7),(183,4,4,1,117.50,107,251,7),(184,1,4,1,45.00,111,251,7),(185,2,6,1,50.00,111,251,7),(186,3,8,1,55.00,111,251,9),(187,4,8,1,60.00,111,251,9),(188,1,4,1,90.00,35,252,9),(189,2,4,1,100.00,35,252,9),(190,3,3,1,110.00,35,252,9),(191,4,3,1,110.00,35,252,9),(192,1,5,1,22.50,39,252,9),(193,2,5,1,20.00,39,252,9),(194,3,5,1,20.00,39,252,9),(195,4,5,1,20.00,39,252,9),(196,1,5,1,20.00,90,252,9),(197,2,4,1,25.00,90,252,9),(198,3,4,1,25.00,90,252,9),(199,4,4,1,25.00,90,252,9),(200,1,4,1,7.50,94,252,9),(201,2,4,1,7.50,94,252,9),(202,3,4,1,7.50,94,252,9),(203,4,4,1,7.50,94,252,9),(204,1,4,1,40.00,46,253,8),(205,2,4,1,40.00,46,253,8),(206,3,4,1,40.00,46,253,8),(207,1,5,1,50.00,49,253,8),(208,2,5,1,50.00,49,253,8),(209,3,5,1,50.00,49,253,8),(210,1,4,1,35.00,84,253,8),(211,2,4,1,35.00,84,253,8),(212,3,4,1,35.00,84,253,8),(213,1,4,1,22.50,70,254,8),(214,2,4,1,22.50,70,254,8),(215,3,10,1,25.00,70,254,6),(216,1,10,1,35.00,70,254,8),(217,2,7,1,35.00,70,254,8),(218,3,5,1,35.00,70,254,8),(219,1,4,1,102.50,105,254,8),(220,2,4,1,102.50,105,254,8),(221,3,4,1,102.50,105,254,8),(222,1,4,1,37.50,105,254,8),(223,2,4,1,37.50,105,254,8),(224,3,4,1,37.50,105,254,8),(225,1,4,1,65.00,56,255,10),(226,2,4,1,65.00,56,255,8),(227,3,4,1,65.00,56,255,8),(228,1,4,1,20.00,60,255,9),(229,2,4,1,20.00,60,255,8),(230,3,4,1,20.00,60,255,8),(231,1,4,1,120.00,107,255,8),(232,2,4,1,120.00,107,255,8),(233,3,4,1,120.00,107,255,8),(234,1,4,1,55.00,111,255,7),(235,2,4,1,60.00,111,255,8),(236,3,4,1,65.00,111,255,8),(237,1,4,1,100.00,35,256,7),(238,2,4,1,100.00,35,256,7),(239,3,4,1,100.00,35,256,7),(240,1,4,1,25.00,39,256,7),(241,2,4,1,25.00,39,256,7),(242,3,4,1,25.00,39,256,7),(243,1,4,1,25.00,90,256,7),(244,2,4,1,25.00,90,256,7),(245,3,4,1,25.00,90,256,7),(246,1,4,1,0.00,94,256,7),(247,2,4,1,0.00,94,256,7),(248,3,4,1,0.00,94,256,7),(249,1,4,1,40.00,46,257,7),(250,2,5,1,40.00,46,257,7),(251,3,5,1,40.00,46,257,7),(252,1,4,1,60.00,49,257,7),(253,2,5,1,65.00,49,257,7),(254,3,5,1,65.00,49,257,7),(255,1,4,1,40.00,84,257,7),(256,2,4,1,45.00,84,257,7),(257,3,4,1,50.00,84,257,10),(258,1,10,1,15.00,113,257,7),(259,2,10,1,15.00,113,257,7),(260,3,4,1,25.00,113,257,7),(261,1,3,1,70.00,56,258,10),(262,2,7,1,60.00,56,258,9),(263,3,4,1,60.00,56,258,9),(264,1,5,1,20.00,60,258,9),(265,2,4,1,22.50,60,258,9),(266,3,4,1,22.50,60,258,9),(267,1,4,1,122.50,107,258,9),(268,2,4,1,122.50,107,258,9),(269,3,4,1,122.50,107,258,9),(270,1,4,1,62.50,111,258,9),(271,2,5,1,65.00,111,258,9),(272,3,5,1,67.50,111,258,9);
/*!40000 ALTER TABLE `entrenos_serierealizada` ENABLE KEYS */;
UNLOCK TABLES;

--
-- Table structure for table `entrenos_sesionentrenamiento`
--

DROP TABLE IF EXISTS `entrenos_sesionentrenamiento`;
/*!40101 SET @saved_cs_client     = @@character_set_client */;
/*!50503 SET character_set_client = utf8mb4 */;
CREATE TABLE `entrenos_sesionentrenamiento` (
  `id` bigint NOT NULL AUTO_INCREMENT,
  `duracion_minutos` int unsigned NOT NULL,
  `hora_inicio` time(6) DEFAULT NULL,
  `hora_fin` time(6) DEFAULT NULL,
  `series_completadas` int unsigned NOT NULL,
  `series_totales` int unsigned NOT NULL,
  `ejercicios_completados` int unsigned NOT NULL,
  `ejercicios_totales` int unsigned NOT NULL,
  `rpe_medio` double DEFAULT NULL,
  `volumen_sesion` decimal(10,2) NOT NULL,
  `nuevos_records` int unsigned NOT NULL,
  `fecha_creacion` datetime(6) NOT NULL,
  `entreno_id` bigint NOT NULL,
  `acwr` double DEFAULT NULL,
  PRIMARY KEY (`id`),
  UNIQUE KEY `entreno_id` (`entreno_id`),
  CONSTRAINT `entrenos_sesionentre_entreno_id_4c9ebad1_fk_entrenos_` FOREIGN KEY (`entreno_id`) REFERENCES `entrenos_entrenorealizado` (`id`),
  CONSTRAINT `entrenos_sesionentrenamiento_chk_1` CHECK ((`duracion_minutos` >= 0)),
  CONSTRAINT `entrenos_sesionentrenamiento_chk_2` CHECK ((`series_completadas` >= 0)),
  CONSTRAINT `entrenos_sesionentrenamiento_chk_3` CHECK ((`series_totales` >= 0)),
  CONSTRAINT `entrenos_sesionentrenamiento_chk_4` CHECK ((`ejercicios_completados` >= 0)),
  CONSTRAINT `entrenos_sesionentrenamiento_chk_5` CHECK ((`ejercicios_totales` >= 0)),
  CONSTRAINT `entrenos_sesionentrenamiento_chk_6` CHECK ((`nuevos_records` >= 0))
) ENGINE=InnoDB AUTO_INCREMENT=211 DEFAULT CHARSET=utf8mb4 COLLATE=utf8mb4_unicode_ci;
/*!40101 SET character_set_client = @saved_cs_client */;

--
-- Dumping data for table `entrenos_sesionentrenamiento`
--

LOCK TABLES `entrenos_sesionentrenamiento` WRITE;
/*!40000 ALTER TABLE `entrenos_sesionentrenamiento` DISABLE KEYS */;
INSERT INTO `entrenos_sesionentrenamiento` VALUES (1,52,NULL,NULL,0,14,4,4,8.9,6325.00,3,'2026-01-25 10:20:40.606000',233,NULL),(2,50,NULL,NULL,0,14,4,4,7.2,13460.00,5,'2026-01-26 16:58:30.589000',234,NULL),(3,150,NULL,NULL,0,0,0,0,NULL,0.00,0,'2026-02-01 07:09:33.647000',4,NULL),(4,12,NULL,NULL,0,0,0,0,NULL,0.00,0,'2026-02-01 07:09:33.897000',6,NULL),(5,45,NULL,NULL,0,6,6,6,NULL,2185.00,0,'2026-02-01 07:09:34.050000',22,NULL),(6,333,NULL,NULL,0,6,6,6,NULL,1800.00,0,'2026-02-01 07:09:34.257000',36,NULL),(7,56,NULL,NULL,0,6,6,6,NULL,1800.00,0,'2026-02-01 07:09:34.412000',39,NULL),(8,11,NULL,NULL,0,6,6,6,NULL,1800.00,0,'2026-02-01 07:09:34.565000',40,NULL),(9,1111,NULL,NULL,0,0,0,0,NULL,0.00,0,'2026-02-01 07:09:34.716000',44,NULL),(10,60,NULL,NULL,0,0,0,0,NULL,0.00,0,'2026-02-01 07:09:34.862000',52,NULL),(11,60,NULL,NULL,0,0,0,0,NULL,0.00,0,'2026-02-01 07:09:35.014000',53,NULL),(12,60,NULL,NULL,0,0,0,0,NULL,0.00,0,'2026-02-01 07:09:35.170000',54,NULL),(13,60,NULL,NULL,0,0,0,0,NULL,0.00,0,'2026-02-01 07:09:35.362000',55,NULL),(14,60,NULL,NULL,0,0,0,0,NULL,0.00,0,'2026-02-01 07:09:35.516000',56,NULL),(15,60,NULL,NULL,0,0,0,0,NULL,0.00,0,'2026-02-01 07:09:35.673000',57,NULL),(16,60,NULL,NULL,0,0,0,0,NULL,0.00,0,'2026-02-01 07:09:35.832000',58,NULL),(17,60,NULL,NULL,0,0,0,0,NULL,0.00,0,'2026-02-01 07:09:35.985000',59,NULL),(18,111,NULL,NULL,0,0,0,0,NULL,0.00,0,'2026-02-01 07:09:36.135000',60,NULL),(19,60,NULL,NULL,0,0,0,0,NULL,0.00,0,'2026-02-01 07:09:36.286000',83,NULL),(20,60,NULL,NULL,0,0,0,0,NULL,0.00,0,'2026-02-01 07:09:36.437000',84,NULL),(21,1234,NULL,NULL,0,14,6,6,NULL,1995.00,0,'2026-02-01 07:09:36.588000',14,NULL),(22,55,NULL,NULL,0,14,6,6,NULL,1785.00,0,'2026-02-01 07:09:36.735000',16,NULL),(23,60,NULL,NULL,0,0,0,0,NULL,0.00,0,'2026-02-01 07:09:36.886000',90,NULL),(24,100,NULL,NULL,0,0,0,0,NULL,0.00,0,'2026-02-01 07:09:37.049000',2,NULL),(25,123,NULL,NULL,0,8,6,6,NULL,1020.00,0,'2026-02-01 07:09:37.207000',15,NULL),(26,25,NULL,NULL,0,8,6,6,NULL,1020.00,0,'2026-02-01 07:09:37.355000',19,NULL),(27,666,NULL,NULL,0,8,6,6,NULL,1020.00,0,'2026-02-01 07:09:37.513000',28,NULL),(28,44,NULL,NULL,0,0,0,0,NULL,0.00,0,'2026-02-01 07:09:37.678000',46,NULL),(29,222,NULL,NULL,0,0,0,0,NULL,0.00,0,'2026-02-01 07:09:37.846000',47,NULL),(30,10,NULL,NULL,0,0,0,0,NULL,0.00,0,'2026-02-01 07:09:38.016000',7,NULL),(31,10,NULL,NULL,0,12,3,3,NULL,1710.00,0,'2026-02-01 07:09:38.167000',8,NULL),(32,100,NULL,NULL,0,12,3,3,NULL,1530.00,0,'2026-02-01 07:09:38.322000',10,NULL),(33,33,NULL,NULL,0,12,3,3,NULL,1530.00,0,'2026-02-01 07:09:38.481000',18,NULL),(34,12,NULL,NULL,0,12,3,3,NULL,1530.00,0,'2026-02-01 07:09:38.633000',20,NULL),(35,12,NULL,NULL,0,12,3,3,NULL,1530.00,0,'2026-02-01 07:09:38.776000',21,NULL),(36,111,NULL,NULL,0,12,3,3,NULL,1530.00,0,'2026-02-01 07:09:38.967000',23,NULL),(37,50,NULL,NULL,0,12,3,3,NULL,1530.00,0,'2026-02-01 07:09:39.103000',24,NULL),(38,11,NULL,NULL,0,12,3,3,NULL,1530.00,0,'2026-02-01 07:09:39.241000',25,NULL),(39,111,NULL,NULL,0,12,3,3,NULL,1530.00,0,'2026-02-01 07:09:39.382000',26,NULL),(40,55,NULL,NULL,0,12,3,3,NULL,1570.50,0,'2026-02-01 07:09:39.526000',27,NULL),(41,333,NULL,NULL,0,12,3,3,NULL,1530.00,0,'2026-02-01 07:09:39.668000',29,NULL),(42,45,NULL,NULL,0,12,3,3,NULL,1530.00,0,'2026-02-01 07:09:39.810000',30,NULL),(43,333,NULL,NULL,0,12,3,3,NULL,1530.00,0,'2026-02-01 07:09:39.960000',31,NULL),(44,122,NULL,NULL,0,12,3,3,NULL,1530.00,0,'2026-02-01 07:09:40.103000',32,NULL),(45,122,NULL,NULL,0,12,3,3,NULL,1530.00,0,'2026-02-01 07:09:40.242000',33,NULL),(46,111,NULL,NULL,0,12,3,3,NULL,1530.00,0,'2026-02-01 07:09:40.384000',34,NULL),(47,111,NULL,NULL,0,12,3,3,NULL,1530.00,0,'2026-02-01 07:09:40.523000',41,NULL),(48,3342,NULL,NULL,0,0,0,0,NULL,0.00,0,'2026-02-01 07:09:40.668000',45,NULL),(49,123,NULL,NULL,0,0,0,0,NULL,0.00,0,'2026-02-01 07:09:40.812000',48,NULL),(50,123,NULL,NULL,0,0,0,0,NULL,0.00,0,'2026-02-01 07:09:40.962000',49,NULL),(51,123,NULL,NULL,0,0,0,0,NULL,0.00,0,'2026-02-01 07:09:41.113000',50,NULL),(52,60,NULL,NULL,0,0,0,0,NULL,0.00,0,'2026-02-01 07:09:41.272000',51,NULL),(53,60,NULL,NULL,0,0,0,0,NULL,0.00,0,'2026-02-01 07:09:41.470000',61,NULL),(54,60,NULL,NULL,0,0,0,0,NULL,0.00,0,'2026-02-01 07:09:41.611000',62,NULL),(55,60,NULL,NULL,0,0,0,0,NULL,0.00,0,'2026-02-01 07:09:41.758000',63,NULL),(56,60,NULL,NULL,0,0,0,0,NULL,0.00,0,'2026-02-01 07:09:41.904000',64,NULL),(57,60,NULL,NULL,0,0,0,0,NULL,0.00,0,'2026-02-01 07:09:42.045000',65,NULL),(58,60,NULL,NULL,0,0,0,0,NULL,0.00,0,'2026-02-01 07:09:42.189000',66,NULL),(59,60,NULL,NULL,0,0,0,0,NULL,0.00,0,'2026-02-01 07:09:42.329000',67,NULL),(60,60,NULL,NULL,0,0,0,0,NULL,0.00,0,'2026-02-01 07:09:42.480000',69,NULL),(61,60,NULL,NULL,0,0,0,0,NULL,0.00,0,'2026-02-01 07:09:42.655000',70,NULL),(62,60,NULL,NULL,0,0,0,0,NULL,0.00,0,'2026-02-01 07:09:42.805000',72,NULL),(63,60,NULL,NULL,0,0,0,0,NULL,0.00,0,'2026-02-01 07:09:42.949000',73,NULL),(64,60,NULL,NULL,0,0,0,0,NULL,0.00,0,'2026-02-01 07:09:43.093000',74,NULL),(65,60,NULL,NULL,0,0,0,0,NULL,0.00,0,'2026-02-01 07:09:43.238000',75,NULL),(66,60,NULL,NULL,0,0,0,0,NULL,0.00,0,'2026-02-01 07:09:43.381000',76,NULL),(67,60,NULL,NULL,0,0,0,0,NULL,0.00,0,'2026-02-01 07:09:43.526000',77,NULL),(68,60,NULL,NULL,0,0,0,0,NULL,0.00,0,'2026-02-01 07:09:43.668000',80,NULL),(69,60,NULL,NULL,0,0,0,0,NULL,0.00,0,'2026-02-01 07:09:43.816000',85,NULL),(70,60,NULL,NULL,0,0,0,0,NULL,0.00,0,'2026-02-01 07:09:43.969000',86,NULL),(71,60,NULL,NULL,0,0,0,0,NULL,0.00,0,'2026-02-01 07:09:44.125000',87,NULL),(72,60,NULL,NULL,0,0,0,0,NULL,0.00,0,'2026-02-01 07:09:44.269000',88,NULL),(73,60,NULL,NULL,0,0,0,0,NULL,0.00,0,'2026-02-01 07:09:44.408000',89,NULL),(74,60,NULL,NULL,0,0,0,0,NULL,0.00,0,'2026-02-01 07:09:44.554000',94,NULL),(75,60,NULL,NULL,0,0,0,0,NULL,0.00,0,'2026-02-01 07:09:44.698000',95,NULL),(76,60,NULL,NULL,0,0,0,0,NULL,0.00,0,'2026-02-01 07:09:44.843000',96,NULL),(77,123,NULL,NULL,0,8,6,6,NULL,1140.00,0,'2026-02-01 07:09:44.988000',11,NULL),(78,22,NULL,NULL,0,8,6,6,NULL,1020.00,0,'2026-02-01 07:09:45.134000',17,NULL),(79,1111,NULL,NULL,0,8,6,6,NULL,1020.00,0,'2026-02-01 07:09:45.292000',42,NULL),(80,60,NULL,NULL,0,0,0,0,NULL,0.00,0,'2026-02-01 07:09:45.434000',68,NULL),(81,1232,NULL,NULL,0,8,6,6,NULL,1020.00,0,'2026-02-01 07:09:45.582000',12,NULL),(82,10,NULL,NULL,0,0,0,0,NULL,0.00,0,'2026-02-01 07:09:45.719000',3,NULL),(83,13,NULL,NULL,0,9,3,3,NULL,3150.00,0,'2026-02-01 07:09:45.868000',9,NULL),(84,60,NULL,NULL,0,0,0,0,NULL,0.00,0,'2026-02-01 07:09:46.009000',71,NULL),(85,60,NULL,NULL,0,0,0,0,NULL,0.00,0,'2026-02-01 07:09:46.161000',82,NULL),(86,123,NULL,NULL,0,6,6,6,NULL,2100.00,0,'2026-02-01 07:09:46.315000',13,NULL),(87,10,NULL,NULL,0,0,0,0,NULL,0.00,0,'2026-02-01 07:09:46.475000',1,NULL),(88,60,NULL,NULL,0,0,0,0,NULL,0.00,0,'2026-02-01 07:09:46.632000',78,NULL),(89,60,NULL,NULL,0,0,0,0,NULL,0.00,0,'2026-02-01 07:09:46.795000',79,NULL),(90,60,NULL,NULL,0,0,0,0,NULL,0.00,0,'2026-02-01 07:09:46.951000',81,NULL),(91,60,NULL,NULL,0,0,0,0,NULL,0.00,0,'2026-02-01 07:09:47.098000',91,NULL),(92,60,NULL,NULL,0,0,0,0,NULL,0.00,0,'2026-02-01 07:09:47.239000',92,NULL),(93,60,NULL,NULL,0,0,0,0,NULL,0.00,0,'2026-02-01 07:09:47.389000',93,NULL),(94,50,NULL,NULL,0,20,4,4,NULL,5270.00,0,'2026-02-01 07:09:47.549000',105,NULL),(95,30,NULL,NULL,0,6,1,1,NULL,2030.00,0,'2026-02-01 07:09:47.816000',103,NULL),(96,50,NULL,NULL,0,24,4,4,NULL,11280.00,0,'2026-02-01 07:09:47.971000',104,NULL),(97,60,NULL,NULL,0,18,3,3,NULL,5802.00,6,'2026-02-01 07:09:48.216000',142,NULL),(98,55,NULL,NULL,0,18,3,3,NULL,4080.00,6,'2026-02-01 07:09:48.255000',143,NULL),(99,60,NULL,NULL,0,12,2,2,NULL,2448.00,0,'2026-02-01 07:09:48.293000',106,NULL),(100,60,NULL,NULL,0,12,2,2,NULL,3360.00,4,'2026-02-01 07:09:48.441000',144,NULL),(101,50,NULL,NULL,0,19,4,4,NULL,5301.00,7,'2026-02-01 07:09:48.482000',145,NULL),(102,45,NULL,NULL,0,18,3,3,NULL,3690.00,4,'2026-02-01 07:09:48.522000',146,NULL),(103,50,NULL,NULL,0,12,2,2,NULL,1836.00,4,'2026-02-01 07:09:48.564000',147,NULL),(104,30,NULL,NULL,0,12,2,2,NULL,2700.00,0,'2026-02-01 07:09:48.605000',148,NULL),(105,60,NULL,NULL,0,24,4,4,NULL,13190.00,8,'2026-02-01 07:09:48.643000',149,NULL),(106,50,NULL,NULL,0,24,4,4,NULL,4692.00,4,'2026-02-01 07:09:48.680000',150,NULL),(107,50,NULL,NULL,0,18,3,3,NULL,3777.00,2,'2026-02-01 07:09:48.719000',151,NULL),(108,30,NULL,NULL,0,12,2,2,NULL,1608.00,2,'2026-02-01 07:09:48.760000',152,NULL),(109,30,NULL,NULL,0,12,2,2,NULL,1920.00,0,'2026-02-01 07:09:48.801000',153,NULL),(110,55,NULL,NULL,0,17,3,3,NULL,11250.00,4,'2026-02-01 07:09:48.840000',154,NULL),(111,50,NULL,NULL,0,24,4,4,NULL,5676.00,2,'2026-02-01 07:09:48.879000',155,NULL),(112,60,NULL,NULL,0,18,3,3,NULL,4436.00,3,'2026-02-01 07:09:48.916000',156,NULL),(113,30,NULL,NULL,0,12,2,2,NULL,1680.00,2,'2026-02-01 07:09:48.954000',157,NULL),(114,35,NULL,NULL,0,12,2,2,NULL,2955.00,0,'2026-02-01 07:09:48.991000',159,NULL),(115,35,NULL,NULL,0,12,2,2,NULL,2955.00,0,'2026-02-01 07:09:49.029000',160,NULL),(116,60,NULL,NULL,0,24,4,4,NULL,6075.00,4,'2026-02-01 07:09:49.069000',162,NULL),(117,45,NULL,NULL,0,24,4,4,NULL,16280.00,8,'2026-02-01 07:09:49.109000',161,NULL),(118,38,NULL,NULL,0,18,3,3,NULL,4095.00,1,'2026-02-01 07:09:49.146000',163,NULL),(119,40,NULL,NULL,0,12,2,2,NULL,1680.00,0,'2026-02-01 07:09:49.185000',164,NULL),(120,25,NULL,NULL,0,12,2,2,NULL,3345.00,1,'2026-02-01 07:09:49.218000',165,NULL),(121,67,NULL,NULL,0,24,4,4,NULL,13620.00,4,'2026-02-01 07:09:49.256000',166,NULL),(122,45,NULL,NULL,0,24,4,4,NULL,6360.00,2,'2026-02-01 07:09:49.295000',167,NULL),(123,30,NULL,NULL,0,18,3,3,NULL,4320.00,1,'2026-02-01 07:09:49.333000',168,NULL),(124,32,NULL,NULL,0,12,2,2,NULL,2027.00,2,'2026-02-01 07:09:49.375000',169,NULL),(125,36,NULL,NULL,0,12,2,2,NULL,2640.00,1,'2026-02-01 07:09:49.414000',170,NULL),(126,60,NULL,NULL,0,24,4,4,NULL,16560.00,2,'2026-02-01 07:09:49.455000',171,NULL),(127,57,NULL,NULL,0,24,4,4,NULL,6300.00,2,'2026-02-01 07:09:49.496000',172,NULL),(128,60,NULL,NULL,0,24,4,4,NULL,16590.00,5,'2026-02-01 07:09:49.536000',173,NULL),(129,41,NULL,NULL,0,18,3,3,NULL,6390.00,3,'2026-02-01 07:09:49.574000',174,NULL),(130,37,NULL,NULL,0,18,3,3,NULL,4680.00,1,'2026-02-01 07:09:49.615000',175,NULL),(131,42,NULL,NULL,0,12,2,2,NULL,2304.00,4,'2026-02-01 07:09:49.654000',176,NULL),(132,60,NULL,NULL,0,12,2,2,NULL,5205.00,2,'2026-02-01 07:09:49.694000',177,NULL),(133,45,NULL,NULL,0,20,4,4,NULL,2905.00,8,'2026-02-01 07:09:49.736000',178,NULL),(134,45,NULL,NULL,0,18,3,3,NULL,4680.00,6,'2026-02-01 07:09:49.771000',179,NULL),(135,35,NULL,NULL,0,12,2,2,NULL,2190.00,4,'2026-02-01 07:09:49.810000',183,NULL),(136,30,NULL,NULL,0,10,2,2,NULL,1955.00,4,'2026-02-01 07:09:49.854000',180,NULL),(137,30,NULL,NULL,0,10,2,2,NULL,1955.00,0,'2026-02-01 07:09:49.895000',181,NULL),(138,60,NULL,NULL,0,18,4,4,NULL,6740.00,8,'2026-02-01 07:09:49.936000',182,NULL),(139,30,NULL,NULL,0,20,4,4,NULL,2310.00,5,'2026-02-01 07:09:49.976000',185,NULL),(140,30,NULL,NULL,0,20,4,4,NULL,2310.00,0,'2026-02-01 07:09:50.017000',186,NULL),(141,30,NULL,NULL,0,12,2,2,NULL,2790.00,4,'2026-02-01 07:09:50.061000',184,NULL),(142,43,NULL,NULL,0,14,4,4,NULL,4140.00,6,'2026-02-01 07:09:50.099000',189,NULL),(143,42,NULL,NULL,0,16,3,3,NULL,2615.00,6,'2026-02-01 07:09:50.137000',190,NULL),(144,31,NULL,NULL,0,10,2,2,NULL,8800.00,2,'2026-02-01 07:09:50.174000',188,NULL),(145,15,NULL,NULL,0,8,2,2,NULL,1240.00,2,'2026-02-01 07:09:50.213000',187,NULL),(146,60,NULL,NULL,0,24,4,4,NULL,8403.00,5,'2026-02-01 07:09:50.250000',191,NULL),(147,30,NULL,NULL,0,18,3,3,NULL,4896.00,5,'2026-02-01 07:09:50.289000',192,NULL),(148,30,NULL,NULL,0,12,2,2,NULL,2152.50,3,'2026-02-01 07:09:50.326000',194,NULL),(149,60,NULL,NULL,0,24,4,4,NULL,14355.00,4,'2026-02-01 07:09:50.364000',193,NULL),(150,30,NULL,NULL,0,24,4,4,NULL,7635.00,2,'2026-02-01 07:09:50.400000',195,NULL),(151,30,NULL,NULL,0,18,3,3,NULL,6300.00,4,'2026-02-01 07:09:50.438000',196,NULL),(152,30,NULL,NULL,0,12,2,2,NULL,1560.00,1,'2026-02-01 07:09:50.476000',198,NULL),(153,48,NULL,NULL,0,24,4,4,NULL,17090.00,4,'2026-02-01 07:09:50.515000',197,NULL),(154,60,NULL,NULL,0,22,4,4,NULL,7033.00,1,'2026-02-01 07:09:50.552000',199,NULL),(155,45,NULL,NULL,0,18,3,3,NULL,6555.00,3,'2026-02-01 07:09:50.591000',200,NULL),(156,30,NULL,NULL,0,12,2,2,NULL,1266.00,0,'2026-02-01 07:09:50.629000',201,NULL),(157,30,NULL,NULL,0,12,2,2,NULL,1266.00,0,'2026-02-01 07:09:50.668000',202,NULL),(158,35,NULL,NULL,0,12,2,2,NULL,2264.00,2,'2026-02-01 07:09:50.707000',203,NULL),(159,50,NULL,NULL,0,24,4,4,NULL,17142.00,1,'2026-02-01 07:09:50.747000',204,NULL),(160,40,NULL,NULL,0,24,4,4,NULL,7830.00,3,'2026-02-01 07:09:50.787000',205,NULL),(161,30,NULL,NULL,0,18,3,3,NULL,5812.50,4,'2026-02-01 07:09:50.826000',206,NULL),(162,30,NULL,NULL,0,12,2,2,NULL,1500.00,0,'2026-02-01 07:09:50.866000',207,NULL),(163,35,NULL,NULL,0,12,2,2,NULL,2602.50,3,'2026-02-01 07:09:50.905000',208,NULL),(164,45,NULL,NULL,0,23,4,4,NULL,15260.00,1,'2026-02-01 07:09:50.945000',209,NULL),(165,55,NULL,NULL,0,24,4,4,NULL,8395.00,0,'2026-02-01 07:09:50.983000',210,NULL),(166,55,NULL,NULL,0,24,4,4,NULL,8395.00,0,'2026-02-01 07:09:51.020000',211,NULL),(167,63,NULL,NULL,0,18,3,3,NULL,6670.00,4,'2026-02-01 07:09:51.060000',212,NULL),(168,35,NULL,NULL,0,12,2,2,NULL,2100.00,1,'2026-02-01 07:09:51.094000',213,NULL),(169,68,NULL,NULL,0,24,4,4,NULL,16125.00,1,'2026-02-01 07:09:51.131000',214,NULL),(170,53,NULL,NULL,0,18,3,3,NULL,6780.00,2,'2026-02-01 07:09:51.168000',215,NULL),(171,53,NULL,NULL,0,18,3,3,NULL,6780.00,0,'2026-02-01 07:09:51.202000',216,NULL),(172,50,NULL,NULL,0,23,4,4,NULL,6922.50,6,'2026-02-01 07:09:51.241000',217,NULL),(173,60,NULL,NULL,0,18,3,3,NULL,4536.00,4,'2026-02-01 07:09:51.279000',218,NULL),(174,62,NULL,NULL,0,12,2,2,NULL,11700.00,3,'2026-02-01 07:09:51.316000',219,NULL),(175,36,NULL,NULL,0,12,2,2,NULL,3396.00,1,'2026-02-01 07:09:51.354000',220,NULL),(176,75,NULL,NULL,0,24,4,4,NULL,14880.00,2,'2026-02-01 07:09:51.393000',221,NULL),(177,78,NULL,NULL,0,24,4,4,NULL,7510.00,4,'2026-02-01 07:09:51.432000',222,NULL),(178,50,NULL,NULL,0,18,3,3,NULL,5676.00,4,'2026-02-01 07:09:51.467000',223,NULL),(179,36,NULL,NULL,0,14,4,4,NULL,11630.00,5,'2026-02-01 07:09:51.505000',224,NULL),(180,54,NULL,NULL,0,14,4,4,NULL,3637.50,4,'2026-02-01 07:09:51.541000',225,NULL),(181,50,NULL,NULL,0,17,5,5,NULL,7820.00,3,'2026-02-01 07:09:51.581000',226,NULL),(182,45,NULL,NULL,0,14,4,4,NULL,5059.00,1,'2026-02-01 07:09:51.618000',227,NULL),(183,45,NULL,NULL,0,14,4,4,NULL,3860.00,2,'2026-02-01 07:09:51.655000',228,NULL),(184,45,NULL,NULL,0,14,4,4,NULL,12765.00,4,'2026-02-01 07:09:51.694000',229,NULL),(185,48,NULL,NULL,0,14,4,4,NULL,6290.00,2,'2026-02-01 07:09:51.732000',230,NULL),(186,50,NULL,NULL,0,17,5,5,NULL,8085.00,1,'2026-02-01 07:09:51.770000',231,NULL),(187,40,NULL,NULL,0,14,4,4,NULL,5829.00,2,'2026-02-01 07:09:51.808000',232,NULL),(188,60,NULL,NULL,0,14,4,4,NULL,8605.00,4,'2026-02-01 07:09:51.876000',235,NULL),(189,60,NULL,NULL,0,17,5,5,NULL,8085.00,1,'2026-02-01 07:09:51.914000',236,NULL),(190,60,NULL,NULL,0,14,4,4,NULL,6172.00,3,'2026-02-01 07:09:51.953000',237,NULL),(191,60,NULL,NULL,0,26,6,6,NULL,6240.00,12,'2026-02-01 07:09:51.997000',158,NULL),(192,42,NULL,NULL,16,16,4,4,7.75,16.90,6,'2026-02-02 16:52:06.130000',239,1.1),(193,52,NULL,NULL,16,16,4,4,6.9375,9.80,3,'2026-02-03 17:03:09.112000',240,1.08),(194,1,NULL,NULL,16,16,4,4,7.6875,7.00,3,'2026-02-07 09:58:21.453000',241,1.01),(195,3,NULL,NULL,16,16,4,4,8.375,6.80,6,'2026-02-08 10:24:32.097000',242,1.01),(196,53,NULL,NULL,16,16,4,4,8.0625,18.60,5,'2026-02-09 17:03:21.324000',243,1.03),(197,2,NULL,NULL,16,16,4,4,8.625,11.40,5,'2026-02-10 19:09:03.178000',245,1.04),(198,33,NULL,NULL,8,20,2,5,8.5,4.70,2,'2026-02-14 09:23:00.783000',246,1.24),(199,37,NULL,NULL,8,8,2,2,6,3.70,0,'2026-02-15 09:45:30.185000',247,1.24),(200,44,NULL,NULL,16,16,4,4,6.9375,1.20,4,'2026-03-04 17:11:27.803000',248,1),(201,0,NULL,NULL,14,16,3,4,7.09375,1.90,7,'2026-03-05 18:01:45.201000',249,0.23),(202,50,NULL,NULL,16,16,4,4,7.125,4.30,6,'2026-03-06 17:04:36.961000',250,0.48),(203,43,NULL,NULL,16,16,4,4,7.375,4.50,4,'2026-03-15 09:56:29.843000',251,0),(204,41,NULL,NULL,12,16,3,4,9,2.20,5,'2026-03-16 17:06:57.418000',252,0.64),(205,0,NULL,NULL,0,0,0,0,NULL,0.00,0,'2026-03-18 18:53:56.302000',253,NULL),(206,0,NULL,NULL,0,0,0,0,NULL,0.00,0,'2026-03-19 16:40:10.282000',254,NULL),(207,0,NULL,NULL,0,0,0,0,NULL,0.00,0,'2026-03-21 09:46:38.590000',255,NULL),(208,0,NULL,NULL,0,0,0,0,NULL,0.00,0,'2026-03-23 17:16:04.598000',256,NULL),(209,0,NULL,NULL,0,0,0,0,NULL,0.00,0,'2026-03-24 17:01:09.325000',257,NULL),(210,0,NULL,NULL,0,0,0,0,NULL,0.00,0,'2026-03-27 17:21:54.430000',258,NULL);
/*!40000 ALTER TABLE `entrenos_sesionentrenamiento` ENABLE KEYS */;
UNLOCK TABLES;

--
-- Table structure for table `entrenos_sesionentrenamiento_logros_desbloqueados`
--

DROP TABLE IF EXISTS `entrenos_sesionentrenamiento_logros_desbloqueados`;
/*!40101 SET @saved_cs_client     = @@character_set_client */;
/*!50503 SET character_set_client = utf8mb4 */;
CREATE TABLE `entrenos_sesionentrenamiento_logros_desbloqueados` (
  `id` bigint NOT NULL AUTO_INCREMENT,
  `sesionentrenamiento_id` bigint NOT NULL,
  `logroautomatico_id` bigint NOT NULL,
  PRIMARY KEY (`id`),
  UNIQUE KEY `entrenos_sesionentrenami_sesionentrenamiento_id_l_c7827a3f_uniq` (`sesionentrenamiento_id`,`logroautomatico_id`),
  KEY `entrenos_sesionentre_logroautomatico_id_131a299c_fk_entrenos_` (`logroautomatico_id`),
  CONSTRAINT `entrenos_sesionentre_logroautomatico_id_131a299c_fk_entrenos_` FOREIGN KEY (`logroautomatico_id`) REFERENCES `entrenos_logroautomatico` (`id`),
  CONSTRAINT `entrenos_sesionentre_sesionentrenamiento__decdab87_fk_entrenos_` FOREIGN KEY (`sesionentrenamiento_id`) REFERENCES `entrenos_sesionentrenamiento` (`id`)
) ENGINE=InnoDB AUTO_INCREMENT=49 DEFAULT CHARSET=utf8mb4 COLLATE=utf8mb4_unicode_ci;
/*!40101 SET character_set_client = @saved_cs_client */;

--
-- Dumping data for table `entrenos_sesionentrenamiento_logros_desbloqueados`
--

LOCK TABLES `entrenos_sesionentrenamiento_logros_desbloqueados` WRITE;
/*!40000 ALTER TABLE `entrenos_sesionentrenamiento_logros_desbloqueados` DISABLE KEYS */;
INSERT INTO `entrenos_sesionentrenamiento_logros_desbloqueados` VALUES (25,3,8),(26,3,19),(27,3,20),(28,5,12),(29,12,9),(30,35,13),(31,52,10),(32,94,5),(33,94,8),(34,94,9),(35,94,10),(36,94,12),(37,94,20),(39,96,6),(38,96,13),(41,97,14),(40,97,16),(42,98,15),(43,191,5),(44,191,8),(45,191,14),(46,191,15),(47,191,16),(48,191,20);
/*!40000 ALTER TABLE `entrenos_sesionentrenamiento_logros_desbloqueados` ENABLE KEYS */;
UNLOCK TABLES;

--
-- Table structure for table `estiramientos_estiramientoejercicio`
--

DROP TABLE IF EXISTS `estiramientos_estiramientoejercicio`;
/*!40101 SET @saved_cs_client     = @@character_set_client */;
/*!50503 SET character_set_client = utf8mb4 */;
CREATE TABLE `estiramientos_estiramientoejercicio` (
  `id` bigint NOT NULL AUTO_INCREMENT,
  `nombre` varchar(120) COLLATE utf8mb4_unicode_ci NOT NULL,
  `fase_recomendada` varchar(12) COLLATE utf8mb4_unicode_ci DEFAULT NULL,
  `musculo_objetivo` varchar(120) COLLATE utf8mb4_unicode_ci NOT NULL,
  `descripcion_corta` varchar(220) COLLATE utf8mb4_unicode_ci NOT NULL,
  `imagen` varchar(100) COLLATE utf8mb4_unicode_ci DEFAULT NULL,
  `activo` tinyint(1) NOT NULL,
  PRIMARY KEY (`id`)
) ENGINE=InnoDB AUTO_INCREMENT=37 DEFAULT CHARSET=utf8mb4 COLLATE=utf8mb4_unicode_ci;
/*!40101 SET character_set_client = @saved_cs_client */;

--
-- Dumping data for table `estiramientos_estiramientoejercicio`
--

LOCK TABLES `estiramientos_estiramientoejercicio` WRITE;
/*!40000 ALTER TABLE `estiramientos_estiramientoejercicio` DISABLE KEYS */;
INSERT INTO `estiramientos_estiramientoejercicio` VALUES (1,'Inclinación lateral de cuello (Izquierda)','SUPERIOR','Cuello / Trapecio','Lleva la oreja al hombro suavemente. Mantén el hombro contrario abajo.','estiramientos/inclinacion_lateral_de_cuello_izquierda.gif',1),(2,'Inclinación lateral de cuello (Derecha)','SUPERIOR','Cuello / Trapecio','Respira profundo. No fuerces, solo deja caer la cabeza por su peso.','estiramientos/inclinacion_lateral_de_cuello_derecha.gif',1),(3,'Estiramiento de hombro cruzado (Izquierdo)','SUPERIOR','Deltoides posterior','Cruza el brazo por delante del pecho. Empuja suave con la otra mano.','estiramientos/estiramiento_de_hombro_cruzado_izquierdo.gif',1),(4,'Estiramiento de hombro cruzado (Derecho)','SUPERIOR','Deltoides posterior','Mantén el hombro relajado, no lo subas hacia la oreja.','estiramientos/estiramiento_de_hombro_cruzado_derecho.gif',1),(5,'Estiramiento de tríceps (Izquierdo)','SUPERIOR','Tríceps','Lleva la mano detrás de la cabeza. Empuja el codo hacia abajo.','estiramientos/estiramiento_de_triceps_izquierdo.gif',1),(6,'Estiramiento de tríceps (Derecho)','SUPERIOR','Tríceps','Mantén la cabeza recta, no la inclines hacia adelante.','estiramientos/estiramiento_de_triceps_derecho.gif',1),(7,'Estiramiento pectoral en pared (Izquierdo)','SUPERIOR','Pectoral','Brazo en 90° contra la pared. Gira el torso hacia el lado contrario.','estiramientos/estiramiento_pectoral_en_pared_izquierdo.gif',1),(8,'Estiramiento pectoral en pared (Derecho)','SUPERIOR','Pectoral','Siente el estiramiento en el pecho. Respira lento y profundo.','estiramientos/estiramiento_pectoral_en_pared_derecho.gif',1),(9,'Estiramiento dorsal en pared (Izquierdo)','SUPERIOR','Dorsal ancho','Manos en la pared, caderas hacia atrás. Hunde el pecho hacia el suelo.','estiramientos/estiramiento_dorsal_en_pared_izquierdo.jpg',1),(10,'Estiramiento dorsal en pared (Derecho)','SUPERIOR','Dorsal ancho','Brazos extendidos, siente el estiramiento en el lateral del torso.','estiramientos/estiramiento_dorsal_en_pared_derecho.jpg',1),(11,'Zancada baja - flexor cadera (Izquierda)','INFERIOR','Psoas / Flexor de cadera','Rodilla trasera en el suelo. Aprieta el glúteo y empuja la cadera adelante.','estiramientos/zancada_baja_flexor_cadera_izquierda.gif',1),(12,'Zancada baja - flexor cadera (Derecha)','INFERIOR','Psoas / Flexor de cadera','Mantén el torso erguido. No arquees la espalda baja.','estiramientos/zancada_baja_flexor_cadera_derecha.gif',1),(13,'Estiramiento de cuádriceps de pie (Izquierdo)','INFERIOR','Cuádriceps','Agarra el tobillo y lleva el talón al glúteo. Rodillas juntas.','estiramientos/estiramiento_de_cuadriceps_de_pie_izquierdo.jpg',1),(14,'Estiramiento de cuádriceps de pie (Derecho)','INFERIOR','Cuádriceps','Si necesitas equilibrio, apóyate en una pared.','estiramientos/estiramiento_de_cuadriceps_de_pie_derecho.jpg',1),(15,'Isquiotibiales sentado (Izquierda)','INFERIOR','Isquiotibiales','Pierna estirada, flexiona desde la cadera. Espalda recta.','estiramientos/isquiotibiales_sentado_izquierda.jpg',1),(16,'Isquiotibiales sentado (Derecha)','INFERIOR','Isquiotibiales','Llega hasta donde puedas sin redondear la espalda.','estiramientos/isquiotibiales_sentado_derecha.jpg',1),(17,'Figura 4 - Glúteo/Piriforme (Izquierdo)','INFERIOR','Glúteo / Piriforme','Tumbado boca arriba. Tobillo sobre rodilla contraria. Tira de la pierna base.','estiramientos/figura_4_gluteo_piriforme_izquierdo.jpg',1),(18,'Figura 4 - Glúteo/Piriforme (Derecho)','INFERIOR','Glúteo / Piriforme','Mantén la cabeza en el suelo. Relaja los hombros.','estiramientos/figura_4_gluteo_piriforme_derecho.jpg',1),(19,'Estiramiento de aductores (Mariposa)','INFERIOR','Aductores','Plantas de los pies juntas. Deja caer las rodillas suavemente.','estiramientos/estiramiento_de_aductores_mariposa.gif',1),(20,'Estiramiento de aductores (Lateral)','INFERIOR','Aductores','Piernas abiertas, inclínate hacia un lado. Mantén 15s cada lado.','estiramientos/estiramiento_de_aductores_lateral.gif',1),(21,'Gemelo en pared (Izquierdo)','INFERIOR','Gemelo','Manos en pared, pierna atrás estirada. Talón pegado al suelo.','estiramientos/gemelo_en_pared_izquierdo.png',1),(22,'Gemelo en pared (Derecho)','INFERIOR','Gemelo','Inclínate hacia la pared hasta sentir el estiramiento.','estiramientos/gemelo_en_pared_derecho.png',1),(23,'Rotación de cuello (suave)','COMPLETO','Cuello','Gira lentamente la cabeza en círculos. 5 en cada dirección.','estiramientos/rotacion_de_cuello_suave.gif',1),(24,'Círculos de hombros','COMPLETO','Hombros','Brazos relajados. Haz círculos grandes con los hombros hacia atrás.','estiramientos/circulos_de_hombros.gif',1),(25,'Estiramiento de tríceps (ambos lados)','COMPLETO','Tríceps','30 segundos: 15s cada brazo. Codo apuntando arriba.','estiramientos/estiramiento_de_triceps_ambos_lados.gif',1),(26,'Estiramiento lateral de torso (Izquierda)','COMPLETO','Oblicuos / Dorsal','Brazo arriba, inclínate al lado contrario. Siente el costado.','estiramientos/estiramiento_lateral_de_torso_izquierda.jpg',1),(27,'Estiramiento lateral de torso (Derecha)','COMPLETO','Oblicuos / Dorsal','Mantén las caderas quietas, solo mueve el torso superior.','estiramientos/estiramiento_lateral_de_torso_derecha.jpg',1),(28,'Gato-Vaca','COMPLETO','Columna','En cuadrupedia: arquea y redondea la espalda alternadamente.','estiramientos/gato_vaca.jpg',1),(29,'Zancada con rotación (Izquierda)','COMPLETO','Flexor cadera / Torso','En zancada, rota el torso hacia la pierna adelantada.','estiramientos/zancada_con_rotacion_izquierda.jpg',1),(30,'Zancada con rotación (Derecha)','COMPLETO','Flexor cadera / Torso','Combina estiramiento de cadera con movilidad de columna.','estiramientos/zancada_con_rotacion_derecha.jpg',1),(31,'Isquiotibiales de pie (Izquierda)','COMPLETO','Isquiotibiales','Pierna en superficie elevada. Flexiona desde la cadera.','estiramientos/isquiotibiales_de_pie_izquierda.jpg',1),(32,'Isquiotibiales de pie (Derecha)','COMPLETO','Isquiotibiales','Mantén la espalda recta, no redondees.','estiramientos/isquiotibiales_de_pie_derecha.jpg',1),(33,'Estiramiento de glúteo cruzado (Izquierdo)','COMPLETO','Glúteo','De pie o sentado, cruza tobillo sobre rodilla.','estiramientos/estiramiento_de_gluteo_cruzado_izquierdo.jpg',1),(34,'Estiramiento de glúteo cruzado (Derecho)','COMPLETO','Glúteo','Inclínate hacia adelante manteniendo la espalda recta.','estiramientos/estiramiento_de_gluteo_cruzado_derecho.jpg',1),(35,'Flexión hacia adelante (Ragdoll)','COMPLETO','Isquios / Espalda','De pie, déjate caer hacia adelante. Brazos colgando, relaja el cuello.','estiramientos/flexion_hacia_adelante_ragdoll_kjoUOqu.jpg',1),(36,'Respiración profunda final','COMPLETO','Relajación','De pie, brazos arriba al inhalar, abajo al exhalar. 5 respiraciones.','',1);
/*!40000 ALTER TABLE `estiramientos_estiramientoejercicio` ENABLE KEYS */;
UNLOCK TABLES;

--
-- Table structure for table `estiramientos_estiramientopaso`
--

DROP TABLE IF EXISTS `estiramientos_estiramientopaso`;
/*!40101 SET @saved_cs_client     = @@character_set_client */;
/*!50503 SET character_set_client = utf8mb4 */;
CREATE TABLE `estiramientos_estiramientopaso` (
  `id` bigint NOT NULL AUTO_INCREMENT,
  `orden` int unsigned NOT NULL,
  `duracion_segundos` int unsigned NOT NULL,
  `ejercicio_id` bigint NOT NULL,
  `plan_id` bigint NOT NULL,
  PRIMARY KEY (`id`),
  UNIQUE KEY `estiramientos_estiramientopaso_plan_id_orden_d22112f2_uniq` (`plan_id`,`orden`),
  KEY `estiramientos_estira_ejercicio_id_8dd84384_fk_estiramie` (`ejercicio_id`),
  CONSTRAINT `estiramientos_estira_ejercicio_id_8dd84384_fk_estiramie` FOREIGN KEY (`ejercicio_id`) REFERENCES `estiramientos_estiramientoejercicio` (`id`),
  CONSTRAINT `estiramientos_estira_plan_id_063254fd_fk_estiramie` FOREIGN KEY (`plan_id`) REFERENCES `estiramientos_estiramientoplan` (`id`),
  CONSTRAINT `estiramientos_estiramientopaso_chk_1` CHECK ((`orden` >= 0)),
  CONSTRAINT `estiramientos_estiramientopaso_chk_2` CHECK ((`duracion_segundos` >= 0))
) ENGINE=InnoDB AUTO_INCREMENT=109 DEFAULT CHARSET=utf8mb4 COLLATE=utf8mb4_unicode_ci;
/*!40101 SET character_set_client = @saved_cs_client */;

--
-- Dumping data for table `estiramientos_estiramientopaso`
--

LOCK TABLES `estiramientos_estiramientopaso` WRITE;
/*!40000 ALTER TABLE `estiramientos_estiramientopaso` DISABLE KEYS */;
INSERT INTO `estiramientos_estiramientopaso` VALUES (73,1,30,1,1),(74,2,30,2,1),(75,3,30,3,1),(76,4,30,4,1),(77,5,30,5,1),(78,6,30,6,1),(79,7,30,7,1),(80,8,30,8,1),(81,9,30,9,1),(82,10,30,10,1),(83,1,30,11,2),(84,2,30,12,2),(85,3,30,13,2),(86,4,30,14,2),(87,5,30,15,2),(88,6,30,16,2),(89,7,30,17,2),(90,8,30,18,2),(91,9,30,19,2),(92,10,30,20,2),(93,11,30,21,2),(94,12,30,22,2),(95,1,30,23,3),(96,2,30,24,3),(97,3,30,25,3),(98,4,30,26,3),(99,5,30,27,3),(100,6,30,28,3),(101,7,30,29,3),(102,8,30,30,3),(103,9,30,31,3),(104,10,30,32,3),(105,11,30,33,3),(106,12,30,34,3),(107,13,30,35,3),(108,14,30,36,3);
/*!40000 ALTER TABLE `estiramientos_estiramientopaso` ENABLE KEYS */;
UNLOCK TABLES;

--
-- Table structure for table `estiramientos_estiramientoplan`
--

DROP TABLE IF EXISTS `estiramientos_estiramientoplan`;
/*!40101 SET @saved_cs_client     = @@character_set_client */;
/*!50503 SET character_set_client = utf8mb4 */;
CREATE TABLE `estiramientos_estiramientoplan` (
  `id` bigint NOT NULL AUTO_INCREMENT,
  `nombre` varchar(80) COLLATE utf8mb4_unicode_ci NOT NULL,
  `fase` varchar(12) COLLATE utf8mb4_unicode_ci NOT NULL,
  `transicion_segundos` int unsigned NOT NULL,
  `activo` tinyint(1) NOT NULL,
  PRIMARY KEY (`id`),
  UNIQUE KEY `fase` (`fase`),
  CONSTRAINT `estiramientos_estiramientoplan_chk_1` CHECK ((`transicion_segundos` >= 0))
) ENGINE=InnoDB AUTO_INCREMENT=4 DEFAULT CHARSET=utf8mb4 COLLATE=utf8mb4_unicode_ci;
/*!40101 SET character_set_client = @saved_cs_client */;

--
-- Dumping data for table `estiramientos_estiramientoplan`
--

LOCK TABLES `estiramientos_estiramientoplan` WRITE;
/*!40000 ALTER TABLE `estiramientos_estiramientoplan` DISABLE KEYS */;
INSERT INTO `estiramientos_estiramientoplan` VALUES (1,'Tren Superior','SUPERIOR',5,1),(2,'Tren Inferior','INFERIOR',5,1),(3,'Cuerpo Completo','COMPLETO',5,1);
/*!40000 ALTER TABLE `estiramientos_estiramientoplan` ENABLE KEYS */;
UNLOCK TABLES;

--
-- Table structure for table `estoico_configuracionnotificacion`
--

DROP TABLE IF EXISTS `estoico_configuracionnotificacion`;
/*!40101 SET @saved_cs_client     = @@character_set_client */;
/*!50503 SET character_set_client = utf8mb4 */;
CREATE TABLE `estoico_configuracionnotificacion` (
  `id` bigint NOT NULL AUTO_INCREMENT,
  `notificacion_matutina` tinyint(1) NOT NULL,
  `hora_matutina` time(6) NOT NULL,
  `notificacion_vespertina` tinyint(1) NOT NULL,
  `hora_vespertina` time(6) NOT NULL,
  `recordatorio_reflexion` tinyint(1) NOT NULL,
  `frecuencia_recordatorio` smallint unsigned NOT NULL,
  `dias_semana` json NOT NULL,
  `usuario_id` int NOT NULL,
  PRIMARY KEY (`id`),
  UNIQUE KEY `usuario_id` (`usuario_id`),
  CONSTRAINT `estoico_configuracio_usuario_id_8ff27ee7_fk_auth_user` FOREIGN KEY (`usuario_id`) REFERENCES `auth_user` (`id`),
  CONSTRAINT `estoico_configuracionnotificacion_chk_1` CHECK ((`frecuencia_recordatorio` >= 0))
) ENGINE=InnoDB AUTO_INCREMENT=4 DEFAULT CHARSET=utf8mb4 COLLATE=utf8mb4_unicode_ci;
/*!40101 SET character_set_client = @saved_cs_client */;

--
-- Dumping data for table `estoico_configuracionnotificacion`
--

LOCK TABLES `estoico_configuracionnotificacion` WRITE;
/*!40000 ALTER TABLE `estoico_configuracionnotificacion` DISABLE KEYS */;
INSERT INTO `estoico_configuracionnotificacion` VALUES (1,1,'08:00:00.000000',1,'20:00:00.000000',1,2,'[]',3),(3,1,'08:00:00.000000',1,'20:00:00.000000',1,2,'[]',4);
/*!40000 ALTER TABLE `estoico_configuracionnotificacion` ENABLE KEYS */;
UNLOCK TABLES;

--
-- Table structure for table `estoico_contenidodiario`
--

DROP TABLE IF EXISTS `estoico_contenidodiario`;
/*!40101 SET @saved_cs_client     = @@character_set_client */;
/*!50503 SET character_set_client = utf8mb4 */;
CREATE TABLE `estoico_contenidodiario` (
  `id` bigint NOT NULL AUTO_INCREMENT,
  `dia` smallint unsigned NOT NULL,
  `mes` varchar(20) COLLATE utf8mb4_unicode_ci NOT NULL,
  `tema` varchar(100) COLLATE utf8mb4_unicode_ci NOT NULL,
  `cita` longtext COLLATE utf8mb4_unicode_ci NOT NULL,
  `autor` varchar(50) COLLATE utf8mb4_unicode_ci NOT NULL,
  `reflexion` longtext COLLATE utf8mb4_unicode_ci NOT NULL,
  `pregunta` longtext COLLATE utf8mb4_unicode_ci NOT NULL,
  `fecha_creacion` datetime(6) NOT NULL,
  `fecha_actualizacion` datetime(6) NOT NULL,
  PRIMARY KEY (`id`),
  UNIQUE KEY `dia` (`dia`),
  CONSTRAINT `estoico_contenidodiario_chk_1` CHECK ((`dia` >= 0))
) ENGINE=InnoDB AUTO_INCREMENT=367 DEFAULT CHARSET=utf8mb4 COLLATE=utf8mb4_unicode_ci;
/*!40101 SET character_set_client = @saved_cs_client */;

--
-- Dumping data for table `estoico_contenidodiario`
--

LOCK TABLES `estoico_contenidodiario` WRITE;
/*!40000 ALTER TABLE `estoico_contenidodiario` DISABLE KEYS */;
INSERT INTO `estoico_contenidodiario` VALUES (1,1,'Enero','Claridad y Percepción','La felicidad y la libertad comienzan con la clara comprensión de un principio: algunas cosas están bajo nuestro control y otras no.','Marco Aurelio','Esta enseñanza nos invita a reflexionar sobre la naturaleza del control y la aceptación. En nuestra vida diaria, constantemente enfrentamos situaciones que escapan a nuestro dominio, pero siempre tenemos la capacidad de elegir nuestra respuesta. Esta enseñanza de Marco Aurelio nos invita a profundizar en nuestra comprensión de la vida virtuosa.','¿Cómo puedes aplicar esta enseñanza en una situación específica que estés enfrentando actualmente?','2025-08-30 18:22:06.265000','2025-08-30 18:22:06.265000'),(2,2,'Enero','Claridad y Percepción','La mejor venganza es ser diferente a quien causó el daño.','Séneca','La filosofía estoica nos recuerda que nuestro verdadero poder reside en nuestras decisiones internas. Cada momento es una oportunidad para practicar la virtud y crecer como personas. Esta enseñanza de Séneca nos invita a profundizar en nuestra comprensión de la vida virtuosa.','Reflexiona sobre un momento reciente donde esta sabiduría podría haber cambiado tu perspectiva. ¿Qué aprendiste?','2025-08-30 18:22:06.267000','2025-08-30 18:22:06.267000'),(3,3,'Enero','Claridad y Percepción','No es que tengamos poco tiempo, es que perdemos mucho.','Epicteto','Esta sabiduría antigua sigue siendo relevante en nuestro mundo moderno. Nos enseña a encontrar paz en medio del caos y fortaleza en la adversidad. Esta enseñanza de Epicteto nos invita a profundizar en nuestra comprensión de la vida virtuosa.','¿Qué aspectos de tu vida diaria podrían beneficiarse de esta filosofía? Describe tres acciones concretas.','2025-08-30 18:22:06.268000','2025-08-30 18:22:06.268000'),(4,4,'Enero','Claridad y Percepción','Te conviertes en aquello a lo que prestas atención.','Zenón de Citio','La práctica estoica no se trata de suprimir emociones, sino de entenderlas y responder con sabiduría. Es un camino hacia la libertad interior. Esta enseñanza de Zenón de Citio nos invita a profundizar en nuestra comprensión de la vida virtuosa.','Piensa en alguien que admires por su sabiduría. ¿Cómo crees que aplicaría este principio en su vida?','2025-08-30 18:22:06.269000','2025-08-30 18:22:06.269000'),(5,5,'Enero','Claridad y Percepción','Tienes poder sobre tu mente, no sobre los acontecimientos externos. Date cuenta de esto y encontrarás fuerza.','Crisipo','Cada día tenemos la oportunidad de aplicar estos principios en nuestras relaciones, trabajo y desafíos personales. La filosofía estoica es práctica y transformadora. Esta enseñanza de Crisipo nos invita a profundizar en nuestra comprensión de la vida virtuosa.','¿Cuáles son los obstáculos principales que te impiden vivir según esta enseñanza? ¿Cómo podrías superarlos?','2025-08-30 18:22:06.269000','2025-08-30 18:22:06.269000'),(6,6,'Enero','Claridad y Percepción','La vida es muy corta para perderla en vanas esperanzas.','Marco Aurelio','Esta enseñanza nos invita a reflexionar sobre la naturaleza del control y la aceptación. En nuestra vida diaria, constantemente enfrentamos situaciones que escapan a nuestro dominio, pero siempre tenemos la capacidad de elegir nuestra respuesta. Esta enseñanza de Marco Aurelio nos invita a profundizar en nuestra comprensión de la vida virtuosa.','¿Cómo puedes aplicar esta enseñanza en una situación específica que estés enfrentando actualmente?','2025-08-30 18:22:06.270000','2025-08-30 18:22:06.270000'),(7,7,'Enero','Claridad y Percepción','No busques que los acontecimientos ocurran como tú quieres, sino acepta los acontecimientos como ocurren y todo irá bien.','Séneca','La filosofía estoica nos recuerda que nuestro verdadero poder reside en nuestras decisiones internas. Cada momento es una oportunidad para practicar la virtud y crecer como personas. Esta enseñanza de Séneca nos invita a profundizar en nuestra comprensión de la vida virtuosa.','Reflexiona sobre un momento reciente donde esta sabiduría podría haber cambiado tu perspectiva. ¿Qué aprendiste?','2025-08-30 18:22:06.270000','2025-08-30 18:22:06.270000'),(8,8,'Enero','Claridad y Percepción','Ningún hombre es libre si no es dueño de sí mismo.','Epicteto','Esta sabiduría antigua sigue siendo relevante en nuestro mundo moderno. Nos enseña a encontrar paz en medio del caos y fortaleza en la adversidad. Esta enseñanza de Epicteto nos invita a profundizar en nuestra comprensión de la vida virtuosa.','¿Qué aspectos de tu vida diaria podrían beneficiarse de esta filosofía? Describe tres acciones concretas.','2025-08-30 18:22:06.271000','2025-08-30 18:22:06.271000'),(9,9,'Enero','Claridad y Percepción','La riqueza consiste no en tener grandes posesiones, sino en tener pocas necesidades.','Zenón de Citio','La práctica estoica no se trata de suprimir emociones, sino de entenderlas y responder con sabiduría. Es un camino hacia la libertad interior. Esta enseñanza de Zenón de Citio nos invita a profundizar en nuestra comprensión de la vida virtuosa.','Piensa en alguien que admires por su sabiduría. ¿Cómo crees que aplicaría este principio en su vida?','2025-08-30 18:22:06.271000','2025-08-30 18:22:06.271000'),(10,10,'Enero','Claridad y Percepción','El sabio no se entristece por lo que no tiene, sino que se alegra por lo que tiene.','Crisipo','Cada día tenemos la oportunidad de aplicar estos principios en nuestras relaciones, trabajo y desafíos personales. La filosofía estoica es práctica y transformadora. Esta enseñanza de Crisipo nos invita a profundizar en nuestra comprensión de la vida virtuosa.','¿Cuáles son los obstáculos principales que te impiden vivir según esta enseñanza? ¿Cómo podrías superarlos?','2025-08-30 18:22:06.272000','2025-08-30 18:22:06.272000'),(11,11,'Enero','Claridad y Percepción','La virtud es el único bien verdadero.','Marco Aurelio','Esta enseñanza nos invita a reflexionar sobre la naturaleza del control y la aceptación. En nuestra vida diaria, constantemente enfrentamos situaciones que escapan a nuestro dominio, pero siempre tenemos la capacidad de elegir nuestra respuesta. Esta enseñanza de Marco Aurelio nos invita a profundizar en nuestra comprensión de la vida virtuosa.','¿Cómo puedes aplicar esta enseñanza en una situación específica que estés enfrentando actualmente?','2025-08-30 18:22:06.272000','2025-08-30 18:22:06.272000'),(12,12,'Enero','Claridad y Percepción','El presente es lo único que poseemos.','Séneca','La filosofía estoica nos recuerda que nuestro verdadero poder reside en nuestras decisiones internas. Cada momento es una oportunidad para practicar la virtud y crecer como personas. Esta enseñanza de Séneca nos invita a profundizar en nuestra comprensión de la vida virtuosa.','Reflexiona sobre un momento reciente donde esta sabiduría podría haber cambiado tu perspectiva. ¿Qué aprendiste?','2025-08-30 18:22:06.273000','2025-08-30 18:22:06.273000'),(13,13,'Enero','Claridad y Percepción','La paciencia es la compañera de la sabiduría.','Epicteto','Esta sabiduría antigua sigue siendo relevante en nuestro mundo moderno. Nos enseña a encontrar paz en medio del caos y fortaleza en la adversidad. Esta enseñanza de Epicteto nos invita a profundizar en nuestra comprensión de la vida virtuosa.','¿Qué aspectos de tu vida diaria podrían beneficiarse de esta filosofía? Describe tres acciones concretas.','2025-08-30 18:22:06.274000','2025-08-30 18:22:06.274000'),(14,14,'Enero','Claridad y Percepción','No hay viento favorable para el que no sabe a dónde va.','Zenón de Citio','La práctica estoica no se trata de suprimir emociones, sino de entenderlas y responder con sabiduría. Es un camino hacia la libertad interior. Esta enseñanza de Zenón de Citio nos invita a profundizar en nuestra comprensión de la vida virtuosa.','Piensa en alguien que admires por su sabiduría. ¿Cómo crees que aplicaría este principio en su vida?','2025-08-30 18:22:06.274000','2025-08-30 18:22:06.274000'),(15,15,'Enero','Claridad y Percepción','La ira es una locura momentánea.','Crisipo','Cada día tenemos la oportunidad de aplicar estos principios en nuestras relaciones, trabajo y desafíos personales. La filosofía estoica es práctica y transformadora. Esta enseñanza de Crisipo nos invita a profundizar en nuestra comprensión de la vida virtuosa.','¿Cuáles son los obstáculos principales que te impiden vivir según esta enseñanza? ¿Cómo podrías superarlos?','2025-08-30 18:22:06.275000','2025-08-30 18:22:06.275000'),(16,16,'Enero','Claridad y Percepción','El dolor es inevitable, el sufrimiento es opcional.','Marco Aurelio','Esta enseñanza nos invita a reflexionar sobre la naturaleza del control y la aceptación. En nuestra vida diaria, constantemente enfrentamos situaciones que escapan a nuestro dominio, pero siempre tenemos la capacidad de elegir nuestra respuesta. Esta enseñanza de Marco Aurelio nos invita a profundizar en nuestra comprensión de la vida virtuosa.','¿Cómo puedes aplicar esta enseñanza en una situación específica que estés enfrentando actualmente?','2025-08-30 18:22:06.275000','2025-08-30 18:22:06.275000'),(17,17,'Enero','Claridad y Percepción','La muerte no es lo contrario de la vida, sino parte de ella.','Séneca','La filosofía estoica nos recuerda que nuestro verdadero poder reside en nuestras decisiones internas. Cada momento es una oportunidad para practicar la virtud y crecer como personas. Esta enseñanza de Séneca nos invita a profundizar en nuestra comprensión de la vida virtuosa.','Reflexiona sobre un momento reciente donde esta sabiduría podría haber cambiado tu perspectiva. ¿Qué aprendiste?','2025-08-30 18:22:06.276000','2025-08-30 18:22:06.276000'),(18,18,'Enero','Claridad y Percepción','La verdadera felicidad es disfrutar el presente sin depender ansiosamente del futuro.','Epicteto','Esta sabiduría antigua sigue siendo relevante en nuestro mundo moderno. Nos enseña a encontrar paz en medio del caos y fortaleza en la adversidad. Esta enseñanza de Epicteto nos invita a profundizar en nuestra comprensión de la vida virtuosa.','¿Qué aspectos de tu vida diaria podrían beneficiarse de esta filosofía? Describe tres acciones concretas.','2025-08-30 18:22:06.276000','2025-08-30 18:22:06.276000'),(19,19,'Enero','Claridad y Percepción','No podemos dirigir el viento, pero sí ajustar las velas.','Zenón de Citio','La práctica estoica no se trata de suprimir emociones, sino de entenderlas y responder con sabiduría. Es un camino hacia la libertad interior. Esta enseñanza de Zenón de Citio nos invita a profundizar en nuestra comprensión de la vida virtuosa.','Piensa en alguien que admires por su sabiduría. ¿Cómo crees que aplicaría este principio en su vida?','2025-08-30 18:22:06.277000','2025-08-30 18:22:06.277000'),(20,20,'Enero','Claridad y Percepción','La sabiduría comienza en el asombro.','Crisipo','Cada día tenemos la oportunidad de aplicar estos principios en nuestras relaciones, trabajo y desafíos personales. La filosofía estoica es práctica y transformadora. Esta enseñanza de Crisipo nos invita a profundizar en nuestra comprensión de la vida virtuosa.','¿Cuáles son los obstáculos principales que te impiden vivir según esta enseñanza? ¿Cómo podrías superarlos?','2025-08-30 18:22:06.277000','2025-08-30 18:22:06.277000'),(21,21,'Enero','Claridad y Percepción','La felicidad y la libertad comienzan con la clara comprensión de un principio: algunas cosas están bajo nuestro control y otras no.','Marco Aurelio','Esta enseñanza nos invita a reflexionar sobre la naturaleza del control y la aceptación. En nuestra vida diaria, constantemente enfrentamos situaciones que escapan a nuestro dominio, pero siempre tenemos la capacidad de elegir nuestra respuesta. Esta enseñanza de Marco Aurelio nos invita a profundizar en nuestra comprensión de la vida virtuosa.','¿Cómo puedes aplicar esta enseñanza en una situación específica que estés enfrentando actualmente?','2025-08-30 18:22:06.278000','2025-08-30 18:22:06.278000'),(22,22,'Enero','Claridad y Percepción','La mejor venganza es ser diferente a quien causó el daño.','Séneca','La filosofía estoica nos recuerda que nuestro verdadero poder reside en nuestras decisiones internas. Cada momento es una oportunidad para practicar la virtud y crecer como personas. Esta enseñanza de Séneca nos invita a profundizar en nuestra comprensión de la vida virtuosa.','Reflexiona sobre un momento reciente donde esta sabiduría podría haber cambiado tu perspectiva. ¿Qué aprendiste?','2025-08-30 18:22:06.278000','2025-08-30 18:22:06.278000'),(23,23,'Enero','Claridad y Percepción','No es que tengamos poco tiempo, es que perdemos mucho.','Epicteto','Esta sabiduría antigua sigue siendo relevante en nuestro mundo moderno. Nos enseña a encontrar paz en medio del caos y fortaleza en la adversidad. Esta enseñanza de Epicteto nos invita a profundizar en nuestra comprensión de la vida virtuosa.','¿Qué aspectos de tu vida diaria podrían beneficiarse de esta filosofía? Describe tres acciones concretas.','2025-08-30 18:22:06.279000','2025-08-30 18:22:06.279000'),(24,24,'Enero','Claridad y Percepción','Te conviertes en aquello a lo que prestas atención.','Zenón de Citio','La práctica estoica no se trata de suprimir emociones, sino de entenderlas y responder con sabiduría. Es un camino hacia la libertad interior. Esta enseñanza de Zenón de Citio nos invita a profundizar en nuestra comprensión de la vida virtuosa.','Piensa en alguien que admires por su sabiduría. ¿Cómo crees que aplicaría este principio en su vida?','2025-08-30 18:22:06.280000','2025-08-30 18:22:06.280000'),(25,25,'Enero','Claridad y Percepción','Tienes poder sobre tu mente, no sobre los acontecimientos externos. Date cuenta de esto y encontrarás fuerza.','Crisipo','Cada día tenemos la oportunidad de aplicar estos principios en nuestras relaciones, trabajo y desafíos personales. La filosofía estoica es práctica y transformadora. Esta enseñanza de Crisipo nos invita a profundizar en nuestra comprensión de la vida virtuosa.','¿Cuáles son los obstáculos principales que te impiden vivir según esta enseñanza? ¿Cómo podrías superarlos?','2025-08-30 18:22:06.280000','2025-08-30 18:22:06.280000'),(26,26,'Enero','Claridad y Percepción','La vida es muy corta para perderla en vanas esperanzas.','Marco Aurelio','Esta enseñanza nos invita a reflexionar sobre la naturaleza del control y la aceptación. En nuestra vida diaria, constantemente enfrentamos situaciones que escapan a nuestro dominio, pero siempre tenemos la capacidad de elegir nuestra respuesta. Esta enseñanza de Marco Aurelio nos invita a profundizar en nuestra comprensión de la vida virtuosa.','¿Cómo puedes aplicar esta enseñanza en una situación específica que estés enfrentando actualmente?','2025-08-30 18:22:06.281000','2025-08-30 18:22:06.281000'),(27,27,'Enero','Claridad y Percepción','No busques que los acontecimientos ocurran como tú quieres, sino acepta los acontecimientos como ocurren y todo irá bien.','Séneca','La filosofía estoica nos recuerda que nuestro verdadero poder reside en nuestras decisiones internas. Cada momento es una oportunidad para practicar la virtud y crecer como personas. Esta enseñanza de Séneca nos invita a profundizar en nuestra comprensión de la vida virtuosa.','Reflexiona sobre un momento reciente donde esta sabiduría podría haber cambiado tu perspectiva. ¿Qué aprendiste?','2025-08-30 18:22:06.281000','2025-08-30 18:22:06.281000'),(28,28,'Enero','Claridad y Percepción','Ningún hombre es libre si no es dueño de sí mismo.','Epicteto','Esta sabiduría antigua sigue siendo relevante en nuestro mundo moderno. Nos enseña a encontrar paz en medio del caos y fortaleza en la adversidad. Esta enseñanza de Epicteto nos invita a profundizar en nuestra comprensión de la vida virtuosa.','¿Qué aspectos de tu vida diaria podrían beneficiarse de esta filosofía? Describe tres acciones concretas.','2025-08-30 18:22:06.282000','2025-08-30 18:22:06.282000'),(29,29,'Enero','Claridad y Percepción','La riqueza consiste no en tener grandes posesiones, sino en tener pocas necesidades.','Zenón de Citio','La práctica estoica no se trata de suprimir emociones, sino de entenderlas y responder con sabiduría. Es un camino hacia la libertad interior. Esta enseñanza de Zenón de Citio nos invita a profundizar en nuestra comprensión de la vida virtuosa.','Piensa en alguien que admires por su sabiduría. ¿Cómo crees que aplicaría este principio en su vida?','2025-08-30 18:22:06.283000','2025-08-30 18:22:06.283000'),(30,30,'Enero','Claridad y Percepción','El sabio no se entristece por lo que no tiene, sino que se alegra por lo que tiene.','Crisipo','Cada día tenemos la oportunidad de aplicar estos principios en nuestras relaciones, trabajo y desafíos personales. La filosofía estoica es práctica y transformadora. Esta enseñanza de Crisipo nos invita a profundizar en nuestra comprensión de la vida virtuosa.','¿Cuáles son los obstáculos principales que te impiden vivir según esta enseñanza? ¿Cómo podrías superarlos?','2025-08-30 18:22:06.283000','2025-08-30 18:22:06.283000'),(31,31,'Enero','Claridad y Percepción','La virtud es el único bien verdadero.','Marco Aurelio','Esta enseñanza nos invita a reflexionar sobre la naturaleza del control y la aceptación. En nuestra vida diaria, constantemente enfrentamos situaciones que escapan a nuestro dominio, pero siempre tenemos la capacidad de elegir nuestra respuesta. Esta enseñanza de Marco Aurelio nos invita a profundizar en nuestra comprensión de la vida virtuosa.','¿Cómo puedes aplicar esta enseñanza en una situación específica que estés enfrentando actualmente?','2025-08-30 18:22:06.284000','2025-08-30 18:22:06.284000'),(32,32,'Febrero','Pasiones y Emociones','El presente es lo único que poseemos.','Séneca','La filosofía estoica nos recuerda que nuestro verdadero poder reside en nuestras decisiones internas. Cada momento es una oportunidad para practicar la virtud y crecer como personas. Esta enseñanza de Séneca nos invita a profundizar en nuestra comprensión de la vida virtuosa.','Reflexiona sobre un momento reciente donde esta sabiduría podría haber cambiado tu perspectiva. ¿Qué aprendiste?','2025-08-30 18:22:06.284000','2025-08-30 18:22:06.284000'),(33,33,'Febrero','Pasiones y Emociones','La paciencia es la compañera de la sabiduría.','Epicteto','Esta sabiduría antigua sigue siendo relevante en nuestro mundo moderno. Nos enseña a encontrar paz en medio del caos y fortaleza en la adversidad. Esta enseñanza de Epicteto nos invita a profundizar en nuestra comprensión de la vida virtuosa.','¿Qué aspectos de tu vida diaria podrían beneficiarse de esta filosofía? Describe tres acciones concretas.','2025-08-30 18:22:06.285000','2025-08-30 18:22:06.285000'),(34,34,'Febrero','Pasiones y Emociones','No hay viento favorable para el que no sabe a dónde va.','Zenón de Citio','La práctica estoica no se trata de suprimir emociones, sino de entenderlas y responder con sabiduría. Es un camino hacia la libertad interior. Esta enseñanza de Zenón de Citio nos invita a profundizar en nuestra comprensión de la vida virtuosa.','Piensa en alguien que admires por su sabiduría. ¿Cómo crees que aplicaría este principio en su vida?','2025-08-30 18:22:06.286000','2025-08-30 18:22:06.286000'),(35,35,'Febrero','Pasiones y Emociones','La ira es una locura momentánea.','Crisipo','Cada día tenemos la oportunidad de aplicar estos principios en nuestras relaciones, trabajo y desafíos personales. La filosofía estoica es práctica y transformadora. Esta enseñanza de Crisipo nos invita a profundizar en nuestra comprensión de la vida virtuosa.','¿Cuáles son los obstáculos principales que te impiden vivir según esta enseñanza? ¿Cómo podrías superarlos?','2025-08-30 18:22:06.286000','2025-08-30 18:22:06.286000'),(36,36,'Febrero','Pasiones y Emociones','El dolor es inevitable, el sufrimiento es opcional.','Marco Aurelio','Esta enseñanza nos invita a reflexionar sobre la naturaleza del control y la aceptación. En nuestra vida diaria, constantemente enfrentamos situaciones que escapan a nuestro dominio, pero siempre tenemos la capacidad de elegir nuestra respuesta. Esta enseñanza de Marco Aurelio nos invita a profundizar en nuestra comprensión de la vida virtuosa.','¿Cómo puedes aplicar esta enseñanza en una situación específica que estés enfrentando actualmente?','2025-08-30 18:22:06.287000','2025-08-30 18:22:06.287000'),(37,37,'Febrero','Pasiones y Emociones','La muerte no es lo contrario de la vida, sino parte de ella.','Séneca','La filosofía estoica nos recuerda que nuestro verdadero poder reside en nuestras decisiones internas. Cada momento es una oportunidad para practicar la virtud y crecer como personas. Esta enseñanza de Séneca nos invita a profundizar en nuestra comprensión de la vida virtuosa.','Reflexiona sobre un momento reciente donde esta sabiduría podría haber cambiado tu perspectiva. ¿Qué aprendiste?','2025-08-30 18:22:06.287000','2025-08-30 18:22:06.287000'),(38,38,'Febrero','Pasiones y Emociones','La verdadera felicidad es disfrutar el presente sin depender ansiosamente del futuro.','Epicteto','Esta sabiduría antigua sigue siendo relevante en nuestro mundo moderno. Nos enseña a encontrar paz en medio del caos y fortaleza en la adversidad. Esta enseñanza de Epicteto nos invita a profundizar en nuestra comprensión de la vida virtuosa.','¿Qué aspectos de tu vida diaria podrían beneficiarse de esta filosofía? Describe tres acciones concretas.','2025-08-30 18:22:06.288000','2025-08-30 18:22:06.288000'),(39,39,'Febrero','Pasiones y Emociones','No podemos dirigir el viento, pero sí ajustar las velas.','Zenón de Citio','La práctica estoica no se trata de suprimir emociones, sino de entenderlas y responder con sabiduría. Es un camino hacia la libertad interior. Esta enseñanza de Zenón de Citio nos invita a profundizar en nuestra comprensión de la vida virtuosa.','Piensa en alguien que admires por su sabiduría. ¿Cómo crees que aplicaría este principio en su vida?','2025-08-30 18:22:06.288000','2025-08-30 18:22:06.288000'),(40,40,'Febrero','Pasiones y Emociones','La sabiduría comienza en el asombro.','Crisipo','Cada día tenemos la oportunidad de aplicar estos principios en nuestras relaciones, trabajo y desafíos personales. La filosofía estoica es práctica y transformadora. Esta enseñanza de Crisipo nos invita a profundizar en nuestra comprensión de la vida virtuosa.','¿Cuáles son los obstáculos principales que te impiden vivir según esta enseñanza? ¿Cómo podrías superarlos?','2025-08-30 18:22:06.289000','2025-08-30 18:22:06.289000'),(41,41,'Febrero','Pasiones y Emociones','La felicidad y la libertad comienzan con la clara comprensión de un principio: algunas cosas están bajo nuestro control y otras no.','Marco Aurelio','Esta enseñanza nos invita a reflexionar sobre la naturaleza del control y la aceptación. En nuestra vida diaria, constantemente enfrentamos situaciones que escapan a nuestro dominio, pero siempre tenemos la capacidad de elegir nuestra respuesta. Esta enseñanza de Marco Aurelio nos invita a profundizar en nuestra comprensión de la vida virtuosa.','¿Cómo puedes aplicar esta enseñanza en una situación específica que estés enfrentando actualmente?','2025-08-30 18:22:06.289000','2025-08-30 18:22:06.289000'),(42,42,'Febrero','Pasiones y Emociones','La mejor venganza es ser diferente a quien causó el daño.','Séneca','La filosofía estoica nos recuerda que nuestro verdadero poder reside en nuestras decisiones internas. Cada momento es una oportunidad para practicar la virtud y crecer como personas. Esta enseñanza de Séneca nos invita a profundizar en nuestra comprensión de la vida virtuosa.','Reflexiona sobre un momento reciente donde esta sabiduría podría haber cambiado tu perspectiva. ¿Qué aprendiste?','2025-08-30 18:22:06.290000','2025-08-30 18:22:06.290000'),(43,43,'Febrero','Pasiones y Emociones','No es que tengamos poco tiempo, es que perdemos mucho.','Epicteto','Esta sabiduría antigua sigue siendo relevante en nuestro mundo moderno. Nos enseña a encontrar paz en medio del caos y fortaleza en la adversidad. Esta enseñanza de Epicteto nos invita a profundizar en nuestra comprensión de la vida virtuosa.','¿Qué aspectos de tu vida diaria podrían beneficiarse de esta filosofía? Describe tres acciones concretas.','2025-08-30 18:22:06.290000','2025-08-30 18:22:06.290000'),(44,44,'Febrero','Pasiones y Emociones','Te conviertes en aquello a lo que prestas atención.','Zenón de Citio','La práctica estoica no se trata de suprimir emociones, sino de entenderlas y responder con sabiduría. Es un camino hacia la libertad interior. Esta enseñanza de Zenón de Citio nos invita a profundizar en nuestra comprensión de la vida virtuosa.','Piensa en alguien que admires por su sabiduría. ¿Cómo crees que aplicaría este principio en su vida?','2025-08-30 18:22:06.291000','2025-08-30 18:22:06.291000'),(45,45,'Febrero','Pasiones y Emociones','Tienes poder sobre tu mente, no sobre los acontecimientos externos. Date cuenta de esto y encontrarás fuerza.','Crisipo','Cada día tenemos la oportunidad de aplicar estos principios en nuestras relaciones, trabajo y desafíos personales. La filosofía estoica es práctica y transformadora. Esta enseñanza de Crisipo nos invita a profundizar en nuestra comprensión de la vida virtuosa.','¿Cuáles son los obstáculos principales que te impiden vivir según esta enseñanza? ¿Cómo podrías superarlos?','2025-08-30 18:22:06.291000','2025-08-30 18:22:06.291000'),(46,46,'Febrero','Pasiones y Emociones','La vida es muy corta para perderla en vanas esperanzas.','Marco Aurelio','Esta enseñanza nos invita a reflexionar sobre la naturaleza del control y la aceptación. En nuestra vida diaria, constantemente enfrentamos situaciones que escapan a nuestro dominio, pero siempre tenemos la capacidad de elegir nuestra respuesta. Esta enseñanza de Marco Aurelio nos invita a profundizar en nuestra comprensión de la vida virtuosa.','¿Cómo puedes aplicar esta enseñanza en una situación específica que estés enfrentando actualmente?','2025-08-30 18:22:06.292000','2025-08-30 18:22:06.292000'),(47,47,'Febrero','Pasiones y Emociones','No busques que los acontecimientos ocurran como tú quieres, sino acepta los acontecimientos como ocurren y todo irá bien.','Séneca','La filosofía estoica nos recuerda que nuestro verdadero poder reside en nuestras decisiones internas. Cada momento es una oportunidad para practicar la virtud y crecer como personas. Esta enseñanza de Séneca nos invita a profundizar en nuestra comprensión de la vida virtuosa.','Reflexiona sobre un momento reciente donde esta sabiduría podría haber cambiado tu perspectiva. ¿Qué aprendiste?','2025-08-30 18:22:06.293000','2025-08-30 18:22:06.293000'),(48,48,'Febrero','Pasiones y Emociones','Ningún hombre es libre si no es dueño de sí mismo.','Epicteto','Esta sabiduría antigua sigue siendo relevante en nuestro mundo moderno. Nos enseña a encontrar paz en medio del caos y fortaleza en la adversidad. Esta enseñanza de Epicteto nos invita a profundizar en nuestra comprensión de la vida virtuosa.','¿Qué aspectos de tu vida diaria podrían beneficiarse de esta filosofía? Describe tres acciones concretas.','2025-08-30 18:22:06.293000','2025-08-30 18:22:06.293000'),(49,49,'Febrero','Pasiones y Emociones','La riqueza consiste no en tener grandes posesiones, sino en tener pocas necesidades.','Zenón de Citio','La práctica estoica no se trata de suprimir emociones, sino de entenderlas y responder con sabiduría. Es un camino hacia la libertad interior. Esta enseñanza de Zenón de Citio nos invita a profundizar en nuestra comprensión de la vida virtuosa.','Piensa en alguien que admires por su sabiduría. ¿Cómo crees que aplicaría este principio en su vida?','2025-08-30 18:22:06.294000','2025-08-30 18:22:06.294000'),(50,50,'Febrero','Pasiones y Emociones','El sabio no se entristece por lo que no tiene, sino que se alegra por lo que tiene.','Crisipo','Cada día tenemos la oportunidad de aplicar estos principios en nuestras relaciones, trabajo y desafíos personales. La filosofía estoica es práctica y transformadora. Esta enseñanza de Crisipo nos invita a profundizar en nuestra comprensión de la vida virtuosa.','¿Cuáles son los obstáculos principales que te impiden vivir según esta enseñanza? ¿Cómo podrías superarlos?','2025-08-30 18:22:06.294000','2025-08-30 18:22:06.294000'),(51,51,'Febrero','Pasiones y Emociones','La virtud es el único bien verdadero.','Marco Aurelio','Esta enseñanza nos invita a reflexionar sobre la naturaleza del control y la aceptación. En nuestra vida diaria, constantemente enfrentamos situaciones que escapan a nuestro dominio, pero siempre tenemos la capacidad de elegir nuestra respuesta. Esta enseñanza de Marco Aurelio nos invita a profundizar en nuestra comprensión de la vida virtuosa.','¿Cómo puedes aplicar esta enseñanza en una situación específica que estés enfrentando actualmente?','2025-08-30 18:22:06.295000','2025-08-30 18:22:06.295000'),(52,52,'Febrero','Pasiones y Emociones','El presente es lo único que poseemos.','Séneca','La filosofía estoica nos recuerda que nuestro verdadero poder reside en nuestras decisiones internas. Cada momento es una oportunidad para practicar la virtud y crecer como personas. Esta enseñanza de Séneca nos invita a profundizar en nuestra comprensión de la vida virtuosa.','Reflexiona sobre un momento reciente donde esta sabiduría podría haber cambiado tu perspectiva. ¿Qué aprendiste?','2025-08-30 18:22:06.295000','2025-08-30 18:22:06.295000'),(53,53,'Febrero','Pasiones y Emociones','La paciencia es la compañera de la sabiduría.','Epicteto','Esta sabiduría antigua sigue siendo relevante en nuestro mundo moderno. Nos enseña a encontrar paz en medio del caos y fortaleza en la adversidad. Esta enseñanza de Epicteto nos invita a profundizar en nuestra comprensión de la vida virtuosa.','¿Qué aspectos de tu vida diaria podrían beneficiarse de esta filosofía? Describe tres acciones concretas.','2025-08-30 18:22:06.296000','2025-08-30 18:22:06.296000'),(54,54,'Febrero','Pasiones y Emociones','No hay viento favorable para el que no sabe a dónde va.','Zenón de Citio','La práctica estoica no se trata de suprimir emociones, sino de entenderlas y responder con sabiduría. Es un camino hacia la libertad interior. Esta enseñanza de Zenón de Citio nos invita a profundizar en nuestra comprensión de la vida virtuosa.','Piensa en alguien que admires por su sabiduría. ¿Cómo crees que aplicaría este principio en su vida?','2025-08-30 18:22:06.296000','2025-08-30 18:22:06.296000'),(55,55,'Febrero','Pasiones y Emociones','La ira es una locura momentánea.','Crisipo','Cada día tenemos la oportunidad de aplicar estos principios en nuestras relaciones, trabajo y desafíos personales. La filosofía estoica es práctica y transformadora. Esta enseñanza de Crisipo nos invita a profundizar en nuestra comprensión de la vida virtuosa.','¿Cuáles son los obstáculos principales que te impiden vivir según esta enseñanza? ¿Cómo podrías superarlos?','2025-08-30 18:22:06.297000','2025-08-30 18:22:06.297000'),(56,56,'Febrero','Pasiones y Emociones','El dolor es inevitable, el sufrimiento es opcional.','Marco Aurelio','Esta enseñanza nos invita a reflexionar sobre la naturaleza del control y la aceptación. En nuestra vida diaria, constantemente enfrentamos situaciones que escapan a nuestro dominio, pero siempre tenemos la capacidad de elegir nuestra respuesta. Esta enseñanza de Marco Aurelio nos invita a profundizar en nuestra comprensión de la vida virtuosa.','¿Cómo puedes aplicar esta enseñanza en una situación específica que estés enfrentando actualmente?','2025-08-30 18:22:06.298000','2025-08-30 18:22:06.298000'),(57,57,'Febrero','Pasiones y Emociones','La muerte no es lo contrario de la vida, sino parte de ella.','Séneca','La filosofía estoica nos recuerda que nuestro verdadero poder reside en nuestras decisiones internas. Cada momento es una oportunidad para practicar la virtud y crecer como personas. Esta enseñanza de Séneca nos invita a profundizar en nuestra comprensión de la vida virtuosa.','Reflexiona sobre un momento reciente donde esta sabiduría podría haber cambiado tu perspectiva. ¿Qué aprendiste?','2025-08-30 18:22:06.298000','2025-08-30 18:22:06.298000'),(58,58,'Febrero','Pasiones y Emociones','La verdadera felicidad es disfrutar el presente sin depender ansiosamente del futuro.','Epicteto','Esta sabiduría antigua sigue siendo relevante en nuestro mundo moderno. Nos enseña a encontrar paz en medio del caos y fortaleza en la adversidad. Esta enseñanza de Epicteto nos invita a profundizar en nuestra comprensión de la vida virtuosa.','¿Qué aspectos de tu vida diaria podrían beneficiarse de esta filosofía? Describe tres acciones concretas.','2025-08-30 18:22:06.299000','2025-08-30 18:22:06.299000'),(59,59,'Febrero','Pasiones y Emociones','No podemos dirigir el viento, pero sí ajustar las velas.','Zenón de Citio','La práctica estoica no se trata de suprimir emociones, sino de entenderlas y responder con sabiduría. Es un camino hacia la libertad interior. Esta enseñanza de Zenón de Citio nos invita a profundizar en nuestra comprensión de la vida virtuosa.','Piensa en alguien que admires por su sabiduría. ¿Cómo crees que aplicaría este principio en su vida?','2025-08-30 18:22:06.299000','2025-08-30 18:22:06.299000'),(60,60,'Marzo','Conciencia y Atención Plena','La sabiduría comienza en el asombro.','Crisipo','Cada día tenemos la oportunidad de aplicar estos principios en nuestras relaciones, trabajo y desafíos personales. La filosofía estoica es práctica y transformadora. Esta enseñanza de Crisipo nos invita a profundizar en nuestra comprensión de la vida virtuosa.','¿Cuáles son los obstáculos principales que te impiden vivir según esta enseñanza? ¿Cómo podrías superarlos?','2025-08-30 18:22:06.300000','2025-08-30 18:22:06.300000'),(61,61,'Marzo','Conciencia y Atención Plena','La felicidad y la libertad comienzan con la clara comprensión de un principio: algunas cosas están bajo nuestro control y otras no.','Marco Aurelio','Esta enseñanza nos invita a reflexionar sobre la naturaleza del control y la aceptación. En nuestra vida diaria, constantemente enfrentamos situaciones que escapan a nuestro dominio, pero siempre tenemos la capacidad de elegir nuestra respuesta. Esta enseñanza de Marco Aurelio nos invita a profundizar en nuestra comprensión de la vida virtuosa.','¿Cómo puedes aplicar esta enseñanza en una situación específica que estés enfrentando actualmente?','2025-08-30 18:22:06.300000','2025-08-30 18:22:06.300000'),(62,62,'Marzo','Conciencia y Atención Plena','La mejor venganza es ser diferente a quien causó el daño.','Séneca','La filosofía estoica nos recuerda que nuestro verdadero poder reside en nuestras decisiones internas. Cada momento es una oportunidad para practicar la virtud y crecer como personas. Esta enseñanza de Séneca nos invita a profundizar en nuestra comprensión de la vida virtuosa.','Reflexiona sobre un momento reciente donde esta sabiduría podría haber cambiado tu perspectiva. ¿Qué aprendiste?','2025-08-30 18:22:06.301000','2025-08-30 18:22:06.301000'),(63,63,'Marzo','Conciencia y Atención Plena','No es que tengamos poco tiempo, es que perdemos mucho.','Epicteto','Esta sabiduría antigua sigue siendo relevante en nuestro mundo moderno. Nos enseña a encontrar paz en medio del caos y fortaleza en la adversidad. Esta enseñanza de Epicteto nos invita a profundizar en nuestra comprensión de la vida virtuosa.','¿Qué aspectos de tu vida diaria podrían beneficiarse de esta filosofía? Describe tres acciones concretas.','2025-08-30 18:22:06.301000','2025-08-30 18:22:06.301000'),(64,64,'Marzo','Conciencia y Atención Plena','Te conviertes en aquello a lo que prestas atención.','Zenón de Citio','La práctica estoica no se trata de suprimir emociones, sino de entenderlas y responder con sabiduría. Es un camino hacia la libertad interior. Esta enseñanza de Zenón de Citio nos invita a profundizar en nuestra comprensión de la vida virtuosa.','Piensa en alguien que admires por su sabiduría. ¿Cómo crees que aplicaría este principio en su vida?','2025-08-30 18:22:06.302000','2025-08-30 18:22:06.302000'),(65,65,'Marzo','Conciencia y Atención Plena','Tienes poder sobre tu mente, no sobre los acontecimientos externos. Date cuenta de esto y encontrarás fuerza.','Crisipo','Cada día tenemos la oportunidad de aplicar estos principios en nuestras relaciones, trabajo y desafíos personales. La filosofía estoica es práctica y transformadora. Esta enseñanza de Crisipo nos invita a profundizar en nuestra comprensión de la vida virtuosa.','¿Cuáles son los obstáculos principales que te impiden vivir según esta enseñanza? ¿Cómo podrías superarlos?','2025-08-30 18:22:06.302000','2025-08-30 18:22:06.302000'),(66,66,'Marzo','Conciencia y Atención Plena','La vida es muy corta para perderla en vanas esperanzas.','Marco Aurelio','Esta enseñanza nos invita a reflexionar sobre la naturaleza del control y la aceptación. En nuestra vida diaria, constantemente enfrentamos situaciones que escapan a nuestro dominio, pero siempre tenemos la capacidad de elegir nuestra respuesta. Esta enseñanza de Marco Aurelio nos invita a profundizar en nuestra comprensión de la vida virtuosa.','¿Cómo puedes aplicar esta enseñanza en una situación específica que estés enfrentando actualmente?','2025-08-30 18:22:06.303000','2025-08-30 18:22:06.303000'),(67,67,'Marzo','Conciencia y Atención Plena','No busques que los acontecimientos ocurran como tú quieres, sino acepta los acontecimientos como ocurren y todo irá bien.','Séneca','La filosofía estoica nos recuerda que nuestro verdadero poder reside en nuestras decisiones internas. Cada momento es una oportunidad para practicar la virtud y crecer como personas. Esta enseñanza de Séneca nos invita a profundizar en nuestra comprensión de la vida virtuosa.','Reflexiona sobre un momento reciente donde esta sabiduría podría haber cambiado tu perspectiva. ¿Qué aprendiste?','2025-08-30 18:22:06.304000','2025-08-30 18:22:06.304000'),(68,68,'Marzo','Conciencia y Atención Plena','Ningún hombre es libre si no es dueño de sí mismo.','Epicteto','Esta sabiduría antigua sigue siendo relevante en nuestro mundo moderno. Nos enseña a encontrar paz en medio del caos y fortaleza en la adversidad. Esta enseñanza de Epicteto nos invita a profundizar en nuestra comprensión de la vida virtuosa.','¿Qué aspectos de tu vida diaria podrían beneficiarse de esta filosofía? Describe tres acciones concretas.','2025-08-30 18:22:06.304000','2025-08-30 18:22:06.304000'),(69,69,'Marzo','Conciencia y Atención Plena','La riqueza consiste no en tener grandes posesiones, sino en tener pocas necesidades.','Zenón de Citio','La práctica estoica no se trata de suprimir emociones, sino de entenderlas y responder con sabiduría. Es un camino hacia la libertad interior. Esta enseñanza de Zenón de Citio nos invita a profundizar en nuestra comprensión de la vida virtuosa.','Piensa en alguien que admires por su sabiduría. ¿Cómo crees que aplicaría este principio en su vida?','2025-08-30 18:22:06.305000','2025-08-30 18:22:06.305000'),(70,70,'Marzo','Conciencia y Atención Plena','El sabio no se entristece por lo que no tiene, sino que se alegra por lo que tiene.','Crisipo','Cada día tenemos la oportunidad de aplicar estos principios en nuestras relaciones, trabajo y desafíos personales. La filosofía estoica es práctica y transformadora. Esta enseñanza de Crisipo nos invita a profundizar en nuestra comprensión de la vida virtuosa.','¿Cuáles son los obstáculos principales que te impiden vivir según esta enseñanza? ¿Cómo podrías superarlos?','2025-08-30 18:22:06.305000','2025-08-30 18:22:06.305000'),(71,71,'Marzo','Conciencia y Atención Plena','La virtud es el único bien verdadero.','Marco Aurelio','Esta enseñanza nos invita a reflexionar sobre la naturaleza del control y la aceptación. En nuestra vida diaria, constantemente enfrentamos situaciones que escapan a nuestro dominio, pero siempre tenemos la capacidad de elegir nuestra respuesta. Esta enseñanza de Marco Aurelio nos invita a profundizar en nuestra comprensión de la vida virtuosa.','¿Cómo puedes aplicar esta enseñanza en una situación específica que estés enfrentando actualmente?','2025-08-30 18:22:06.306000','2025-08-30 18:22:06.306000'),(72,72,'Marzo','Conciencia y Atención Plena','El presente es lo único que poseemos.','Séneca','La filosofía estoica nos recuerda que nuestro verdadero poder reside en nuestras decisiones internas. Cada momento es una oportunidad para practicar la virtud y crecer como personas. Esta enseñanza de Séneca nos invita a profundizar en nuestra comprensión de la vida virtuosa.','Reflexiona sobre un momento reciente donde esta sabiduría podría haber cambiado tu perspectiva. ¿Qué aprendiste?','2025-08-30 18:22:06.306000','2025-08-30 18:22:06.306000'),(73,73,'Marzo','Conciencia y Atención Plena','La paciencia es la compañera de la sabiduría.','Epicteto','Esta sabiduría antigua sigue siendo relevante en nuestro mundo moderno. Nos enseña a encontrar paz en medio del caos y fortaleza en la adversidad. Esta enseñanza de Epicteto nos invita a profundizar en nuestra comprensión de la vida virtuosa.','¿Qué aspectos de tu vida diaria podrían beneficiarse de esta filosofía? Describe tres acciones concretas.','2025-08-30 18:22:06.307000','2025-08-30 18:22:06.307000'),(74,74,'Marzo','Conciencia y Atención Plena','No hay viento favorable para el que no sabe a dónde va.','Zenón de Citio','La práctica estoica no se trata de suprimir emociones, sino de entenderlas y responder con sabiduría. Es un camino hacia la libertad interior. Esta enseñanza de Zenón de Citio nos invita a profundizar en nuestra comprensión de la vida virtuosa.','Piensa en alguien que admires por su sabiduría. ¿Cómo crees que aplicaría este principio en su vida?','2025-08-30 18:22:06.307000','2025-08-30 18:22:06.307000'),(75,75,'Marzo','Conciencia y Atención Plena','La ira es una locura momentánea.','Crisipo','Cada día tenemos la oportunidad de aplicar estos principios en nuestras relaciones, trabajo y desafíos personales. La filosofía estoica es práctica y transformadora. Esta enseñanza de Crisipo nos invita a profundizar en nuestra comprensión de la vida virtuosa.','¿Cuáles son los obstáculos principales que te impiden vivir según esta enseñanza? ¿Cómo podrías superarlos?','2025-08-30 18:22:06.308000','2025-08-30 18:22:06.308000'),(76,76,'Marzo','Conciencia y Atención Plena','El dolor es inevitable, el sufrimiento es opcional.','Marco Aurelio','Esta enseñanza nos invita a reflexionar sobre la naturaleza del control y la aceptación. En nuestra vida diaria, constantemente enfrentamos situaciones que escapan a nuestro dominio, pero siempre tenemos la capacidad de elegir nuestra respuesta. Esta enseñanza de Marco Aurelio nos invita a profundizar en nuestra comprensión de la vida virtuosa.','¿Cómo puedes aplicar esta enseñanza en una situación específica que estés enfrentando actualmente?','2025-08-30 18:22:06.308000','2025-08-30 18:22:06.308000'),(77,77,'Marzo','Conciencia y Atención Plena','La muerte no es lo contrario de la vida, sino parte de ella.','Séneca','La filosofía estoica nos recuerda que nuestro verdadero poder reside en nuestras decisiones internas. Cada momento es una oportunidad para practicar la virtud y crecer como personas. Esta enseñanza de Séneca nos invita a profundizar en nuestra comprensión de la vida virtuosa.','Reflexiona sobre un momento reciente donde esta sabiduría podría haber cambiado tu perspectiva. ¿Qué aprendiste?','2025-08-30 18:22:06.309000','2025-08-30 18:22:06.309000'),(78,78,'Marzo','Conciencia y Atención Plena','La verdadera felicidad es disfrutar el presente sin depender ansiosamente del futuro.','Epicteto','Esta sabiduría antigua sigue siendo relevante en nuestro mundo moderno. Nos enseña a encontrar paz en medio del caos y fortaleza en la adversidad. Esta enseñanza de Epicteto nos invita a profundizar en nuestra comprensión de la vida virtuosa.','¿Qué aspectos de tu vida diaria podrían beneficiarse de esta filosofía? Describe tres acciones concretas.','2025-08-30 18:22:06.309000','2025-08-30 18:22:06.309000'),(79,79,'Marzo','Conciencia y Atención Plena','No podemos dirigir el viento, pero sí ajustar las velas.','Zenón de Citio','La práctica estoica no se trata de suprimir emociones, sino de entenderlas y responder con sabiduría. Es un camino hacia la libertad interior. Esta enseñanza de Zenón de Citio nos invita a profundizar en nuestra comprensión de la vida virtuosa.','Piensa en alguien que admires por su sabiduría. ¿Cómo crees que aplicaría este principio en su vida?','2025-08-30 18:22:06.310000','2025-08-30 18:22:06.310000'),(80,80,'Marzo','Conciencia y Atención Plena','La sabiduría comienza en el asombro.','Crisipo','Cada día tenemos la oportunidad de aplicar estos principios en nuestras relaciones, trabajo y desafíos personales. La filosofía estoica es práctica y transformadora. Esta enseñanza de Crisipo nos invita a profundizar en nuestra comprensión de la vida virtuosa.','¿Cuáles son los obstáculos principales que te impiden vivir según esta enseñanza? ¿Cómo podrías superarlos?','2025-08-30 18:22:06.311000','2025-08-30 18:22:06.311000'),(81,81,'Marzo','Conciencia y Atención Plena','La felicidad y la libertad comienzan con la clara comprensión de un principio: algunas cosas están bajo nuestro control y otras no.','Marco Aurelio','Esta enseñanza nos invita a reflexionar sobre la naturaleza del control y la aceptación. En nuestra vida diaria, constantemente enfrentamos situaciones que escapan a nuestro dominio, pero siempre tenemos la capacidad de elegir nuestra respuesta. Esta enseñanza de Marco Aurelio nos invita a profundizar en nuestra comprensión de la vida virtuosa.','¿Cómo puedes aplicar esta enseñanza en una situación específica que estés enfrentando actualmente?','2025-08-30 18:22:06.311000','2025-08-30 18:22:06.311000'),(82,82,'Marzo','Conciencia y Atención Plena','La mejor venganza es ser diferente a quien causó el daño.','Séneca','La filosofía estoica nos recuerda que nuestro verdadero poder reside en nuestras decisiones internas. Cada momento es una oportunidad para practicar la virtud y crecer como personas. Esta enseñanza de Séneca nos invita a profundizar en nuestra comprensión de la vida virtuosa.','Reflexiona sobre un momento reciente donde esta sabiduría podría haber cambiado tu perspectiva. ¿Qué aprendiste?','2025-08-30 18:22:06.312000','2025-08-30 18:22:06.312000'),(83,83,'Marzo','Conciencia y Atención Plena','No es que tengamos poco tiempo, es que perdemos mucho.','Epicteto','Esta sabiduría antigua sigue siendo relevante en nuestro mundo moderno. Nos enseña a encontrar paz en medio del caos y fortaleza en la adversidad. Esta enseñanza de Epicteto nos invita a profundizar en nuestra comprensión de la vida virtuosa.','¿Qué aspectos de tu vida diaria podrían beneficiarse de esta filosofía? Describe tres acciones concretas.','2025-08-30 18:22:06.312000','2025-08-30 18:22:06.312000'),(84,84,'Marzo','Conciencia y Atención Plena','Te conviertes en aquello a lo que prestas atención.','Zenón de Citio','La práctica estoica no se trata de suprimir emociones, sino de entenderlas y responder con sabiduría. Es un camino hacia la libertad interior. Esta enseñanza de Zenón de Citio nos invita a profundizar en nuestra comprensión de la vida virtuosa.','Piensa en alguien que admires por su sabiduría. ¿Cómo crees que aplicaría este principio en su vida?','2025-08-30 18:22:06.313000','2025-08-30 18:22:06.313000'),(85,85,'Marzo','Conciencia y Atención Plena','Tienes poder sobre tu mente, no sobre los acontecimientos externos. Date cuenta de esto y encontrarás fuerza.','Crisipo','Cada día tenemos la oportunidad de aplicar estos principios en nuestras relaciones, trabajo y desafíos personales. La filosofía estoica es práctica y transformadora. Esta enseñanza de Crisipo nos invita a profundizar en nuestra comprensión de la vida virtuosa.','¿Cuáles son los obstáculos principales que te impiden vivir según esta enseñanza? ¿Cómo podrías superarlos?','2025-08-30 18:22:06.314000','2025-08-30 18:22:06.314000'),(86,86,'Marzo','Conciencia y Atención Plena','La vida es muy corta para perderla en vanas esperanzas.','Marco Aurelio','Esta enseñanza nos invita a reflexionar sobre la naturaleza del control y la aceptación. En nuestra vida diaria, constantemente enfrentamos situaciones que escapan a nuestro dominio, pero siempre tenemos la capacidad de elegir nuestra respuesta. Esta enseñanza de Marco Aurelio nos invita a profundizar en nuestra comprensión de la vida virtuosa.','¿Cómo puedes aplicar esta enseñanza en una situación específica que estés enfrentando actualmente?','2025-08-30 18:22:06.314000','2025-08-30 18:22:06.314000'),(87,87,'Marzo','Conciencia y Atención Plena','No busques que los acontecimientos ocurran como tú quieres, sino acepta los acontecimientos como ocurren y todo irá bien.','Séneca','La filosofía estoica nos recuerda que nuestro verdadero poder reside en nuestras decisiones internas. Cada momento es una oportunidad para practicar la virtud y crecer como personas. Esta enseñanza de Séneca nos invita a profundizar en nuestra comprensión de la vida virtuosa.','Reflexiona sobre un momento reciente donde esta sabiduría podría haber cambiado tu perspectiva. ¿Qué aprendiste?','2025-08-30 18:22:06.315000','2025-08-30 18:22:06.315000'),(88,88,'Marzo','Conciencia y Atención Plena','Ningún hombre es libre si no es dueño de sí mismo.','Epicteto','Esta sabiduría antigua sigue siendo relevante en nuestro mundo moderno. Nos enseña a encontrar paz en medio del caos y fortaleza en la adversidad. Esta enseñanza de Epicteto nos invita a profundizar en nuestra comprensión de la vida virtuosa.','¿Qué aspectos de tu vida diaria podrían beneficiarse de esta filosofía? Describe tres acciones concretas.','2025-08-30 18:22:06.316000','2025-08-30 18:22:06.316000'),(89,89,'Marzo','Conciencia y Atención Plena','La riqueza consiste no en tener grandes posesiones, sino en tener pocas necesidades.','Zenón de Citio','La práctica estoica no se trata de suprimir emociones, sino de entenderlas y responder con sabiduría. Es un camino hacia la libertad interior. Esta enseñanza de Zenón de Citio nos invita a profundizar en nuestra comprensión de la vida virtuosa.','Piensa en alguien que admires por su sabiduría. ¿Cómo crees que aplicaría este principio en su vida?','2025-08-30 18:22:06.316000','2025-08-30 18:22:06.316000'),(90,90,'Marzo','Conciencia y Atención Plena','El sabio no se entristece por lo que no tiene, sino que se alegra por lo que tiene.','Crisipo','Cada día tenemos la oportunidad de aplicar estos principios en nuestras relaciones, trabajo y desafíos personales. La filosofía estoica es práctica y transformadora. Esta enseñanza de Crisipo nos invita a profundizar en nuestra comprensión de la vida virtuosa.','¿Cuáles son los obstáculos principales que te impiden vivir según esta enseñanza? ¿Cómo podrías superarlos?','2025-08-30 18:22:06.317000','2025-08-30 18:22:06.317000'),(91,91,'Abril','Acción Correcta','La virtud es el único bien verdadero.','Marco Aurelio','Esta enseñanza nos invita a reflexionar sobre la naturaleza del control y la aceptación. En nuestra vida diaria, constantemente enfrentamos situaciones que escapan a nuestro dominio, pero siempre tenemos la capacidad de elegir nuestra respuesta. Esta enseñanza de Marco Aurelio nos invita a profundizar en nuestra comprensión de la vida virtuosa.','¿Cómo puedes aplicar esta enseñanza en una situación específica que estés enfrentando actualmente?','2025-08-30 18:22:06.317000','2025-08-30 18:22:06.317000'),(92,92,'Abril','Acción Correcta','El presente es lo único que poseemos.','Séneca','La filosofía estoica nos recuerda que nuestro verdadero poder reside en nuestras decisiones internas. Cada momento es una oportunidad para practicar la virtud y crecer como personas. Esta enseñanza de Séneca nos invita a profundizar en nuestra comprensión de la vida virtuosa.','Reflexiona sobre un momento reciente donde esta sabiduría podría haber cambiado tu perspectiva. ¿Qué aprendiste?','2025-08-30 18:22:06.318000','2025-08-30 18:22:06.318000'),(93,93,'Abril','Acción Correcta','La paciencia es la compañera de la sabiduría.','Epicteto','Esta sabiduría antigua sigue siendo relevante en nuestro mundo moderno. Nos enseña a encontrar paz en medio del caos y fortaleza en la adversidad. Esta enseñanza de Epicteto nos invita a profundizar en nuestra comprensión de la vida virtuosa.','¿Qué aspectos de tu vida diaria podrían beneficiarse de esta filosofía? Describe tres acciones concretas.','2025-08-30 18:22:06.318000','2025-08-30 18:22:06.318000'),(94,94,'Abril','Acción Correcta','No hay viento favorable para el que no sabe a dónde va.','Zenón de Citio','La práctica estoica no se trata de suprimir emociones, sino de entenderlas y responder con sabiduría. Es un camino hacia la libertad interior. Esta enseñanza de Zenón de Citio nos invita a profundizar en nuestra comprensión de la vida virtuosa.','Piensa en alguien que admires por su sabiduría. ¿Cómo crees que aplicaría este principio en su vida?','2025-08-30 18:22:06.319000','2025-08-30 18:22:06.319000'),(95,95,'Abril','Acción Correcta','La ira es una locura momentánea.','Crisipo','Cada día tenemos la oportunidad de aplicar estos principios en nuestras relaciones, trabajo y desafíos personales. La filosofía estoica es práctica y transformadora. Esta enseñanza de Crisipo nos invita a profundizar en nuestra comprensión de la vida virtuosa.','¿Cuáles son los obstáculos principales que te impiden vivir según esta enseñanza? ¿Cómo podrías superarlos?','2025-08-30 18:22:06.319000','2025-08-30 18:22:06.319000'),(96,96,'Abril','Acción Correcta','El dolor es inevitable, el sufrimiento es opcional.','Marco Aurelio','Esta enseñanza nos invita a reflexionar sobre la naturaleza del control y la aceptación. En nuestra vida diaria, constantemente enfrentamos situaciones que escapan a nuestro dominio, pero siempre tenemos la capacidad de elegir nuestra respuesta. Esta enseñanza de Marco Aurelio nos invita a profundizar en nuestra comprensión de la vida virtuosa.','¿Cómo puedes aplicar esta enseñanza en una situación específica que estés enfrentando actualmente?','2025-08-30 18:22:06.320000','2025-08-30 18:22:06.320000'),(97,97,'Abril','Acción Correcta','La muerte no es lo contrario de la vida, sino parte de ella.','Séneca','La filosofía estoica nos recuerda que nuestro verdadero poder reside en nuestras decisiones internas. Cada momento es una oportunidad para practicar la virtud y crecer como personas. Esta enseñanza de Séneca nos invita a profundizar en nuestra comprensión de la vida virtuosa.','Reflexiona sobre un momento reciente donde esta sabiduría podría haber cambiado tu perspectiva. ¿Qué aprendiste?','2025-08-30 18:22:06.320000','2025-08-30 18:22:06.320000'),(98,98,'Abril','Acción Correcta','La verdadera felicidad es disfrutar el presente sin depender ansiosamente del futuro.','Epicteto','Esta sabiduría antigua sigue siendo relevante en nuestro mundo moderno. Nos enseña a encontrar paz en medio del caos y fortaleza en la adversidad. Esta enseñanza de Epicteto nos invita a profundizar en nuestra comprensión de la vida virtuosa.','¿Qué aspectos de tu vida diaria podrían beneficiarse de esta filosofía? Describe tres acciones concretas.','2025-08-30 18:22:06.321000','2025-08-30 18:22:06.321000'),(99,99,'Abril','Acción Correcta','No podemos dirigir el viento, pero sí ajustar las velas.','Zenón de Citio','La práctica estoica no se trata de suprimir emociones, sino de entenderlas y responder con sabiduría. Es un camino hacia la libertad interior. Esta enseñanza de Zenón de Citio nos invita a profundizar en nuestra comprensión de la vida virtuosa.','Piensa en alguien que admires por su sabiduría. ¿Cómo crees que aplicaría este principio en su vida?','2025-08-30 18:22:06.322000','2025-08-30 18:22:06.322000'),(100,100,'Abril','Acción Correcta','La sabiduría comienza en el asombro.','Crisipo','Cada día tenemos la oportunidad de aplicar estos principios en nuestras relaciones, trabajo y desafíos personales. La filosofía estoica es práctica y transformadora. Esta enseñanza de Crisipo nos invita a profundizar en nuestra comprensión de la vida virtuosa.','¿Cuáles son los obstáculos principales que te impiden vivir según esta enseñanza? ¿Cómo podrías superarlos?','2025-08-30 18:22:06.322000','2025-08-30 18:22:06.322000'),(101,101,'Abril','Acción Correcta','La felicidad y la libertad comienzan con la clara comprensión de un principio: algunas cosas están bajo nuestro control y otras no.','Marco Aurelio','Esta enseñanza nos invita a reflexionar sobre la naturaleza del control y la aceptación. En nuestra vida diaria, constantemente enfrentamos situaciones que escapan a nuestro dominio, pero siempre tenemos la capacidad de elegir nuestra respuesta. Esta enseñanza de Marco Aurelio nos invita a profundizar en nuestra comprensión de la vida virtuosa.','¿Cómo puedes aplicar esta enseñanza en una situación específica que estés enfrentando actualmente?','2025-08-30 18:22:06.323000','2025-08-30 18:22:06.323000'),(102,102,'Abril','Acción Correcta','La mejor venganza es ser diferente a quien causó el daño.','Séneca','La filosofía estoica nos recuerda que nuestro verdadero poder reside en nuestras decisiones internas. Cada momento es una oportunidad para practicar la virtud y crecer como personas. Esta enseñanza de Séneca nos invita a profundizar en nuestra comprensión de la vida virtuosa.','Reflexiona sobre un momento reciente donde esta sabiduría podría haber cambiado tu perspectiva. ¿Qué aprendiste?','2025-08-30 18:22:06.323000','2025-08-30 18:22:06.323000'),(103,103,'Abril','Acción Correcta','No es que tengamos poco tiempo, es que perdemos mucho.','Epicteto','Esta sabiduría antigua sigue siendo relevante en nuestro mundo moderno. Nos enseña a encontrar paz en medio del caos y fortaleza en la adversidad. Esta enseñanza de Epicteto nos invita a profundizar en nuestra comprensión de la vida virtuosa.','¿Qué aspectos de tu vida diaria podrían beneficiarse de esta filosofía? Describe tres acciones concretas.','2025-08-30 18:22:06.324000','2025-08-30 18:22:06.324000'),(104,104,'Abril','Acción Correcta','Te conviertes en aquello a lo que prestas atención.','Zenón de Citio','La práctica estoica no se trata de suprimir emociones, sino de entenderlas y responder con sabiduría. Es un camino hacia la libertad interior. Esta enseñanza de Zenón de Citio nos invita a profundizar en nuestra comprensión de la vida virtuosa.','Piensa en alguien que admires por su sabiduría. ¿Cómo crees que aplicaría este principio en su vida?','2025-08-30 18:22:06.324000','2025-08-30 18:22:06.324000'),(105,105,'Abril','Acción Correcta','Tienes poder sobre tu mente, no sobre los acontecimientos externos. Date cuenta de esto y encontrarás fuerza.','Crisipo','Cada día tenemos la oportunidad de aplicar estos principios en nuestras relaciones, trabajo y desafíos personales. La filosofía estoica es práctica y transformadora. Esta enseñanza de Crisipo nos invita a profundizar en nuestra comprensión de la vida virtuosa.','¿Cuáles son los obstáculos principales que te impiden vivir según esta enseñanza? ¿Cómo podrías superarlos?','2025-08-30 18:22:06.325000','2025-08-30 18:22:06.325000'),(106,106,'Abril','Acción Correcta','La vida es muy corta para perderla en vanas esperanzas.','Marco Aurelio','Esta enseñanza nos invita a reflexionar sobre la naturaleza del control y la aceptación. En nuestra vida diaria, constantemente enfrentamos situaciones que escapan a nuestro dominio, pero siempre tenemos la capacidad de elegir nuestra respuesta. Esta enseñanza de Marco Aurelio nos invita a profundizar en nuestra comprensión de la vida virtuosa.','¿Cómo puedes aplicar esta enseñanza en una situación específica que estés enfrentando actualmente?','2025-08-30 18:22:06.325000','2025-08-30 18:22:06.325000'),(107,107,'Abril','Acción Correcta','No busques que los acontecimientos ocurran como tú quieres, sino acepta los acontecimientos como ocurren y todo irá bien.','Séneca','La filosofía estoica nos recuerda que nuestro verdadero poder reside en nuestras decisiones internas. Cada momento es una oportunidad para practicar la virtud y crecer como personas. Esta enseñanza de Séneca nos invita a profundizar en nuestra comprensión de la vida virtuosa.','Reflexiona sobre un momento reciente donde esta sabiduría podría haber cambiado tu perspectiva. ¿Qué aprendiste?','2025-08-30 18:22:06.326000','2025-08-30 18:22:06.326000'),(108,108,'Abril','Acción Correcta','Ningún hombre es libre si no es dueño de sí mismo.','Epicteto','Esta sabiduría antigua sigue siendo relevante en nuestro mundo moderno. Nos enseña a encontrar paz en medio del caos y fortaleza en la adversidad. Esta enseñanza de Epicteto nos invita a profundizar en nuestra comprensión de la vida virtuosa.','¿Qué aspectos de tu vida diaria podrían beneficiarse de esta filosofía? Describe tres acciones concretas.','2025-08-30 18:22:06.326000','2025-08-30 18:22:06.326000'),(109,109,'Abril','Acción Correcta','La riqueza consiste no en tener grandes posesiones, sino en tener pocas necesidades.','Zenón de Citio','La práctica estoica no se trata de suprimir emociones, sino de entenderlas y responder con sabiduría. Es un camino hacia la libertad interior. Esta enseñanza de Zenón de Citio nos invita a profundizar en nuestra comprensión de la vida virtuosa.','Piensa en alguien que admires por su sabiduría. ¿Cómo crees que aplicaría este principio en su vida?','2025-08-30 18:22:06.327000','2025-08-30 18:22:06.327000'),(110,110,'Abril','Acción Correcta','El sabio no se entristece por lo que no tiene, sino que se alegra por lo que tiene.','Crisipo','Cada día tenemos la oportunidad de aplicar estos principios en nuestras relaciones, trabajo y desafíos personales. La filosofía estoica es práctica y transformadora. Esta enseñanza de Crisipo nos invita a profundizar en nuestra comprensión de la vida virtuosa.','¿Cuáles son los obstáculos principales que te impiden vivir según esta enseñanza? ¿Cómo podrías superarlos?','2025-08-30 18:22:06.327000','2025-08-30 18:22:06.327000'),(111,111,'Abril','Acción Correcta','La virtud es el único bien verdadero.','Marco Aurelio','Esta enseñanza nos invita a reflexionar sobre la naturaleza del control y la aceptación. En nuestra vida diaria, constantemente enfrentamos situaciones que escapan a nuestro dominio, pero siempre tenemos la capacidad de elegir nuestra respuesta. Esta enseñanza de Marco Aurelio nos invita a profundizar en nuestra comprensión de la vida virtuosa.','¿Cómo puedes aplicar esta enseñanza en una situación específica que estés enfrentando actualmente?','2025-08-30 18:22:06.328000','2025-08-30 18:22:06.328000'),(112,112,'Abril','Acción Correcta','El presente es lo único que poseemos.','Séneca','La filosofía estoica nos recuerda que nuestro verdadero poder reside en nuestras decisiones internas. Cada momento es una oportunidad para practicar la virtud y crecer como personas. Esta enseñanza de Séneca nos invita a profundizar en nuestra comprensión de la vida virtuosa.','Reflexiona sobre un momento reciente donde esta sabiduría podría haber cambiado tu perspectiva. ¿Qué aprendiste?','2025-08-30 18:22:06.329000','2025-08-30 18:22:06.329000'),(113,113,'Abril','Acción Correcta','La paciencia es la compañera de la sabiduría.','Epicteto','Esta sabiduría antigua sigue siendo relevante en nuestro mundo moderno. Nos enseña a encontrar paz en medio del caos y fortaleza en la adversidad. Esta enseñanza de Epicteto nos invita a profundizar en nuestra comprensión de la vida virtuosa.','¿Qué aspectos de tu vida diaria podrían beneficiarse de esta filosofía? Describe tres acciones concretas.','2025-08-30 18:22:06.329000','2025-08-30 18:22:06.329000'),(114,114,'Abril','Acción Correcta','No hay viento favorable para el que no sabe a dónde va.','Zenón de Citio','La práctica estoica no se trata de suprimir emociones, sino de entenderlas y responder con sabiduría. Es un camino hacia la libertad interior. Esta enseñanza de Zenón de Citio nos invita a profundizar en nuestra comprensión de la vida virtuosa.','Piensa en alguien que admires por su sabiduría. ¿Cómo crees que aplicaría este principio en su vida?','2025-08-30 18:22:06.330000','2025-08-30 18:22:06.330000'),(115,115,'Abril','Acción Correcta','La ira es una locura momentánea.','Crisipo','Cada día tenemos la oportunidad de aplicar estos principios en nuestras relaciones, trabajo y desafíos personales. La filosofía estoica es práctica y transformadora. Esta enseñanza de Crisipo nos invita a profundizar en nuestra comprensión de la vida virtuosa.','¿Cuáles son los obstáculos principales que te impiden vivir según esta enseñanza? ¿Cómo podrías superarlos?','2025-08-30 18:22:06.331000','2025-08-30 18:22:06.331000'),(116,116,'Abril','Acción Correcta','El dolor es inevitable, el sufrimiento es opcional.','Marco Aurelio','Esta enseñanza nos invita a reflexionar sobre la naturaleza del control y la aceptación. En nuestra vida diaria, constantemente enfrentamos situaciones que escapan a nuestro dominio, pero siempre tenemos la capacidad de elegir nuestra respuesta. Esta enseñanza de Marco Aurelio nos invita a profundizar en nuestra comprensión de la vida virtuosa.','¿Cómo puedes aplicar esta enseñanza en una situación específica que estés enfrentando actualmente?','2025-08-30 18:22:06.331000','2025-08-30 18:22:06.331000'),(117,117,'Abril','Acción Correcta','La muerte no es lo contrario de la vida, sino parte de ella.','Séneca','La filosofía estoica nos recuerda que nuestro verdadero poder reside en nuestras decisiones internas. Cada momento es una oportunidad para practicar la virtud y crecer como personas. Esta enseñanza de Séneca nos invita a profundizar en nuestra comprensión de la vida virtuosa.','Reflexiona sobre un momento reciente donde esta sabiduría podría haber cambiado tu perspectiva. ¿Qué aprendiste?','2025-08-30 18:22:06.332000','2025-08-30 18:22:06.332000'),(118,118,'Abril','Acción Correcta','La verdadera felicidad es disfrutar el presente sin depender ansiosamente del futuro.','Epicteto','Esta sabiduría antigua sigue siendo relevante en nuestro mundo moderno. Nos enseña a encontrar paz en medio del caos y fortaleza en la adversidad. Esta enseñanza de Epicteto nos invita a profundizar en nuestra comprensión de la vida virtuosa.','¿Qué aspectos de tu vida diaria podrían beneficiarse de esta filosofía? Describe tres acciones concretas.','2025-08-30 18:22:06.332000','2025-08-30 18:22:06.332000'),(119,119,'Abril','Acción Correcta','No podemos dirigir el viento, pero sí ajustar las velas.','Zenón de Citio','La práctica estoica no se trata de suprimir emociones, sino de entenderlas y responder con sabiduría. Es un camino hacia la libertad interior. Esta enseñanza de Zenón de Citio nos invita a profundizar en nuestra comprensión de la vida virtuosa.','Piensa en alguien que admires por su sabiduría. ¿Cómo crees que aplicaría este principio en su vida?','2025-08-30 18:22:06.333000','2025-08-30 18:22:06.333000'),(120,120,'Abril','Acción Correcta','La sabiduría comienza en el asombro.','Crisipo','Cada día tenemos la oportunidad de aplicar estos principios en nuestras relaciones, trabajo y desafíos personales. La filosofía estoica es práctica y transformadora. Esta enseñanza de Crisipo nos invita a profundizar en nuestra comprensión de la vida virtuosa.','¿Cuáles son los obstáculos principales que te impiden vivir según esta enseñanza? ¿Cómo podrías superarlos?','2025-08-30 18:22:06.333000','2025-08-30 18:22:06.333000'),(121,121,'Mayo','Virtud y Carácter','La felicidad y la libertad comienzan con la clara comprensión de un principio: algunas cosas están bajo nuestro control y otras no.','Marco Aurelio','Esta enseñanza nos invita a reflexionar sobre la naturaleza del control y la aceptación. En nuestra vida diaria, constantemente enfrentamos situaciones que escapan a nuestro dominio, pero siempre tenemos la capacidad de elegir nuestra respuesta. Esta enseñanza de Marco Aurelio nos invita a profundizar en nuestra comprensión de la vida virtuosa.','¿Cómo puedes aplicar esta enseñanza en una situación específica que estés enfrentando actualmente?','2025-08-30 18:22:06.334000','2025-08-30 18:22:06.334000'),(122,122,'Mayo','Virtud y Carácter','La mejor venganza es ser diferente a quien causó el daño.','Séneca','La filosofía estoica nos recuerda que nuestro verdadero poder reside en nuestras decisiones internas. Cada momento es una oportunidad para practicar la virtud y crecer como personas. Esta enseñanza de Séneca nos invita a profundizar en nuestra comprensión de la vida virtuosa.','Reflexiona sobre un momento reciente donde esta sabiduría podría haber cambiado tu perspectiva. ¿Qué aprendiste?','2025-08-30 18:22:06.334000','2025-08-30 18:22:06.334000'),(123,123,'Mayo','Virtud y Carácter','No es que tengamos poco tiempo, es que perdemos mucho.','Epicteto','Esta sabiduría antigua sigue siendo relevante en nuestro mundo moderno. Nos enseña a encontrar paz en medio del caos y fortaleza en la adversidad. Esta enseñanza de Epicteto nos invita a profundizar en nuestra comprensión de la vida virtuosa.','¿Qué aspectos de tu vida diaria podrían beneficiarse de esta filosofía? Describe tres acciones concretas.','2025-08-30 18:22:06.335000','2025-08-30 18:22:06.335000'),(124,124,'Mayo','Virtud y Carácter','Te conviertes en aquello a lo que prestas atención.','Zenón de Citio','La práctica estoica no se trata de suprimir emociones, sino de entenderlas y responder con sabiduría. Es un camino hacia la libertad interior. Esta enseñanza de Zenón de Citio nos invita a profundizar en nuestra comprensión de la vida virtuosa.','Piensa en alguien que admires por su sabiduría. ¿Cómo crees que aplicaría este principio en su vida?','2025-08-30 18:22:06.335000','2025-08-30 18:22:06.335000'),(125,125,'Mayo','Virtud y Carácter','Tienes poder sobre tu mente, no sobre los acontecimientos externos. Date cuenta de esto y encontrarás fuerza.','Crisipo','Cada día tenemos la oportunidad de aplicar estos principios en nuestras relaciones, trabajo y desafíos personales. La filosofía estoica es práctica y transformadora. Esta enseñanza de Crisipo nos invita a profundizar en nuestra comprensión de la vida virtuosa.','¿Cuáles son los obstáculos principales que te impiden vivir según esta enseñanza? ¿Cómo podrías superarlos?','2025-08-30 18:22:06.336000','2025-08-30 18:22:06.336000'),(126,126,'Mayo','Virtud y Carácter','La vida es muy corta para perderla en vanas esperanzas.','Marco Aurelio','Esta enseñanza nos invita a reflexionar sobre la naturaleza del control y la aceptación. En nuestra vida diaria, constantemente enfrentamos situaciones que escapan a nuestro dominio, pero siempre tenemos la capacidad de elegir nuestra respuesta. Esta enseñanza de Marco Aurelio nos invita a profundizar en nuestra comprensión de la vida virtuosa.','¿Cómo puedes aplicar esta enseñanza en una situación específica que estés enfrentando actualmente?','2025-08-30 18:22:06.337000','2025-08-30 18:22:06.337000'),(127,127,'Mayo','Virtud y Carácter','No busques que los acontecimientos ocurran como tú quieres, sino acepta los acontecimientos como ocurren y todo irá bien.','Séneca','La filosofía estoica nos recuerda que nuestro verdadero poder reside en nuestras decisiones internas. Cada momento es una oportunidad para practicar la virtud y crecer como personas. Esta enseñanza de Séneca nos invita a profundizar en nuestra comprensión de la vida virtuosa.','Reflexiona sobre un momento reciente donde esta sabiduría podría haber cambiado tu perspectiva. ¿Qué aprendiste?','2025-08-30 18:22:06.337000','2025-08-30 18:22:06.337000'),(128,128,'Mayo','Virtud y Carácter','Ningún hombre es libre si no es dueño de sí mismo.','Epicteto','Esta sabiduría antigua sigue siendo relevante en nuestro mundo moderno. Nos enseña a encontrar paz en medio del caos y fortaleza en la adversidad. Esta enseñanza de Epicteto nos invita a profundizar en nuestra comprensión de la vida virtuosa.','¿Qué aspectos de tu vida diaria podrían beneficiarse de esta filosofía? Describe tres acciones concretas.','2025-08-30 18:22:06.338000','2025-08-30 18:22:06.338000'),(129,129,'Mayo','Virtud y Carácter','La riqueza consiste no en tener grandes posesiones, sino en tener pocas necesidades.','Zenón de Citio','La práctica estoica no se trata de suprimir emociones, sino de entenderlas y responder con sabiduría. Es un camino hacia la libertad interior. Esta enseñanza de Zenón de Citio nos invita a profundizar en nuestra comprensión de la vida virtuosa.','Piensa en alguien que admires por su sabiduría. ¿Cómo crees que aplicaría este principio en su vida?','2025-08-30 18:22:06.338000','2025-08-30 18:22:06.338000'),(130,130,'Mayo','Virtud y Carácter','El sabio no se entristece por lo que no tiene, sino que se alegra por lo que tiene.','Crisipo','Cada día tenemos la oportunidad de aplicar estos principios en nuestras relaciones, trabajo y desafíos personales. La filosofía estoica es práctica y transformadora. Esta enseñanza de Crisipo nos invita a profundizar en nuestra comprensión de la vida virtuosa.','¿Cuáles son los obstáculos principales que te impiden vivir según esta enseñanza? ¿Cómo podrías superarlos?','2025-08-30 18:22:06.339000','2025-08-30 18:22:06.339000'),(131,131,'Mayo','Virtud y Carácter','La virtud es el único bien verdadero.','Marco Aurelio','Esta enseñanza nos invita a reflexionar sobre la naturaleza del control y la aceptación. En nuestra vida diaria, constantemente enfrentamos situaciones que escapan a nuestro dominio, pero siempre tenemos la capacidad de elegir nuestra respuesta. Esta enseñanza de Marco Aurelio nos invita a profundizar en nuestra comprensión de la vida virtuosa.','¿Cómo puedes aplicar esta enseñanza en una situación específica que estés enfrentando actualmente?','2025-08-30 18:22:06.339000','2025-08-30 18:22:06.339000'),(132,132,'Mayo','Virtud y Carácter','El presente es lo único que poseemos.','Séneca','La filosofía estoica nos recuerda que nuestro verdadero poder reside en nuestras decisiones internas. Cada momento es una oportunidad para practicar la virtud y crecer como personas. Esta enseñanza de Séneca nos invita a profundizar en nuestra comprensión de la vida virtuosa.','Reflexiona sobre un momento reciente donde esta sabiduría podría haber cambiado tu perspectiva. ¿Qué aprendiste?','2025-08-30 18:22:06.340000','2025-08-30 18:22:06.340000'),(133,133,'Mayo','Virtud y Carácter','La paciencia es la compañera de la sabiduría.','Epicteto','Esta sabiduría antigua sigue siendo relevante en nuestro mundo moderno. Nos enseña a encontrar paz en medio del caos y fortaleza en la adversidad. Esta enseñanza de Epicteto nos invita a profundizar en nuestra comprensión de la vida virtuosa.','¿Qué aspectos de tu vida diaria podrían beneficiarse de esta filosofía? Describe tres acciones concretas.','2025-08-30 18:22:06.340000','2025-08-30 18:22:06.340000'),(134,134,'Mayo','Virtud y Carácter','No hay viento favorable para el que no sabe a dónde va.','Zenón de Citio','La práctica estoica no se trata de suprimir emociones, sino de entenderlas y responder con sabiduría. Es un camino hacia la libertad interior. Esta enseñanza de Zenón de Citio nos invita a profundizar en nuestra comprensión de la vida virtuosa.','Piensa en alguien que admires por su sabiduría. ¿Cómo crees que aplicaría este principio en su vida?','2025-08-30 18:22:06.341000','2025-08-30 18:22:06.341000'),(135,135,'Mayo','Virtud y Carácter','La ira es una locura momentánea.','Crisipo','Cada día tenemos la oportunidad de aplicar estos principios en nuestras relaciones, trabajo y desafíos personales. La filosofía estoica es práctica y transformadora. Esta enseñanza de Crisipo nos invita a profundizar en nuestra comprensión de la vida virtuosa.','¿Cuáles son los obstáculos principales que te impiden vivir según esta enseñanza? ¿Cómo podrías superarlos?','2025-08-30 18:22:06.341000','2025-08-30 18:22:06.341000'),(136,136,'Mayo','Virtud y Carácter','El dolor es inevitable, el sufrimiento es opcional.','Marco Aurelio','Esta enseñanza nos invita a reflexionar sobre la naturaleza del control y la aceptación. En nuestra vida diaria, constantemente enfrentamos situaciones que escapan a nuestro dominio, pero siempre tenemos la capacidad de elegir nuestra respuesta. Esta enseñanza de Marco Aurelio nos invita a profundizar en nuestra comprensión de la vida virtuosa.','¿Cómo puedes aplicar esta enseñanza en una situación específica que estés enfrentando actualmente?','2025-08-30 18:22:06.342000','2025-08-30 18:22:06.342000'),(137,137,'Mayo','Virtud y Carácter','La muerte no es lo contrario de la vida, sino parte de ella.','Séneca','La filosofía estoica nos recuerda que nuestro verdadero poder reside en nuestras decisiones internas. Cada momento es una oportunidad para practicar la virtud y crecer como personas. Esta enseñanza de Séneca nos invita a profundizar en nuestra comprensión de la vida virtuosa.','Reflexiona sobre un momento reciente donde esta sabiduría podría haber cambiado tu perspectiva. ¿Qué aprendiste?','2025-08-30 18:22:06.343000','2025-08-30 18:22:06.343000'),(138,138,'Mayo','Virtud y Carácter','La verdadera felicidad es disfrutar el presente sin depender ansiosamente del futuro.','Epicteto','Esta sabiduría antigua sigue siendo relevante en nuestro mundo moderno. Nos enseña a encontrar paz en medio del caos y fortaleza en la adversidad. Esta enseñanza de Epicteto nos invita a profundizar en nuestra comprensión de la vida virtuosa.','¿Qué aspectos de tu vida diaria podrían beneficiarse de esta filosofía? Describe tres acciones concretas.','2025-08-30 18:22:06.343000','2025-08-30 18:22:06.343000'),(139,139,'Mayo','Virtud y Carácter','No podemos dirigir el viento, pero sí ajustar las velas.','Zenón de Citio','La práctica estoica no se trata de suprimir emociones, sino de entenderlas y responder con sabiduría. Es un camino hacia la libertad interior. Esta enseñanza de Zenón de Citio nos invita a profundizar en nuestra comprensión de la vida virtuosa.','Piensa en alguien que admires por su sabiduría. ¿Cómo crees que aplicaría este principio en su vida?','2025-08-30 18:22:06.344000','2025-08-30 18:22:06.344000'),(140,140,'Mayo','Virtud y Carácter','La sabiduría comienza en el asombro.','Crisipo','Cada día tenemos la oportunidad de aplicar estos principios en nuestras relaciones, trabajo y desafíos personales. La filosofía estoica es práctica y transformadora. Esta enseñanza de Crisipo nos invita a profundizar en nuestra comprensión de la vida virtuosa.','¿Cuáles son los obstáculos principales que te impiden vivir según esta enseñanza? ¿Cómo podrías superarlos?','2025-08-30 18:22:06.344000','2025-08-30 18:22:06.344000'),(141,141,'Mayo','Virtud y Carácter','La felicidad y la libertad comienzan con la clara comprensión de un principio: algunas cosas están bajo nuestro control y otras no.','Marco Aurelio','Esta enseñanza nos invita a reflexionar sobre la naturaleza del control y la aceptación. En nuestra vida diaria, constantemente enfrentamos situaciones que escapan a nuestro dominio, pero siempre tenemos la capacidad de elegir nuestra respuesta. Esta enseñanza de Marco Aurelio nos invita a profundizar en nuestra comprensión de la vida virtuosa.','¿Cómo puedes aplicar esta enseñanza en una situación específica que estés enfrentando actualmente?','2025-08-30 18:22:06.345000','2025-08-30 18:22:06.345000'),(142,142,'Mayo','Virtud y Carácter','La mejor venganza es ser diferente a quien causó el daño.','Séneca','La filosofía estoica nos recuerda que nuestro verdadero poder reside en nuestras decisiones internas. Cada momento es una oportunidad para practicar la virtud y crecer como personas. Esta enseñanza de Séneca nos invita a profundizar en nuestra comprensión de la vida virtuosa.','Reflexiona sobre un momento reciente donde esta sabiduría podría haber cambiado tu perspectiva. ¿Qué aprendiste?','2025-08-30 18:22:06.346000','2025-08-30 18:22:06.346000'),(143,143,'Mayo','Virtud y Carácter','No es que tengamos poco tiempo, es que perdemos mucho.','Epicteto','Esta sabiduría antigua sigue siendo relevante en nuestro mundo moderno. Nos enseña a encontrar paz en medio del caos y fortaleza en la adversidad. Esta enseñanza de Epicteto nos invita a profundizar en nuestra comprensión de la vida virtuosa.','¿Qué aspectos de tu vida diaria podrían beneficiarse de esta filosofía? Describe tres acciones concretas.','2025-08-30 18:22:06.346000','2025-08-30 18:22:06.346000'),(144,144,'Mayo','Virtud y Carácter','Te conviertes en aquello a lo que prestas atención.','Zenón de Citio','La práctica estoica no se trata de suprimir emociones, sino de entenderlas y responder con sabiduría. Es un camino hacia la libertad interior. Esta enseñanza de Zenón de Citio nos invita a profundizar en nuestra comprensión de la vida virtuosa.','Piensa en alguien que admires por su sabiduría. ¿Cómo crees que aplicaría este principio en su vida?','2025-08-30 18:22:06.347000','2025-08-30 18:22:06.347000'),(145,145,'Mayo','Virtud y Carácter','Tienes poder sobre tu mente, no sobre los acontecimientos externos. Date cuenta de esto y encontrarás fuerza.','Crisipo','Cada día tenemos la oportunidad de aplicar estos principios en nuestras relaciones, trabajo y desafíos personales. La filosofía estoica es práctica y transformadora. Esta enseñanza de Crisipo nos invita a profundizar en nuestra comprensión de la vida virtuosa.','¿Cuáles son los obstáculos principales que te impiden vivir según esta enseñanza? ¿Cómo podrías superarlos?','2025-08-30 18:22:06.347000','2025-08-30 18:22:06.347000'),(146,146,'Mayo','Virtud y Carácter','La vida es muy corta para perderla en vanas esperanzas.','Marco Aurelio','Esta enseñanza nos invita a reflexionar sobre la naturaleza del control y la aceptación. En nuestra vida diaria, constantemente enfrentamos situaciones que escapan a nuestro dominio, pero siempre tenemos la capacidad de elegir nuestra respuesta. Esta enseñanza de Marco Aurelio nos invita a profundizar en nuestra comprensión de la vida virtuosa.','¿Cómo puedes aplicar esta enseñanza en una situación específica que estés enfrentando actualmente?','2025-08-30 18:22:06.348000','2025-08-30 18:22:06.348000'),(147,147,'Mayo','Virtud y Carácter','No busques que los acontecimientos ocurran como tú quieres, sino acepta los acontecimientos como ocurren y todo irá bien.','Séneca','La filosofía estoica nos recuerda que nuestro verdadero poder reside en nuestras decisiones internas. Cada momento es una oportunidad para practicar la virtud y crecer como personas. Esta enseñanza de Séneca nos invita a profundizar en nuestra comprensión de la vida virtuosa.','Reflexiona sobre un momento reciente donde esta sabiduría podría haber cambiado tu perspectiva. ¿Qué aprendiste?','2025-08-30 18:22:06.348000','2025-08-30 18:22:06.348000'),(148,148,'Mayo','Virtud y Carácter','Ningún hombre es libre si no es dueño de sí mismo.','Epicteto','Esta sabiduría antigua sigue siendo relevante en nuestro mundo moderno. Nos enseña a encontrar paz en medio del caos y fortaleza en la adversidad. Esta enseñanza de Epicteto nos invita a profundizar en nuestra comprensión de la vida virtuosa.','¿Qué aspectos de tu vida diaria podrían beneficiarse de esta filosofía? Describe tres acciones concretas.','2025-08-30 18:22:06.349000','2025-08-30 18:22:06.349000'),(149,149,'Mayo','Virtud y Carácter','La riqueza consiste no en tener grandes posesiones, sino en tener pocas necesidades.','Zenón de Citio','La práctica estoica no se trata de suprimir emociones, sino de entenderlas y responder con sabiduría. Es un camino hacia la libertad interior. Esta enseñanza de Zenón de Citio nos invita a profundizar en nuestra comprensión de la vida virtuosa.','Piensa en alguien que admires por su sabiduría. ¿Cómo crees que aplicaría este principio en su vida?','2025-08-30 18:22:06.350000','2025-08-30 18:22:06.350000'),(150,150,'Mayo','Virtud y Carácter','El sabio no se entristece por lo que no tiene, sino que se alegra por lo que tiene.','Crisipo','Cada día tenemos la oportunidad de aplicar estos principios en nuestras relaciones, trabajo y desafíos personales. La filosofía estoica es práctica y transformadora. Esta enseñanza de Crisipo nos invita a profundizar en nuestra comprensión de la vida virtuosa.','¿Cuáles son los obstáculos principales que te impiden vivir según esta enseñanza? ¿Cómo podrías superarlos?','2025-08-30 18:22:06.350000','2025-08-30 18:22:06.350000'),(151,151,'Mayo','Virtud y Carácter','La virtud es el único bien verdadero.','Marco Aurelio','Esta enseñanza nos invita a reflexionar sobre la naturaleza del control y la aceptación. En nuestra vida diaria, constantemente enfrentamos situaciones que escapan a nuestro dominio, pero siempre tenemos la capacidad de elegir nuestra respuesta. Esta enseñanza de Marco Aurelio nos invita a profundizar en nuestra comprensión de la vida virtuosa.','¿Cómo puedes aplicar esta enseñanza en una situación específica que estés enfrentando actualmente?','2025-08-30 18:22:06.351000','2025-08-30 18:22:06.351000'),(152,152,'Junio','Disciplina y Autocontrol','El presente es lo único que poseemos.','Séneca','La filosofía estoica nos recuerda que nuestro verdadero poder reside en nuestras decisiones internas. Cada momento es una oportunidad para practicar la virtud y crecer como personas. Esta enseñanza de Séneca nos invita a profundizar en nuestra comprensión de la vida virtuosa.','Reflexiona sobre un momento reciente donde esta sabiduría podría haber cambiado tu perspectiva. ¿Qué aprendiste?','2025-08-30 18:22:06.351000','2025-08-30 18:22:06.351000'),(153,153,'Junio','Disciplina y Autocontrol','La paciencia es la compañera de la sabiduría.','Epicteto','Esta sabiduría antigua sigue siendo relevante en nuestro mundo moderno. Nos enseña a encontrar paz en medio del caos y fortaleza en la adversidad. Esta enseñanza de Epicteto nos invita a profundizar en nuestra comprensión de la vida virtuosa.','¿Qué aspectos de tu vida diaria podrían beneficiarse de esta filosofía? Describe tres acciones concretas.','2025-08-30 18:22:06.352000','2025-08-30 18:22:06.352000'),(154,154,'Junio','Disciplina y Autocontrol','No hay viento favorable para el que no sabe a dónde va.','Zenón de Citio','La práctica estoica no se trata de suprimir emociones, sino de entenderlas y responder con sabiduría. Es un camino hacia la libertad interior. Esta enseñanza de Zenón de Citio nos invita a profundizar en nuestra comprensión de la vida virtuosa.','Piensa en alguien que admires por su sabiduría. ¿Cómo crees que aplicaría este principio en su vida?','2025-08-30 18:22:06.352000','2025-08-30 18:22:06.352000'),(155,155,'Junio','Disciplina y Autocontrol','La ira es una locura momentánea.','Crisipo','Cada día tenemos la oportunidad de aplicar estos principios en nuestras relaciones, trabajo y desafíos personales. La filosofía estoica es práctica y transformadora. Esta enseñanza de Crisipo nos invita a profundizar en nuestra comprensión de la vida virtuosa.','¿Cuáles son los obstáculos principales que te impiden vivir según esta enseñanza? ¿Cómo podrías superarlos?','2025-08-30 18:22:06.353000','2025-08-30 18:22:06.353000'),(156,156,'Junio','Disciplina y Autocontrol','El dolor es inevitable, el sufrimiento es opcional.','Marco Aurelio','Esta enseñanza nos invita a reflexionar sobre la naturaleza del control y la aceptación. En nuestra vida diaria, constantemente enfrentamos situaciones que escapan a nuestro dominio, pero siempre tenemos la capacidad de elegir nuestra respuesta. Esta enseñanza de Marco Aurelio nos invita a profundizar en nuestra comprensión de la vida virtuosa.','¿Cómo puedes aplicar esta enseñanza en una situación específica que estés enfrentando actualmente?','2025-08-30 18:22:06.353000','2025-08-30 18:22:06.353000'),(157,157,'Junio','Disciplina y Autocontrol','La muerte no es lo contrario de la vida, sino parte de ella.','Séneca','La filosofía estoica nos recuerda que nuestro verdadero poder reside en nuestras decisiones internas. Cada momento es una oportunidad para practicar la virtud y crecer como personas. Esta enseñanza de Séneca nos invita a profundizar en nuestra comprensión de la vida virtuosa.','Reflexiona sobre un momento reciente donde esta sabiduría podría haber cambiado tu perspectiva. ¿Qué aprendiste?','2025-08-30 18:22:06.354000','2025-08-30 18:22:06.354000'),(158,158,'Junio','Disciplina y Autocontrol','La verdadera felicidad es disfrutar el presente sin depender ansiosamente del futuro.','Epicteto','Esta sabiduría antigua sigue siendo relevante en nuestro mundo moderno. Nos enseña a encontrar paz en medio del caos y fortaleza en la adversidad. Esta enseñanza de Epicteto nos invita a profundizar en nuestra comprensión de la vida virtuosa.','¿Qué aspectos de tu vida diaria podrían beneficiarse de esta filosofía? Describe tres acciones concretas.','2025-08-30 18:22:06.354000','2025-08-30 18:22:06.354000'),(159,159,'Junio','Disciplina y Autocontrol','No podemos dirigir el viento, pero sí ajustar las velas.','Zenón de Citio','La práctica estoica no se trata de suprimir emociones, sino de entenderlas y responder con sabiduría. Es un camino hacia la libertad interior. Esta enseñanza de Zenón de Citio nos invita a profundizar en nuestra comprensión de la vida virtuosa.','Piensa en alguien que admires por su sabiduría. ¿Cómo crees que aplicaría este principio en su vida?','2025-08-30 18:22:06.355000','2025-08-30 18:22:06.355000'),(160,160,'Junio','Disciplina y Autocontrol','La sabiduría comienza en el asombro.','Crisipo','Cada día tenemos la oportunidad de aplicar estos principios en nuestras relaciones, trabajo y desafíos personales. La filosofía estoica es práctica y transformadora. Esta enseñanza de Crisipo nos invita a profundizar en nuestra comprensión de la vida virtuosa.','¿Cuáles son los obstáculos principales que te impiden vivir según esta enseñanza? ¿Cómo podrías superarlos?','2025-08-30 18:22:06.355000','2025-08-30 18:22:06.355000'),(161,161,'Junio','Disciplina y Autocontrol','La felicidad y la libertad comienzan con la clara comprensión de un principio: algunas cosas están bajo nuestro control y otras no.','Marco Aurelio','Esta enseñanza nos invita a reflexionar sobre la naturaleza del control y la aceptación. En nuestra vida diaria, constantemente enfrentamos situaciones que escapan a nuestro dominio, pero siempre tenemos la capacidad de elegir nuestra respuesta. Esta enseñanza de Marco Aurelio nos invita a profundizar en nuestra comprensión de la vida virtuosa.','¿Cómo puedes aplicar esta enseñanza en una situación específica que estés enfrentando actualmente?','2025-08-30 18:22:06.356000','2025-08-30 18:22:06.356000'),(162,162,'Junio','Disciplina y Autocontrol','La mejor venganza es ser diferente a quien causó el daño.','Séneca','La filosofía estoica nos recuerda que nuestro verdadero poder reside en nuestras decisiones internas. Cada momento es una oportunidad para practicar la virtud y crecer como personas. Esta enseñanza de Séneca nos invita a profundizar en nuestra comprensión de la vida virtuosa.','Reflexiona sobre un momento reciente donde esta sabiduría podría haber cambiado tu perspectiva. ¿Qué aprendiste?','2025-08-30 18:22:06.357000','2025-08-30 18:22:06.357000'),(163,163,'Junio','Disciplina y Autocontrol','No es que tengamos poco tiempo, es que perdemos mucho.','Epicteto','Esta sabiduría antigua sigue siendo relevante en nuestro mundo moderno. Nos enseña a encontrar paz en medio del caos y fortaleza en la adversidad. Esta enseñanza de Epicteto nos invita a profundizar en nuestra comprensión de la vida virtuosa.','¿Qué aspectos de tu vida diaria podrían beneficiarse de esta filosofía? Describe tres acciones concretas.','2025-08-30 18:22:06.357000','2025-08-30 18:22:06.357000'),(164,164,'Junio','Disciplina y Autocontrol','Te conviertes en aquello a lo que prestas atención.','Zenón de Citio','La práctica estoica no se trata de suprimir emociones, sino de entenderlas y responder con sabiduría. Es un camino hacia la libertad interior. Esta enseñanza de Zenón de Citio nos invita a profundizar en nuestra comprensión de la vida virtuosa.','Piensa en alguien que admires por su sabiduría. ¿Cómo crees que aplicaría este principio en su vida?','2025-08-30 18:22:06.358000','2025-08-30 18:22:06.358000'),(165,165,'Junio','Disciplina y Autocontrol','Tienes poder sobre tu mente, no sobre los acontecimientos externos. Date cuenta de esto y encontrarás fuerza.','Crisipo','Cada día tenemos la oportunidad de aplicar estos principios en nuestras relaciones, trabajo y desafíos personales. La filosofía estoica es práctica y transformadora. Esta enseñanza de Crisipo nos invita a profundizar en nuestra comprensión de la vida virtuosa.','¿Cuáles son los obstáculos principales que te impiden vivir según esta enseñanza? ¿Cómo podrías superarlos?','2025-08-30 18:22:06.358000','2025-08-30 18:22:06.358000'),(166,166,'Junio','Disciplina y Autocontrol','La vida es muy corta para perderla en vanas esperanzas.','Marco Aurelio','Esta enseñanza nos invita a reflexionar sobre la naturaleza del control y la aceptación. En nuestra vida diaria, constantemente enfrentamos situaciones que escapan a nuestro dominio, pero siempre tenemos la capacidad de elegir nuestra respuesta. Esta enseñanza de Marco Aurelio nos invita a profundizar en nuestra comprensión de la vida virtuosa.','¿Cómo puedes aplicar esta enseñanza en una situación específica que estés enfrentando actualmente?','2025-08-30 18:22:06.359000','2025-08-30 18:22:06.359000'),(167,167,'Junio','Disciplina y Autocontrol','No busques que los acontecimientos ocurran como tú quieres, sino acepta los acontecimientos como ocurren y todo irá bien.','Séneca','La filosofía estoica nos recuerda que nuestro verdadero poder reside en nuestras decisiones internas. Cada momento es una oportunidad para practicar la virtud y crecer como personas. Esta enseñanza de Séneca nos invita a profundizar en nuestra comprensión de la vida virtuosa.','Reflexiona sobre un momento reciente donde esta sabiduría podría haber cambiado tu perspectiva. ¿Qué aprendiste?','2025-08-30 18:22:06.359000','2025-08-30 18:22:06.359000'),(168,168,'Junio','Disciplina y Autocontrol','Ningún hombre es libre si no es dueño de sí mismo.','Epicteto','Esta sabiduría antigua sigue siendo relevante en nuestro mundo moderno. Nos enseña a encontrar paz en medio del caos y fortaleza en la adversidad. Esta enseñanza de Epicteto nos invita a profundizar en nuestra comprensión de la vida virtuosa.','¿Qué aspectos de tu vida diaria podrían beneficiarse de esta filosofía? Describe tres acciones concretas.','2025-08-30 18:22:06.360000','2025-08-30 18:22:06.360000'),(169,169,'Junio','Disciplina y Autocontrol','La riqueza consiste no en tener grandes posesiones, sino en tener pocas necesidades.','Zenón de Citio','La práctica estoica no se trata de suprimir emociones, sino de entenderlas y responder con sabiduría. Es un camino hacia la libertad interior. Esta enseñanza de Zenón de Citio nos invita a profundizar en nuestra comprensión de la vida virtuosa.','Piensa en alguien que admires por su sabiduría. ¿Cómo crees que aplicaría este principio en su vida?','2025-08-30 18:22:06.360000','2025-08-30 18:22:06.360000'),(170,170,'Junio','Disciplina y Autocontrol','El sabio no se entristece por lo que no tiene, sino que se alegra por lo que tiene.','Crisipo','Cada día tenemos la oportunidad de aplicar estos principios en nuestras relaciones, trabajo y desafíos personales. La filosofía estoica es práctica y transformadora. Esta enseñanza de Crisipo nos invita a profundizar en nuestra comprensión de la vida virtuosa.','¿Cuáles son los obstáculos principales que te impiden vivir según esta enseñanza? ¿Cómo podrías superarlos?','2025-08-30 18:22:06.361000','2025-08-30 18:22:06.361000'),(171,171,'Junio','Disciplina y Autocontrol','La virtud es el único bien verdadero.','Marco Aurelio','Esta enseñanza nos invita a reflexionar sobre la naturaleza del control y la aceptación. En nuestra vida diaria, constantemente enfrentamos situaciones que escapan a nuestro dominio, pero siempre tenemos la capacidad de elegir nuestra respuesta. Esta enseñanza de Marco Aurelio nos invita a profundizar en nuestra comprensión de la vida virtuosa.','¿Cómo puedes aplicar esta enseñanza en una situación específica que estés enfrentando actualmente?','2025-08-30 18:22:06.362000','2025-08-30 18:22:06.362000'),(172,172,'Junio','Disciplina y Autocontrol','El presente es lo único que poseemos.','Séneca','La filosofía estoica nos recuerda que nuestro verdadero poder reside en nuestras decisiones internas. Cada momento es una oportunidad para practicar la virtud y crecer como personas. Esta enseñanza de Séneca nos invita a profundizar en nuestra comprensión de la vida virtuosa.','Reflexiona sobre un momento reciente donde esta sabiduría podría haber cambiado tu perspectiva. ¿Qué aprendiste?','2025-08-30 18:22:06.362000','2025-08-30 18:22:06.362000'),(173,173,'Junio','Disciplina y Autocontrol','La paciencia es la compañera de la sabiduría.','Epicteto','Esta sabiduría antigua sigue siendo relevante en nuestro mundo moderno. Nos enseña a encontrar paz en medio del caos y fortaleza en la adversidad. Esta enseñanza de Epicteto nos invita a profundizar en nuestra comprensión de la vida virtuosa.','¿Qué aspectos de tu vida diaria podrían beneficiarse de esta filosofía? Describe tres acciones concretas.','2025-08-30 18:22:06.363000','2025-08-30 18:22:06.363000'),(174,174,'Junio','Disciplina y Autocontrol','No hay viento favorable para el que no sabe a dónde va.','Zenón de Citio','La práctica estoica no se trata de suprimir emociones, sino de entenderlas y responder con sabiduría. Es un camino hacia la libertad interior. Esta enseñanza de Zenón de Citio nos invita a profundizar en nuestra comprensión de la vida virtuosa.','Piensa en alguien que admires por su sabiduría. ¿Cómo crees que aplicaría este principio en su vida?','2025-08-30 18:22:06.363000','2025-08-30 18:22:06.363000'),(175,175,'Junio','Disciplina y Autocontrol','La ira es una locura momentánea.','Crisipo','Cada día tenemos la oportunidad de aplicar estos principios en nuestras relaciones, trabajo y desafíos personales. La filosofía estoica es práctica y transformadora. Esta enseñanza de Crisipo nos invita a profundizar en nuestra comprensión de la vida virtuosa.','¿Cuáles son los obstáculos principales que te impiden vivir según esta enseñanza? ¿Cómo podrías superarlos?','2025-08-30 18:22:06.364000','2025-08-30 18:22:06.364000'),(176,176,'Junio','Disciplina y Autocontrol','El dolor es inevitable, el sufrimiento es opcional.','Marco Aurelio','Esta enseñanza nos invita a reflexionar sobre la naturaleza del control y la aceptación. En nuestra vida diaria, constantemente enfrentamos situaciones que escapan a nuestro dominio, pero siempre tenemos la capacidad de elegir nuestra respuesta. Esta enseñanza de Marco Aurelio nos invita a profundizar en nuestra comprensión de la vida virtuosa.','¿Cómo puedes aplicar esta enseñanza en una situación específica que estés enfrentando actualmente?','2025-08-30 18:22:06.364000','2025-08-30 18:22:06.364000'),(177,177,'Junio','Disciplina y Autocontrol','La muerte no es lo contrario de la vida, sino parte de ella.','Séneca','La filosofía estoica nos recuerda que nuestro verdadero poder reside en nuestras decisiones internas. Cada momento es una oportunidad para practicar la virtud y crecer como personas. Esta enseñanza de Séneca nos invita a profundizar en nuestra comprensión de la vida virtuosa.','Reflexiona sobre un momento reciente donde esta sabiduría podría haber cambiado tu perspectiva. ¿Qué aprendiste?','2025-08-30 18:22:06.365000','2025-08-30 18:22:06.365000'),(178,178,'Junio','Disciplina y Autocontrol','La verdadera felicidad es disfrutar el presente sin depender ansiosamente del futuro.','Epicteto','Esta sabiduría antigua sigue siendo relevante en nuestro mundo moderno. Nos enseña a encontrar paz en medio del caos y fortaleza en la adversidad. Esta enseñanza de Epicteto nos invita a profundizar en nuestra comprensión de la vida virtuosa.','¿Qué aspectos de tu vida diaria podrían beneficiarse de esta filosofía? Describe tres acciones concretas.','2025-08-30 18:22:06.365000','2025-08-30 18:22:06.365000'),(179,179,'Junio','Disciplina y Autocontrol','No podemos dirigir el viento, pero sí ajustar las velas.','Zenón de Citio','La práctica estoica no se trata de suprimir emociones, sino de entenderlas y responder con sabiduría. Es un camino hacia la libertad interior. Esta enseñanza de Zenón de Citio nos invita a profundizar en nuestra comprensión de la vida virtuosa.','Piensa en alguien que admires por su sabiduría. ¿Cómo crees que aplicaría este principio en su vida?','2025-08-30 18:22:06.366000','2025-08-30 18:22:06.366000'),(180,180,'Junio','Disciplina y Autocontrol','La sabiduría comienza en el asombro.','Crisipo','Cada día tenemos la oportunidad de aplicar estos principios en nuestras relaciones, trabajo y desafíos personales. La filosofía estoica es práctica y transformadora. Esta enseñanza de Crisipo nos invita a profundizar en nuestra comprensión de la vida virtuosa.','¿Cuáles son los obstáculos principales que te impiden vivir según esta enseñanza? ¿Cómo podrías superarlos?','2025-08-30 18:22:06.366000','2025-08-30 18:22:06.366000'),(181,181,'Junio','Disciplina y Autocontrol','La felicidad y la libertad comienzan con la clara comprensión de un principio: algunas cosas están bajo nuestro control y otras no.','Marco Aurelio','Esta enseñanza nos invita a reflexionar sobre la naturaleza del control y la aceptación. En nuestra vida diaria, constantemente enfrentamos situaciones que escapan a nuestro dominio, pero siempre tenemos la capacidad de elegir nuestra respuesta. Esta enseñanza de Marco Aurelio nos invita a profundizar en nuestra comprensión de la vida virtuosa.','¿Cómo puedes aplicar esta enseñanza en una situación específica que estés enfrentando actualmente?','2025-08-30 18:22:06.367000','2025-08-30 18:22:06.367000'),(182,182,'Julio','Aceptación y Serenidad','La mejor venganza es ser diferente a quien causó el daño.','Séneca','La filosofía estoica nos recuerda que nuestro verdadero poder reside en nuestras decisiones internas. Cada momento es una oportunidad para practicar la virtud y crecer como personas. Esta enseñanza de Séneca nos invita a profundizar en nuestra comprensión de la vida virtuosa.','Reflexiona sobre un momento reciente donde esta sabiduría podría haber cambiado tu perspectiva. ¿Qué aprendiste?','2025-08-30 18:22:06.368000','2025-08-30 18:22:06.368000'),(183,183,'Julio','Aceptación y Serenidad','No es que tengamos poco tiempo, es que perdemos mucho.','Epicteto','Esta sabiduría antigua sigue siendo relevante en nuestro mundo moderno. Nos enseña a encontrar paz en medio del caos y fortaleza en la adversidad. Esta enseñanza de Epicteto nos invita a profundizar en nuestra comprensión de la vida virtuosa.','¿Qué aspectos de tu vida diaria podrían beneficiarse de esta filosofía? Describe tres acciones concretas.','2025-08-30 18:22:06.368000','2025-08-30 18:22:06.368000'),(184,184,'Julio','Aceptación y Serenidad','Te conviertes en aquello a lo que prestas atención.','Zenón de Citio','La práctica estoica no se trata de suprimir emociones, sino de entenderlas y responder con sabiduría. Es un camino hacia la libertad interior. Esta enseñanza de Zenón de Citio nos invita a profundizar en nuestra comprensión de la vida virtuosa.','Piensa en alguien que admires por su sabiduría. ¿Cómo crees que aplicaría este principio en su vida?','2025-08-30 18:22:06.369000','2025-08-30 18:22:06.369000'),(185,185,'Julio','Aceptación y Serenidad','Tienes poder sobre tu mente, no sobre los acontecimientos externos. Date cuenta de esto y encontrarás fuerza.','Crisipo','Cada día tenemos la oportunidad de aplicar estos principios en nuestras relaciones, trabajo y desafíos personales. La filosofía estoica es práctica y transformadora. Esta enseñanza de Crisipo nos invita a profundizar en nuestra comprensión de la vida virtuosa.','¿Cuáles son los obstáculos principales que te impiden vivir según esta enseñanza? ¿Cómo podrías superarlos?','2025-08-30 18:22:06.369000','2025-08-30 18:22:06.369000'),(186,186,'Julio','Aceptación y Serenidad','La vida es muy corta para perderla en vanas esperanzas.','Marco Aurelio','Esta enseñanza nos invita a reflexionar sobre la naturaleza del control y la aceptación. En nuestra vida diaria, constantemente enfrentamos situaciones que escapan a nuestro dominio, pero siempre tenemos la capacidad de elegir nuestra respuesta. Esta enseñanza de Marco Aurelio nos invita a profundizar en nuestra comprensión de la vida virtuosa.','¿Cómo puedes aplicar esta enseñanza en una situación específica que estés enfrentando actualmente?','2025-08-30 18:22:06.370000','2025-08-30 18:22:06.370000'),(187,187,'Julio','Aceptación y Serenidad','No busques que los acontecimientos ocurran como tú quieres, sino acepta los acontecimientos como ocurren y todo irá bien.','Séneca','La filosofía estoica nos recuerda que nuestro verdadero poder reside en nuestras decisiones internas. Cada momento es una oportunidad para practicar la virtud y crecer como personas. Esta enseñanza de Séneca nos invita a profundizar en nuestra comprensión de la vida virtuosa.','Reflexiona sobre un momento reciente donde esta sabiduría podría haber cambiado tu perspectiva. ¿Qué aprendiste?','2025-08-30 18:22:06.370000','2025-08-30 18:22:06.370000'),(188,188,'Julio','Aceptación y Serenidad','Ningún hombre es libre si no es dueño de sí mismo.','Epicteto','Esta sabiduría antigua sigue siendo relevante en nuestro mundo moderno. Nos enseña a encontrar paz en medio del caos y fortaleza en la adversidad. Esta enseñanza de Epicteto nos invita a profundizar en nuestra comprensión de la vida virtuosa.','¿Qué aspectos de tu vida diaria podrían beneficiarse de esta filosofía? Describe tres acciones concretas.','2025-08-30 18:22:06.371000','2025-08-30 18:22:06.371000'),(189,189,'Julio','Aceptación y Serenidad','La riqueza consiste no en tener grandes posesiones, sino en tener pocas necesidades.','Zenón de Citio','La práctica estoica no se trata de suprimir emociones, sino de entenderlas y responder con sabiduría. Es un camino hacia la libertad interior. Esta enseñanza de Zenón de Citio nos invita a profundizar en nuestra comprensión de la vida virtuosa.','Piensa en alguien que admires por su sabiduría. ¿Cómo crees que aplicaría este principio en su vida?','2025-08-30 18:22:06.371000','2025-08-30 18:22:06.371000'),(190,190,'Julio','Aceptación y Serenidad','El sabio no se entristece por lo que no tiene, sino que se alegra por lo que tiene.','Crisipo','Cada día tenemos la oportunidad de aplicar estos principios en nuestras relaciones, trabajo y desafíos personales. La filosofía estoica es práctica y transformadora. Esta enseñanza de Crisipo nos invita a profundizar en nuestra comprensión de la vida virtuosa.','¿Cuáles son los obstáculos principales que te impiden vivir según esta enseñanza? ¿Cómo podrías superarlos?','2025-08-30 18:22:06.372000','2025-08-30 18:22:06.372000'),(191,191,'Julio','Aceptación y Serenidad','La virtud es el único bien verdadero.','Marco Aurelio','Esta enseñanza nos invita a reflexionar sobre la naturaleza del control y la aceptación. En nuestra vida diaria, constantemente enfrentamos situaciones que escapan a nuestro dominio, pero siempre tenemos la capacidad de elegir nuestra respuesta. Esta enseñanza de Marco Aurelio nos invita a profundizar en nuestra comprensión de la vida virtuosa.','¿Cómo puedes aplicar esta enseñanza en una situación específica que estés enfrentando actualmente?','2025-08-30 18:22:06.372000','2025-08-30 18:22:06.372000'),(192,192,'Julio','Aceptación y Serenidad','El presente es lo único que poseemos.','Séneca','La filosofía estoica nos recuerda que nuestro verdadero poder reside en nuestras decisiones internas. Cada momento es una oportunidad para practicar la virtud y crecer como personas. Esta enseñanza de Séneca nos invita a profundizar en nuestra comprensión de la vida virtuosa.','Reflexiona sobre un momento reciente donde esta sabiduría podría haber cambiado tu perspectiva. ¿Qué aprendiste?','2025-08-30 18:22:06.373000','2025-08-30 18:22:06.373000'),(193,193,'Julio','Aceptación y Serenidad','La paciencia es la compañera de la sabiduría.','Epicteto','Esta sabiduría antigua sigue siendo relevante en nuestro mundo moderno. Nos enseña a encontrar paz en medio del caos y fortaleza en la adversidad. Esta enseñanza de Epicteto nos invita a profundizar en nuestra comprensión de la vida virtuosa.','¿Qué aspectos de tu vida diaria podrían beneficiarse de esta filosofía? Describe tres acciones concretas.','2025-08-30 18:22:06.373000','2025-08-30 18:22:06.373000'),(194,194,'Julio','Aceptación y Serenidad','No hay viento favorable para el que no sabe a dónde va.','Zenón de Citio','La práctica estoica no se trata de suprimir emociones, sino de entenderlas y responder con sabiduría. Es un camino hacia la libertad interior. Esta enseñanza de Zenón de Citio nos invita a profundizar en nuestra comprensión de la vida virtuosa.','Piensa en alguien que admires por su sabiduría. ¿Cómo crees que aplicaría este principio en su vida?','2025-08-30 18:22:06.374000','2025-08-30 18:22:06.374000'),(195,195,'Julio','Aceptación y Serenidad','La ira es una locura momentánea.','Crisipo','Cada día tenemos la oportunidad de aplicar estos principios en nuestras relaciones, trabajo y desafíos personales. La filosofía estoica es práctica y transformadora. Esta enseñanza de Crisipo nos invita a profundizar en nuestra comprensión de la vida virtuosa.','¿Cuáles son los obstáculos principales que te impiden vivir según esta enseñanza? ¿Cómo podrías superarlos?','2025-08-30 18:22:06.374000','2025-08-30 18:22:06.374000'),(196,196,'Julio','Aceptación y Serenidad','El dolor es inevitable, el sufrimiento es opcional.','Marco Aurelio','Esta enseñanza nos invita a reflexionar sobre la naturaleza del control y la aceptación. En nuestra vida diaria, constantemente enfrentamos situaciones que escapan a nuestro dominio, pero siempre tenemos la capacidad de elegir nuestra respuesta. Esta enseñanza de Marco Aurelio nos invita a profundizar en nuestra comprensión de la vida virtuosa.','¿Cómo puedes aplicar esta enseñanza en una situación específica que estés enfrentando actualmente?','2025-08-30 18:22:06.375000','2025-08-30 18:22:06.375000'),(197,197,'Julio','Aceptación y Serenidad','La muerte no es lo contrario de la vida, sino parte de ella.','Séneca','La filosofía estoica nos recuerda que nuestro verdadero poder reside en nuestras decisiones internas. Cada momento es una oportunidad para practicar la virtud y crecer como personas. Esta enseñanza de Séneca nos invita a profundizar en nuestra comprensión de la vida virtuosa.','Reflexiona sobre un momento reciente donde esta sabiduría podría haber cambiado tu perspectiva. ¿Qué aprendiste?','2025-08-30 18:22:06.376000','2025-08-30 18:22:06.376000'),(198,198,'Julio','Aceptación y Serenidad','La verdadera felicidad es disfrutar el presente sin depender ansiosamente del futuro.','Epicteto','Esta sabiduría antigua sigue siendo relevante en nuestro mundo moderno. Nos enseña a encontrar paz en medio del caos y fortaleza en la adversidad. Esta enseñanza de Epicteto nos invita a profundizar en nuestra comprensión de la vida virtuosa.','¿Qué aspectos de tu vida diaria podrían beneficiarse de esta filosofía? Describe tres acciones concretas.','2025-08-30 18:22:06.376000','2025-08-30 18:22:06.376000'),(199,199,'Julio','Aceptación y Serenidad','No podemos dirigir el viento, pero sí ajustar las velas.','Zenón de Citio','La práctica estoica no se trata de suprimir emociones, sino de entenderlas y responder con sabiduría. Es un camino hacia la libertad interior. Esta enseñanza de Zenón de Citio nos invita a profundizar en nuestra comprensión de la vida virtuosa.','Piensa en alguien que admires por su sabiduría. ¿Cómo crees que aplicaría este principio en su vida?','2025-08-30 18:22:06.377000','2025-08-30 18:22:06.377000'),(200,200,'Julio','Aceptación y Serenidad','La sabiduría comienza en el asombro.','Crisipo','Cada día tenemos la oportunidad de aplicar estos principios en nuestras relaciones, trabajo y desafíos personales. La filosofía estoica es práctica y transformadora. Esta enseñanza de Crisipo nos invita a profundizar en nuestra comprensión de la vida virtuosa.','¿Cuáles son los obstáculos principales que te impiden vivir según esta enseñanza? ¿Cómo podrías superarlos?','2025-08-30 18:22:06.377000','2025-08-30 18:22:06.377000'),(201,201,'Julio','Aceptación y Serenidad','La felicidad y la libertad comienzan con la clara comprensión de un principio: algunas cosas están bajo nuestro control y otras no.','Marco Aurelio','Esta enseñanza nos invita a reflexionar sobre la naturaleza del control y la aceptación. En nuestra vida diaria, constantemente enfrentamos situaciones que escapan a nuestro dominio, pero siempre tenemos la capacidad de elegir nuestra respuesta. Esta enseñanza de Marco Aurelio nos invita a profundizar en nuestra comprensión de la vida virtuosa.','¿Cómo puedes aplicar esta enseñanza en una situación específica que estés enfrentando actualmente?','2025-08-30 18:22:06.378000','2025-08-30 18:22:06.378000'),(202,202,'Julio','Aceptación y Serenidad','La mejor venganza es ser diferente a quien causó el daño.','Séneca','La filosofía estoica nos recuerda que nuestro verdadero poder reside en nuestras decisiones internas. Cada momento es una oportunidad para practicar la virtud y crecer como personas. Esta enseñanza de Séneca nos invita a profundizar en nuestra comprensión de la vida virtuosa.','Reflexiona sobre un momento reciente donde esta sabiduría podría haber cambiado tu perspectiva. ¿Qué aprendiste?','2025-08-30 18:22:06.379000','2025-08-30 18:22:06.379000'),(203,203,'Julio','Aceptación y Serenidad','No es que tengamos poco tiempo, es que perdemos mucho.','Epicteto','Esta sabiduría antigua sigue siendo relevante en nuestro mundo moderno. Nos enseña a encontrar paz en medio del caos y fortaleza en la adversidad. Esta enseñanza de Epicteto nos invita a profundizar en nuestra comprensión de la vida virtuosa.','¿Qué aspectos de tu vida diaria podrían beneficiarse de esta filosofía? Describe tres acciones concretas.','2025-08-30 18:22:06.379000','2025-08-30 18:22:06.379000'),(204,204,'Julio','Aceptación y Serenidad','Te conviertes en aquello a lo que prestas atención.','Zenón de Citio','La práctica estoica no se trata de suprimir emociones, sino de entenderlas y responder con sabiduría. Es un camino hacia la libertad interior. Esta enseñanza de Zenón de Citio nos invita a profundizar en nuestra comprensión de la vida virtuosa.','Piensa en alguien que admires por su sabiduría. ¿Cómo crees que aplicaría este principio en su vida?','2025-08-30 18:22:06.380000','2025-08-30 18:22:06.380000'),(205,205,'Julio','Aceptación y Serenidad','Tienes poder sobre tu mente, no sobre los acontecimientos externos. Date cuenta de esto y encontrarás fuerza.','Crisipo','Cada día tenemos la oportunidad de aplicar estos principios en nuestras relaciones, trabajo y desafíos personales. La filosofía estoica es práctica y transformadora. Esta enseñanza de Crisipo nos invita a profundizar en nuestra comprensión de la vida virtuosa.','¿Cuáles son los obstáculos principales que te impiden vivir según esta enseñanza? ¿Cómo podrías superarlos?','2025-08-30 18:22:06.380000','2025-08-30 18:22:06.380000'),(206,206,'Julio','Aceptación y Serenidad','La vida es muy corta para perderla en vanas esperanzas.','Marco Aurelio','Esta enseñanza nos invita a reflexionar sobre la naturaleza del control y la aceptación. En nuestra vida diaria, constantemente enfrentamos situaciones que escapan a nuestro dominio, pero siempre tenemos la capacidad de elegir nuestra respuesta. Esta enseñanza de Marco Aurelio nos invita a profundizar en nuestra comprensión de la vida virtuosa.','¿Cómo puedes aplicar esta enseñanza en una situación específica que estés enfrentando actualmente?','2025-08-30 18:22:06.381000','2025-08-30 18:22:06.381000'),(207,207,'Julio','Aceptación y Serenidad','No busques que los acontecimientos ocurran como tú quieres, sino acepta los acontecimientos como ocurren y todo irá bien.','Séneca','La filosofía estoica nos recuerda que nuestro verdadero poder reside en nuestras decisiones internas. Cada momento es una oportunidad para practicar la virtud y crecer como personas. Esta enseñanza de Séneca nos invita a profundizar en nuestra comprensión de la vida virtuosa.','Reflexiona sobre un momento reciente donde esta sabiduría podría haber cambiado tu perspectiva. ¿Qué aprendiste?','2025-08-30 18:22:06.381000','2025-08-30 18:22:06.381000'),(208,208,'Julio','Aceptación y Serenidad','Ningún hombre es libre si no es dueño de sí mismo.','Epicteto','Esta sabiduría antigua sigue siendo relevante en nuestro mundo moderno. Nos enseña a encontrar paz en medio del caos y fortaleza en la adversidad. Esta enseñanza de Epicteto nos invita a profundizar en nuestra comprensión de la vida virtuosa.','¿Qué aspectos de tu vida diaria podrían beneficiarse de esta filosofía? Describe tres acciones concretas.','2025-08-30 18:22:06.382000','2025-08-30 18:22:06.382000'),(209,209,'Julio','Aceptación y Serenidad','La riqueza consiste no en tener grandes posesiones, sino en tener pocas necesidades.','Zenón de Citio','La práctica estoica no se trata de suprimir emociones, sino de entenderlas y responder con sabiduría. Es un camino hacia la libertad interior. Esta enseñanza de Zenón de Citio nos invita a profundizar en nuestra comprensión de la vida virtuosa.','Piensa en alguien que admires por su sabiduría. ¿Cómo crees que aplicaría este principio en su vida?','2025-08-30 18:22:06.382000','2025-08-30 18:22:06.382000'),(210,210,'Julio','Aceptación y Serenidad','El sabio no se entristece por lo que no tiene, sino que se alegra por lo que tiene.','Crisipo','Cada día tenemos la oportunidad de aplicar estos principios en nuestras relaciones, trabajo y desafíos personales. La filosofía estoica es práctica y transformadora. Esta enseñanza de Crisipo nos invita a profundizar en nuestra comprensión de la vida virtuosa.','¿Cuáles son los obstáculos principales que te impiden vivir según esta enseñanza? ¿Cómo podrías superarlos?','2025-08-30 18:22:06.383000','2025-08-30 18:22:06.383000'),(211,211,'Julio','Aceptación y Serenidad','La virtud es el único bien verdadero.','Marco Aurelio','Esta enseñanza nos invita a reflexionar sobre la naturaleza del control y la aceptación. En nuestra vida diaria, constantemente enfrentamos situaciones que escapan a nuestro dominio, pero siempre tenemos la capacidad de elegir nuestra respuesta. Esta enseñanza de Marco Aurelio nos invita a profundizar en nuestra comprensión de la vida virtuosa.','¿Cómo puedes aplicar esta enseñanza en una situación específica que estés enfrentando actualmente?','2025-08-30 18:22:06.383000','2025-08-30 18:22:06.384000'),(212,212,'Julio','Aceptación y Serenidad','El presente es lo único que poseemos.','Séneca','La filosofía estoica nos recuerda que nuestro verdadero poder reside en nuestras decisiones internas. Cada momento es una oportunidad para practicar la virtud y crecer como personas. Esta enseñanza de Séneca nos invita a profundizar en nuestra comprensión de la vida virtuosa.','Reflexiona sobre un momento reciente donde esta sabiduría podría haber cambiado tu perspectiva. ¿Qué aprendiste?','2025-08-30 18:22:06.384000','2025-08-30 18:22:06.384000'),(213,213,'Agosto','Sabiduría y Discernimiento','La paciencia es la compañera de la sabiduría.','Epicteto','Esta sabiduría antigua sigue siendo relevante en nuestro mundo moderno. Nos enseña a encontrar paz en medio del caos y fortaleza en la adversidad. Esta enseñanza de Epicteto nos invita a profundizar en nuestra comprensión de la vida virtuosa.','¿Qué aspectos de tu vida diaria podrían beneficiarse de esta filosofía? Describe tres acciones concretas.','2025-08-30 18:22:06.385000','2025-08-30 18:22:06.385000'),(214,214,'Agosto','Sabiduría y Discernimiento','No hay viento favorable para el que no sabe a dónde va.','Zenón de Citio','La práctica estoica no se trata de suprimir emociones, sino de entenderlas y responder con sabiduría. Es un camino hacia la libertad interior. Esta enseñanza de Zenón de Citio nos invita a profundizar en nuestra comprensión de la vida virtuosa.','Piensa en alguien que admires por su sabiduría. ¿Cómo crees que aplicaría este principio en su vida?','2025-08-30 18:22:06.385000','2025-08-30 18:22:06.385000'),(215,215,'Agosto','Sabiduría y Discernimiento','La ira es una locura momentánea.','Crisipo','Cada día tenemos la oportunidad de aplicar estos principios en nuestras relaciones, trabajo y desafíos personales. La filosofía estoica es práctica y transformadora. Esta enseñanza de Crisipo nos invita a profundizar en nuestra comprensión de la vida virtuosa.','¿Cuáles son los obstáculos principales que te impiden vivir según esta enseñanza? ¿Cómo podrías superarlos?','2025-08-30 18:22:06.386000','2025-08-30 18:22:06.386000'),(216,216,'Agosto','Sabiduría y Discernimiento','El dolor es inevitable, el sufrimiento es opcional.','Marco Aurelio','Esta enseñanza nos invita a reflexionar sobre la naturaleza del control y la aceptación. En nuestra vida diaria, constantemente enfrentamos situaciones que escapan a nuestro dominio, pero siempre tenemos la capacidad de elegir nuestra respuesta. Esta enseñanza de Marco Aurelio nos invita a profundizar en nuestra comprensión de la vida virtuosa.','¿Cómo puedes aplicar esta enseñanza en una situación específica que estés enfrentando actualmente?','2025-08-30 18:22:06.386000','2025-08-30 18:22:06.386000'),(217,217,'Agosto','Sabiduría y Discernimiento','La muerte no es lo contrario de la vida, sino parte de ella.','Séneca','La filosofía estoica nos recuerda que nuestro verdadero poder reside en nuestras decisiones internas. Cada momento es una oportunidad para practicar la virtud y crecer como personas. Esta enseñanza de Séneca nos invita a profundizar en nuestra comprensión de la vida virtuosa.','Reflexiona sobre un momento reciente donde esta sabiduría podría haber cambiado tu perspectiva. ¿Qué aprendiste?','2025-08-30 18:22:06.387000','2025-08-30 18:22:06.387000'),(218,218,'Agosto','Sabiduría y Discernimiento','La verdadera felicidad es disfrutar el presente sin depender ansiosamente del futuro.','Epicteto','Esta sabiduría antigua sigue siendo relevante en nuestro mundo moderno. Nos enseña a encontrar paz en medio del caos y fortaleza en la adversidad. Esta enseñanza de Epicteto nos invita a profundizar en nuestra comprensión de la vida virtuosa.','¿Qué aspectos de tu vida diaria podrían beneficiarse de esta filosofía? Describe tres acciones concretas.','2025-08-30 18:22:06.387000','2025-08-30 18:22:06.387000'),(219,219,'Agosto','Sabiduría y Discernimiento','No podemos dirigir el viento, pero sí ajustar las velas.','Zenón de Citio','La práctica estoica no se trata de suprimir emociones, sino de entenderlas y responder con sabiduría. Es un camino hacia la libertad interior. Esta enseñanza de Zenón de Citio nos invita a profundizar en nuestra comprensión de la vida virtuosa.','Piensa en alguien que admires por su sabiduría. ¿Cómo crees que aplicaría este principio en su vida?','2025-08-30 18:22:06.388000','2025-08-30 18:22:06.388000'),(220,220,'Agosto','Sabiduría y Discernimiento','La sabiduría comienza en el asombro.','Crisipo','Cada día tenemos la oportunidad de aplicar estos principios en nuestras relaciones, trabajo y desafíos personales. La filosofía estoica es práctica y transformadora. Esta enseñanza de Crisipo nos invita a profundizar en nuestra comprensión de la vida virtuosa.','¿Cuáles son los obstáculos principales que te impiden vivir según esta enseñanza? ¿Cómo podrías superarlos?','2025-08-30 18:22:06.388000','2025-08-30 18:22:06.388000'),(221,221,'Agosto','Sabiduría y Discernimiento','La felicidad y la libertad comienzan con la clara comprensión de un principio: algunas cosas están bajo nuestro control y otras no.','Marco Aurelio','Esta enseñanza nos invita a reflexionar sobre la naturaleza del control y la aceptación. En nuestra vida diaria, constantemente enfrentamos situaciones que escapan a nuestro dominio, pero siempre tenemos la capacidad de elegir nuestra respuesta. Esta enseñanza de Marco Aurelio nos invita a profundizar en nuestra comprensión de la vida virtuosa.','¿Cómo puedes aplicar esta enseñanza en una situación específica que estés enfrentando actualmente?','2025-08-30 18:22:06.389000','2025-08-30 18:22:06.389000'),(222,222,'Agosto','Sabiduría y Discernimiento','La mejor venganza es ser diferente a quien causó el daño.','Séneca','La filosofía estoica nos recuerda que nuestro verdadero poder reside en nuestras decisiones internas. Cada momento es una oportunidad para practicar la virtud y crecer como personas. Esta enseñanza de Séneca nos invita a profundizar en nuestra comprensión de la vida virtuosa.','Reflexiona sobre un momento reciente donde esta sabiduría podría haber cambiado tu perspectiva. ¿Qué aprendiste?','2025-08-30 18:22:06.389000','2025-08-30 18:22:06.389000'),(223,223,'Agosto','Sabiduría y Discernimiento','No es que tengamos poco tiempo, es que perdemos mucho.','Epicteto','Esta sabiduría antigua sigue siendo relevante en nuestro mundo moderno. Nos enseña a encontrar paz en medio del caos y fortaleza en la adversidad. Esta enseñanza de Epicteto nos invita a profundizar en nuestra comprensión de la vida virtuosa.','¿Qué aspectos de tu vida diaria podrían beneficiarse de esta filosofía? Describe tres acciones concretas.','2025-08-30 18:22:06.390000','2025-08-30 18:22:06.390000'),(224,224,'Agosto','Sabiduría y Discernimiento','Te conviertes en aquello a lo que prestas atención.','Zenón de Citio','La práctica estoica no se trata de suprimir emociones, sino de entenderlas y responder con sabiduría. Es un camino hacia la libertad interior. Esta enseñanza de Zenón de Citio nos invita a profundizar en nuestra comprensión de la vida virtuosa.','Piensa en alguien que admires por su sabiduría. ¿Cómo crees que aplicaría este principio en su vida?','2025-08-30 18:22:06.391000','2025-08-30 18:22:06.391000'),(225,225,'Agosto','Sabiduría y Discernimiento','Tienes poder sobre tu mente, no sobre los acontecimientos externos. Date cuenta de esto y encontrarás fuerza.','Crisipo','Cada día tenemos la oportunidad de aplicar estos principios en nuestras relaciones, trabajo y desafíos personales. La filosofía estoica es práctica y transformadora. Esta enseñanza de Crisipo nos invita a profundizar en nuestra comprensión de la vida virtuosa.','¿Cuáles son los obstáculos principales que te impiden vivir según esta enseñanza? ¿Cómo podrías superarlos?','2025-08-30 18:22:06.391000','2025-08-30 18:22:06.391000'),(226,226,'Agosto','Sabiduría y Discernimiento','La vida es muy corta para perderla en vanas esperanzas.','Marco Aurelio','Esta enseñanza nos invita a reflexionar sobre la naturaleza del control y la aceptación. En nuestra vida diaria, constantemente enfrentamos situaciones que escapan a nuestro dominio, pero siempre tenemos la capacidad de elegir nuestra respuesta. Esta enseñanza de Marco Aurelio nos invita a profundizar en nuestra comprensión de la vida virtuosa.','¿Cómo puedes aplicar esta enseñanza en una situación específica que estés enfrentando actualmente?','2025-08-30 18:22:06.392000','2025-08-30 18:22:06.392000'),(227,227,'Agosto','Sabiduría y Discernimiento','No busques que los acontecimientos ocurran como tú quieres, sino acepta los acontecimientos como ocurren y todo irá bien.','Séneca','La filosofía estoica nos recuerda que nuestro verdadero poder reside en nuestras decisiones internas. Cada momento es una oportunidad para practicar la virtud y crecer como personas. Esta enseñanza de Séneca nos invita a profundizar en nuestra comprensión de la vida virtuosa.','Reflexiona sobre un momento reciente donde esta sabiduría podría haber cambiado tu perspectiva. ¿Qué aprendiste?','2025-08-30 18:22:06.392000','2025-08-30 18:22:06.392000'),(228,228,'Agosto','Sabiduría y Discernimiento','Ningún hombre es libre si no es dueño de sí mismo.','Epicteto','Esta sabiduría antigua sigue siendo relevante en nuestro mundo moderno. Nos enseña a encontrar paz en medio del caos y fortaleza en la adversidad. Esta enseñanza de Epicteto nos invita a profundizar en nuestra comprensión de la vida virtuosa.','¿Qué aspectos de tu vida diaria podrían beneficiarse de esta filosofía? Describe tres acciones concretas.','2025-08-30 18:22:06.393000','2025-08-30 18:22:06.393000'),(229,229,'Agosto','Sabiduría y Discernimiento','La riqueza consiste no en tener grandes posesiones, sino en tener pocas necesidades.','Zenón de Citio','La práctica estoica no se trata de suprimir emociones, sino de entenderlas y responder con sabiduría. Es un camino hacia la libertad interior. Esta enseñanza de Zenón de Citio nos invita a profundizar en nuestra comprensión de la vida virtuosa.','Piensa en alguien que admires por su sabiduría. ¿Cómo crees que aplicaría este principio en su vida?','2025-08-30 18:22:06.393000','2025-08-30 18:22:06.393000'),(230,230,'Agosto','Sabiduría y Discernimiento','El sabio no se entristece por lo que no tiene, sino que se alegra por lo que tiene.','Crisipo','Cada día tenemos la oportunidad de aplicar estos principios en nuestras relaciones, trabajo y desafíos personales. La filosofía estoica es práctica y transformadora. Esta enseñanza de Crisipo nos invita a profundizar en nuestra comprensión de la vida virtuosa.','¿Cuáles son los obstáculos principales que te impiden vivir según esta enseñanza? ¿Cómo podrías superarlos?','2025-08-30 18:22:06.394000','2025-08-30 18:22:06.394000'),(231,231,'Agosto','Sabiduría y Discernimiento','La virtud es el único bien verdadero.','Marco Aurelio','Esta enseñanza nos invita a reflexionar sobre la naturaleza del control y la aceptación. En nuestra vida diaria, constantemente enfrentamos situaciones que escapan a nuestro dominio, pero siempre tenemos la capacidad de elegir nuestra respuesta. Esta enseñanza de Marco Aurelio nos invita a profundizar en nuestra comprensión de la vida virtuosa.','¿Cómo puedes aplicar esta enseñanza en una situación específica que estés enfrentando actualmente?','2025-08-30 18:22:06.394000','2025-08-30 18:22:06.394000'),(232,232,'Agosto','Sabiduría y Discernimiento','El presente es lo único que poseemos.','Séneca','La filosofía estoica nos recuerda que nuestro verdadero poder reside en nuestras decisiones internas. Cada momento es una oportunidad para practicar la virtud y crecer como personas. Esta enseñanza de Séneca nos invita a profundizar en nuestra comprensión de la vida virtuosa.','Reflexiona sobre un momento reciente donde esta sabiduría podría haber cambiado tu perspectiva. ¿Qué aprendiste?','2025-08-30 18:22:06.395000','2025-08-30 18:22:06.395000'),(233,233,'Agosto','Sabiduría y Discernimiento','La paciencia es la compañera de la sabiduría.','Epicteto','Esta sabiduría antigua sigue siendo relevante en nuestro mundo moderno. Nos enseña a encontrar paz en medio del caos y fortaleza en la adversidad. Esta enseñanza de Epicteto nos invita a profundizar en nuestra comprensión de la vida virtuosa.','¿Qué aspectos de tu vida diaria podrían beneficiarse de esta filosofía? Describe tres acciones concretas.','2025-08-30 18:22:06.396000','2025-08-30 18:22:06.396000'),(234,234,'Agosto','Sabiduría y Discernimiento','No hay viento favorable para el que no sabe a dónde va.','Zenón de Citio','La práctica estoica no se trata de suprimir emociones, sino de entenderlas y responder con sabiduría. Es un camino hacia la libertad interior. Esta enseñanza de Zenón de Citio nos invita a profundizar en nuestra comprensión de la vida virtuosa.','Piensa en alguien que admires por su sabiduría. ¿Cómo crees que aplicaría este principio en su vida?','2025-08-30 18:22:06.396000','2025-08-30 18:22:06.396000'),(235,235,'Agosto','Sabiduría y Discernimiento','La ira es una locura momentánea.','Crisipo','Cada día tenemos la oportunidad de aplicar estos principios en nuestras relaciones, trabajo y desafíos personales. La filosofía estoica es práctica y transformadora. Esta enseñanza de Crisipo nos invita a profundizar en nuestra comprensión de la vida virtuosa.','¿Cuáles son los obstáculos principales que te impiden vivir según esta enseñanza? ¿Cómo podrías superarlos?','2025-08-30 18:22:06.397000','2025-08-30 18:22:06.397000'),(236,236,'Agosto','Sabiduría y Discernimiento','El dolor es inevitable, el sufrimiento es opcional.','Marco Aurelio','Esta enseñanza nos invita a reflexionar sobre la naturaleza del control y la aceptación. En nuestra vida diaria, constantemente enfrentamos situaciones que escapan a nuestro dominio, pero siempre tenemos la capacidad de elegir nuestra respuesta. Esta enseñanza de Marco Aurelio nos invita a profundizar en nuestra comprensión de la vida virtuosa.','¿Cómo puedes aplicar esta enseñanza en una situación específica que estés enfrentando actualmente?','2025-08-30 18:22:06.397000','2025-08-30 18:22:06.397000'),(237,237,'Agosto','Sabiduría y Discernimiento','La muerte no es lo contrario de la vida, sino parte de ella.','Séneca','La filosofía estoica nos recuerda que nuestro verdadero poder reside en nuestras decisiones internas. Cada momento es una oportunidad para practicar la virtud y crecer como personas. Esta enseñanza de Séneca nos invita a profundizar en nuestra comprensión de la vida virtuosa.','Reflexiona sobre un momento reciente donde esta sabiduría podría haber cambiado tu perspectiva. ¿Qué aprendiste?','2025-08-30 18:22:06.398000','2025-08-30 18:22:06.398000'),(238,238,'Agosto','Sabiduría y Discernimiento','La verdadera felicidad es disfrutar el presente sin depender ansiosamente del futuro.','Epicteto','Esta sabiduría antigua sigue siendo relevante en nuestro mundo moderno. Nos enseña a encontrar paz en medio del caos y fortaleza en la adversidad. Esta enseñanza de Epicteto nos invita a profundizar en nuestra comprensión de la vida virtuosa.','¿Qué aspectos de tu vida diaria podrían beneficiarse de esta filosofía? Describe tres acciones concretas.','2025-08-30 18:22:06.398000','2025-08-30 18:22:06.398000'),(239,239,'Agosto','Sabiduría y Discernimiento','No podemos dirigir el viento, pero sí ajustar las velas.','Zenón de Citio','La práctica estoica no se trata de suprimir emociones, sino de entenderlas y responder con sabiduría. Es un camino hacia la libertad interior. Esta enseñanza de Zenón de Citio nos invita a profundizar en nuestra comprensión de la vida virtuosa.','Piensa en alguien que admires por su sabiduría. ¿Cómo crees que aplicaría este principio en su vida?','2025-08-30 18:22:06.399000','2025-08-30 18:22:06.399000'),(240,240,'Agosto','Sabiduría y Discernimiento','La sabiduría comienza en el asombro.','Crisipo','Cada día tenemos la oportunidad de aplicar estos principios en nuestras relaciones, trabajo y desafíos personales. La filosofía estoica es práctica y transformadora. Esta enseñanza de Crisipo nos invita a profundizar en nuestra comprensión de la vida virtuosa.','¿Cuáles son los obstáculos principales que te impiden vivir según esta enseñanza? ¿Cómo podrías superarlos?','2025-08-30 18:22:06.399000','2025-08-30 18:22:06.399000'),(241,241,'Agosto','Sabiduría y Discernimiento','La felicidad y la libertad comienzan con la clara comprensión de un principio: algunas cosas están bajo nuestro control y otras no.','Marco Aurelio','Esta enseñanza nos invita a reflexionar sobre la naturaleza del control y la aceptación. En nuestra vida diaria, constantemente enfrentamos situaciones que escapan a nuestro dominio, pero siempre tenemos la capacidad de elegir nuestra respuesta. Esta enseñanza de Marco Aurelio nos invita a profundizar en nuestra comprensión de la vida virtuosa.','¿Cómo puedes aplicar esta enseñanza en una situación específica que estés enfrentando actualmente?','2025-08-30 18:22:06.400000','2025-08-30 18:22:06.400000'),(242,242,'Agosto','Sabiduría y Discernimiento','La mejor venganza es ser diferente a quien causó el daño.','Séneca','La filosofía estoica nos recuerda que nuestro verdadero poder reside en nuestras decisiones internas. Cada momento es una oportunidad para practicar la virtud y crecer como personas. Esta enseñanza de Séneca nos invita a profundizar en nuestra comprensión de la vida virtuosa.','Reflexiona sobre un momento reciente donde esta sabiduría podría haber cambiado tu perspectiva. ¿Qué aprendiste?','2025-08-30 18:22:06.401000','2025-08-30 18:22:06.401000'),(243,243,'Agosto','Sabiduría y Discernimiento','No es que tengamos poco tiempo, es que perdemos mucho.','Epicteto','Esta sabiduría antigua sigue siendo relevante en nuestro mundo moderno. Nos enseña a encontrar paz en medio del caos y fortaleza en la adversidad. Esta enseñanza de Epicteto nos invita a profundizar en nuestra comprensión de la vida virtuosa.','¿Qué aspectos de tu vida diaria podrían beneficiarse de esta filosofía? Describe tres acciones concretas.','2025-08-30 18:22:06.401000','2025-08-30 18:22:06.401000'),(244,244,'Septiembre','Relaciones y Comunidad','Te conviertes en aquello a lo que prestas atención.','Zenón de Citio','La práctica estoica no se trata de suprimir emociones, sino de entenderlas y responder con sabiduría. Es un camino hacia la libertad interior. Esta enseñanza de Zenón de Citio nos invita a profundizar en nuestra comprensión de la vida virtuosa.','Piensa en alguien que admires por su sabiduría. ¿Cómo crees que aplicaría este principio en su vida?','2025-08-30 18:22:06.402000','2025-08-30 18:22:06.402000'),(245,245,'Septiembre','Relaciones y Comunidad','Tienes poder sobre tu mente, no sobre los acontecimientos externos. Date cuenta de esto y encontrarás fuerza.','Crisipo','Cada día tenemos la oportunidad de aplicar estos principios en nuestras relaciones, trabajo y desafíos personales. La filosofía estoica es práctica y transformadora. Esta enseñanza de Crisipo nos invita a profundizar en nuestra comprensión de la vida virtuosa.','¿Cuáles son los obstáculos principales que te impiden vivir según esta enseñanza? ¿Cómo podrías superarlos?','2025-08-30 18:22:06.402000','2025-08-30 18:22:06.402000'),(246,246,'Septiembre','Relaciones y Comunidad','La vida es muy corta para perderla en vanas esperanzas.','Marco Aurelio','Esta enseñanza nos invita a reflexionar sobre la naturaleza del control y la aceptación. En nuestra vida diaria, constantemente enfrentamos situaciones que escapan a nuestro dominio, pero siempre tenemos la capacidad de elegir nuestra respuesta. Esta enseñanza de Marco Aurelio nos invita a profundizar en nuestra comprensión de la vida virtuosa.','¿Cómo puedes aplicar esta enseñanza en una situación específica que estés enfrentando actualmente?','2025-08-30 18:22:06.403000','2025-08-30 18:22:06.403000'),(247,247,'Septiembre','Relaciones y Comunidad','No busques que los acontecimientos ocurran como tú quieres, sino acepta los acontecimientos como ocurren y todo irá bien.','Séneca','La filosofía estoica nos recuerda que nuestro verdadero poder reside en nuestras decisiones internas. Cada momento es una oportunidad para practicar la virtud y crecer como personas. Esta enseñanza de Séneca nos invita a profundizar en nuestra comprensión de la vida virtuosa.','Reflexiona sobre un momento reciente donde esta sabiduría podría haber cambiado tu perspectiva. ¿Qué aprendiste?','2025-08-30 18:22:06.403000','2025-08-30 18:22:06.403000'),(248,248,'Septiembre','Relaciones y Comunidad','Ningún hombre es libre si no es dueño de sí mismo.','Epicteto','Esta sabiduría antigua sigue siendo relevante en nuestro mundo moderno. Nos enseña a encontrar paz en medio del caos y fortaleza en la adversidad. Esta enseñanza de Epicteto nos invita a profundizar en nuestra comprensión de la vida virtuosa.','¿Qué aspectos de tu vida diaria podrían beneficiarse de esta filosofía? Describe tres acciones concretas.','2025-08-30 18:22:06.404000','2025-08-30 18:22:06.404000'),(249,249,'Septiembre','Relaciones y Comunidad','La riqueza consiste no en tener grandes posesiones, sino en tener pocas necesidades.','Zenón de Citio','La práctica estoica no se trata de suprimir emociones, sino de entenderlas y responder con sabiduría. Es un camino hacia la libertad interior. Esta enseñanza de Zenón de Citio nos invita a profundizar en nuestra comprensión de la vida virtuosa.','Piensa en alguien que admires por su sabiduría. ¿Cómo crees que aplicaría este principio en su vida?','2025-08-30 18:22:06.404000','2025-08-30 18:22:06.404000'),(250,250,'Septiembre','Relaciones y Comunidad','El sabio no se entristece por lo que no tiene, sino que se alegra por lo que tiene.','Crisipo','Cada día tenemos la oportunidad de aplicar estos principios en nuestras relaciones, trabajo y desafíos personales. La filosofía estoica es práctica y transformadora. Esta enseñanza de Crisipo nos invita a profundizar en nuestra comprensión de la vida virtuosa.','¿Cuáles son los obstáculos principales que te impiden vivir según esta enseñanza? ¿Cómo podrías superarlos?','2025-08-30 18:22:06.405000','2025-08-30 18:22:06.405000'),(251,251,'Septiembre','Relaciones y Comunidad','La virtud es el único bien verdadero.','Marco Aurelio','Esta enseñanza nos invita a reflexionar sobre la naturaleza del control y la aceptación. En nuestra vida diaria, constantemente enfrentamos situaciones que escapan a nuestro dominio, pero siempre tenemos la capacidad de elegir nuestra respuesta. Esta enseñanza de Marco Aurelio nos invita a profundizar en nuestra comprensión de la vida virtuosa.','¿Cómo puedes aplicar esta enseñanza en una situación específica que estés enfrentando actualmente?','2025-08-30 18:22:06.405000','2025-08-30 18:22:06.405000'),(252,252,'Septiembre','Relaciones y Comunidad','El presente es lo único que poseemos.','Séneca','La filosofía estoica nos recuerda que nuestro verdadero poder reside en nuestras decisiones internas. Cada momento es una oportunidad para practicar la virtud y crecer como personas. Esta enseñanza de Séneca nos invita a profundizar en nuestra comprensión de la vida virtuosa.','Reflexiona sobre un momento reciente donde esta sabiduría podría haber cambiado tu perspectiva. ¿Qué aprendiste?','2025-08-30 18:22:06.408000','2025-08-30 18:22:06.408000'),(253,253,'Septiembre','Relaciones y Comunidad','La paciencia es la compañera de la sabiduría.','Epicteto','Esta sabiduría antigua sigue siendo relevante en nuestro mundo moderno. Nos enseña a encontrar paz en medio del caos y fortaleza en la adversidad. Esta enseñanza de Epicteto nos invita a profundizar en nuestra comprensión de la vida virtuosa.','¿Qué aspectos de tu vida diaria podrían beneficiarse de esta filosofía? Describe tres acciones concretas.','2025-08-30 18:22:06.408000','2025-08-30 18:22:06.408000'),(254,254,'Septiembre','Relaciones y Comunidad','No hay viento favorable para el que no sabe a dónde va.','Zenón de Citio','La práctica estoica no se trata de suprimir emociones, sino de entenderlas y responder con sabiduría. Es un camino hacia la libertad interior. Esta enseñanza de Zenón de Citio nos invita a profundizar en nuestra comprensión de la vida virtuosa.','Piensa en alguien que admires por su sabiduría. ¿Cómo crees que aplicaría este principio en su vida?','2025-08-30 18:22:06.409000','2025-08-30 18:22:06.409000'),(255,255,'Septiembre','Relaciones y Comunidad','La ira es una locura momentánea.','Crisipo','Cada día tenemos la oportunidad de aplicar estos principios en nuestras relaciones, trabajo y desafíos personales. La filosofía estoica es práctica y transformadora. Esta enseñanza de Crisipo nos invita a profundizar en nuestra comprensión de la vida virtuosa.','¿Cuáles son los obstáculos principales que te impiden vivir según esta enseñanza? ¿Cómo podrías superarlos?','2025-08-30 18:22:06.410000','2025-08-30 18:22:06.410000'),(256,256,'Septiembre','Relaciones y Comunidad','El dolor es inevitable, el sufrimiento es opcional.','Marco Aurelio','Esta enseñanza nos invita a reflexionar sobre la naturaleza del control y la aceptación. En nuestra vida diaria, constantemente enfrentamos situaciones que escapan a nuestro dominio, pero siempre tenemos la capacidad de elegir nuestra respuesta. Esta enseñanza de Marco Aurelio nos invita a profundizar en nuestra comprensión de la vida virtuosa.','¿Cómo puedes aplicar esta enseñanza en una situación específica que estés enfrentando actualmente?','2025-08-30 18:22:06.410000','2025-08-30 18:22:06.410000'),(257,257,'Septiembre','Relaciones y Comunidad','La muerte no es lo contrario de la vida, sino parte de ella.','Séneca','La filosofía estoica nos recuerda que nuestro verdadero poder reside en nuestras decisiones internas. Cada momento es una oportunidad para practicar la virtud y crecer como personas. Esta enseñanza de Séneca nos invita a profundizar en nuestra comprensión de la vida virtuosa.','Reflexiona sobre un momento reciente donde esta sabiduría podría haber cambiado tu perspectiva. ¿Qué aprendiste?','2025-08-30 18:22:06.411000','2025-08-30 18:22:06.411000'),(258,258,'Septiembre','Relaciones y Comunidad','La verdadera felicidad es disfrutar el presente sin depender ansiosamente del futuro.','Epicteto','Esta sabiduría antigua sigue siendo relevante en nuestro mundo moderno. Nos enseña a encontrar paz en medio del caos y fortaleza en la adversidad. Esta enseñanza de Epicteto nos invita a profundizar en nuestra comprensión de la vida virtuosa.','¿Qué aspectos de tu vida diaria podrían beneficiarse de esta filosofía? Describe tres acciones concretas.','2025-08-30 18:22:06.411000','2025-08-30 18:22:06.411000'),(259,259,'Septiembre','Relaciones y Comunidad','No podemos dirigir el viento, pero sí ajustar las velas.','Zenón de Citio','La práctica estoica no se trata de suprimir emociones, sino de entenderlas y responder con sabiduría. Es un camino hacia la libertad interior. Esta enseñanza de Zenón de Citio nos invita a profundizar en nuestra comprensión de la vida virtuosa.','Piensa en alguien que admires por su sabiduría. ¿Cómo crees que aplicaría este principio en su vida?','2025-08-30 18:22:06.412000','2025-08-30 18:22:06.412000'),(260,260,'Septiembre','Relaciones y Comunidad','La sabiduría comienza en el asombro.','Crisipo','Cada día tenemos la oportunidad de aplicar estos principios en nuestras relaciones, trabajo y desafíos personales. La filosofía estoica es práctica y transformadora. Esta enseñanza de Crisipo nos invita a profundizar en nuestra comprensión de la vida virtuosa.','¿Cuáles son los obstáculos principales que te impiden vivir según esta enseñanza? ¿Cómo podrías superarlos?','2025-08-30 18:22:06.412000','2025-08-30 18:22:06.412000'),(261,261,'Septiembre','Relaciones y Comunidad','La felicidad y la libertad comienzan con la clara comprensión de un principio: algunas cosas están bajo nuestro control y otras no.','Marco Aurelio','Esta enseñanza nos invita a reflexionar sobre la naturaleza del control y la aceptación. En nuestra vida diaria, constantemente enfrentamos situaciones que escapan a nuestro dominio, pero siempre tenemos la capacidad de elegir nuestra respuesta. Esta enseñanza de Marco Aurelio nos invita a profundizar en nuestra comprensión de la vida virtuosa.','¿Cómo puedes aplicar esta enseñanza en una situación específica que estés enfrentando actualmente?','2025-08-30 18:22:06.413000','2025-08-30 18:22:06.413000'),(262,262,'Septiembre','Relaciones y Comunidad','La mejor venganza es ser diferente a quien causó el daño.','Séneca','La filosofía estoica nos recuerda que nuestro verdadero poder reside en nuestras decisiones internas. Cada momento es una oportunidad para practicar la virtud y crecer como personas. Esta enseñanza de Séneca nos invita a profundizar en nuestra comprensión de la vida virtuosa.','Reflexiona sobre un momento reciente donde esta sabiduría podría haber cambiado tu perspectiva. ¿Qué aprendiste?','2025-08-30 18:22:06.413000','2025-08-30 18:22:06.413000'),(263,263,'Septiembre','Relaciones y Comunidad','No es que tengamos poco tiempo, es que perdemos mucho.','Epicteto','Esta sabiduría antigua sigue siendo relevante en nuestro mundo moderno. Nos enseña a encontrar paz en medio del caos y fortaleza en la adversidad. Esta enseñanza de Epicteto nos invita a profundizar en nuestra comprensión de la vida virtuosa.','¿Qué aspectos de tu vida diaria podrían beneficiarse de esta filosofía? Describe tres acciones concretas.','2025-08-30 18:22:06.414000','2025-08-30 18:22:06.414000'),(264,264,'Septiembre','Relaciones y Comunidad','Te conviertes en aquello a lo que prestas atención.','Zenón de Citio','La práctica estoica no se trata de suprimir emociones, sino de entenderlas y responder con sabiduría. Es un camino hacia la libertad interior. Esta enseñanza de Zenón de Citio nos invita a profundizar en nuestra comprensión de la vida virtuosa.','Piensa en alguien que admires por su sabiduría. ¿Cómo crees que aplicaría este principio en su vida?','2025-08-30 18:22:06.415000','2025-08-30 18:22:06.415000'),(265,265,'Septiembre','Relaciones y Comunidad','Tienes poder sobre tu mente, no sobre los acontecimientos externos. Date cuenta de esto y encontrarás fuerza.','Crisipo','Cada día tenemos la oportunidad de aplicar estos principios en nuestras relaciones, trabajo y desafíos personales. La filosofía estoica es práctica y transformadora. Esta enseñanza de Crisipo nos invita a profundizar en nuestra comprensión de la vida virtuosa.','¿Cuáles son los obstáculos principales que te impiden vivir según esta enseñanza? ¿Cómo podrías superarlos?','2025-08-30 18:22:06.415000','2025-08-30 18:22:06.415000'),(266,266,'Septiembre','Relaciones y Comunidad','La vida es muy corta para perderla en vanas esperanzas.','Marco Aurelio','Esta enseñanza nos invita a reflexionar sobre la naturaleza del control y la aceptación. En nuestra vida diaria, constantemente enfrentamos situaciones que escapan a nuestro dominio, pero siempre tenemos la capacidad de elegir nuestra respuesta. Esta enseñanza de Marco Aurelio nos invita a profundizar en nuestra comprensión de la vida virtuosa.','¿Cómo puedes aplicar esta enseñanza en una situación específica que estés enfrentando actualmente?','2025-08-30 18:22:06.416000','2025-08-30 18:22:06.416000'),(267,267,'Septiembre','Relaciones y Comunidad','No busques que los acontecimientos ocurran como tú quieres, sino acepta los acontecimientos como ocurren y todo irá bien.','Séneca','La filosofía estoica nos recuerda que nuestro verdadero poder reside en nuestras decisiones internas. Cada momento es una oportunidad para practicar la virtud y crecer como personas. Esta enseñanza de Séneca nos invita a profundizar en nuestra comprensión de la vida virtuosa.','Reflexiona sobre un momento reciente donde esta sabiduría podría haber cambiado tu perspectiva. ¿Qué aprendiste?','2025-08-30 18:22:06.416000','2025-08-30 18:22:06.416000'),(268,268,'Septiembre','Relaciones y Comunidad','Ningún hombre es libre si no es dueño de sí mismo.','Epicteto','Esta sabiduría antigua sigue siendo relevante en nuestro mundo moderno. Nos enseña a encontrar paz en medio del caos y fortaleza en la adversidad. Esta enseñanza de Epicteto nos invita a profundizar en nuestra comprensión de la vida virtuosa.','¿Qué aspectos de tu vida diaria podrían beneficiarse de esta filosofía? Describe tres acciones concretas.','2025-08-30 18:22:06.417000','2025-08-30 18:22:06.417000'),(269,269,'Septiembre','Relaciones y Comunidad','La riqueza consiste no en tener grandes posesiones, sino en tener pocas necesidades.','Zenón de Citio','La práctica estoica no se trata de suprimir emociones, sino de entenderlas y responder con sabiduría. Es un camino hacia la libertad interior. Esta enseñanza de Zenón de Citio nos invita a profundizar en nuestra comprensión de la vida virtuosa.','Piensa en alguien que admires por su sabiduría. ¿Cómo crees que aplicaría este principio en su vida?','2025-08-30 18:22:06.417000','2025-08-30 18:22:06.417000'),(270,270,'Septiembre','Relaciones y Comunidad','El sabio no se entristece por lo que no tiene, sino que se alegra por lo que tiene.','Crisipo','Cada día tenemos la oportunidad de aplicar estos principios en nuestras relaciones, trabajo y desafíos personales. La filosofía estoica es práctica y transformadora. Esta enseñanza de Crisipo nos invita a profundizar en nuestra comprensión de la vida virtuosa.','¿Cuáles son los obstáculos principales que te impiden vivir según esta enseñanza? ¿Cómo podrías superarlos?','2025-08-30 18:22:06.418000','2025-08-30 18:22:06.418000'),(271,271,'Septiembre','Relaciones y Comunidad','La virtud es el único bien verdadero.','Marco Aurelio','Esta enseñanza nos invita a reflexionar sobre la naturaleza del control y la aceptación. En nuestra vida diaria, constantemente enfrentamos situaciones que escapan a nuestro dominio, pero siempre tenemos la capacidad de elegir nuestra respuesta. Esta enseñanza de Marco Aurelio nos invita a profundizar en nuestra comprensión de la vida virtuosa.','¿Cómo puedes aplicar esta enseñanza en una situación específica que estés enfrentando actualmente?','2025-08-30 18:22:06.418000','2025-08-30 18:22:06.418000'),(272,272,'Septiembre','Relaciones y Comunidad','El presente es lo único que poseemos.','Séneca','La filosofía estoica nos recuerda que nuestro verdadero poder reside en nuestras decisiones internas. Cada momento es una oportunidad para practicar la virtud y crecer como personas. Esta enseñanza de Séneca nos invita a profundizar en nuestra comprensión de la vida virtuosa.','Reflexiona sobre un momento reciente donde esta sabiduría podría haber cambiado tu perspectiva. ¿Qué aprendiste?','2025-08-30 18:22:06.419000','2025-08-30 18:22:06.419000'),(273,273,'Septiembre','Relaciones y Comunidad','La paciencia es la compañera de la sabiduría.','Epicteto','Esta sabiduría antigua sigue siendo relevante en nuestro mundo moderno. Nos enseña a encontrar paz en medio del caos y fortaleza en la adversidad. Esta enseñanza de Epicteto nos invita a profundizar en nuestra comprensión de la vida virtuosa.','¿Qué aspectos de tu vida diaria podrían beneficiarse de esta filosofía? Describe tres acciones concretas.','2025-08-30 18:22:06.419000','2025-08-30 18:22:06.419000'),(274,274,'Octubre','Propósito y Significado','No hay viento favorable para el que no sabe a dónde va.','Zenón de Citio','La práctica estoica no se trata de suprimir emociones, sino de entenderlas y responder con sabiduría. Es un camino hacia la libertad interior. Esta enseñanza de Zenón de Citio nos invita a profundizar en nuestra comprensión de la vida virtuosa.','Piensa en alguien que admires por su sabiduría. ¿Cómo crees que aplicaría este principio en su vida?','2025-08-30 18:22:06.420000','2025-08-30 18:22:06.420000'),(275,275,'Octubre','Propósito y Significado','La ira es una locura momentánea.','Crisipo','Cada día tenemos la oportunidad de aplicar estos principios en nuestras relaciones, trabajo y desafíos personales. La filosofía estoica es práctica y transformadora. Esta enseñanza de Crisipo nos invita a profundizar en nuestra comprensión de la vida virtuosa.','¿Cuáles son los obstáculos principales que te impiden vivir según esta enseñanza? ¿Cómo podrías superarlos?','2025-08-30 18:22:06.421000','2025-08-30 18:22:06.421000'),(276,276,'Octubre','Propósito y Significado','El dolor es inevitable, el sufrimiento es opcional.','Marco Aurelio','Esta enseñanza nos invita a reflexionar sobre la naturaleza del control y la aceptación. En nuestra vida diaria, constantemente enfrentamos situaciones que escapan a nuestro dominio, pero siempre tenemos la capacidad de elegir nuestra respuesta. Esta enseñanza de Marco Aurelio nos invita a profundizar en nuestra comprensión de la vida virtuosa.','¿Cómo puedes aplicar esta enseñanza en una situación específica que estés enfrentando actualmente?','2025-08-30 18:22:06.421000','2025-08-30 18:22:06.421000'),(277,277,'Octubre','Propósito y Significado','La muerte no es lo contrario de la vida, sino parte de ella.','Séneca','La filosofía estoica nos recuerda que nuestro verdadero poder reside en nuestras decisiones internas. Cada momento es una oportunidad para practicar la virtud y crecer como personas. Esta enseñanza de Séneca nos invita a profundizar en nuestra comprensión de la vida virtuosa.','Reflexiona sobre un momento reciente donde esta sabiduría podría haber cambiado tu perspectiva. ¿Qué aprendiste?','2025-08-30 18:22:06.422000','2025-08-30 18:22:06.422000'),(278,278,'Octubre','Propósito y Significado','La verdadera felicidad es disfrutar el presente sin depender ansiosamente del futuro.','Epicteto','Esta sabiduría antigua sigue siendo relevante en nuestro mundo moderno. Nos enseña a encontrar paz en medio del caos y fortaleza en la adversidad. Esta enseñanza de Epicteto nos invita a profundizar en nuestra comprensión de la vida virtuosa.','¿Qué aspectos de tu vida diaria podrían beneficiarse de esta filosofía? Describe tres acciones concretas.','2025-08-30 18:22:06.422000','2025-08-30 18:22:06.422000'),(279,279,'Octubre','Propósito y Significado','No podemos dirigir el viento, pero sí ajustar las velas.','Zenón de Citio','La práctica estoica no se trata de suprimir emociones, sino de entenderlas y responder con sabiduría. Es un camino hacia la libertad interior. Esta enseñanza de Zenón de Citio nos invita a profundizar en nuestra comprensión de la vida virtuosa.','Piensa en alguien que admires por su sabiduría. ¿Cómo crees que aplicaría este principio en su vida?','2025-08-30 18:22:06.423000','2025-08-30 18:22:06.423000'),(280,280,'Octubre','Propósito y Significado','La sabiduría comienza en el asombro.','Crisipo','Cada día tenemos la oportunidad de aplicar estos principios en nuestras relaciones, trabajo y desafíos personales. La filosofía estoica es práctica y transformadora. Esta enseñanza de Crisipo nos invita a profundizar en nuestra comprensión de la vida virtuosa.','¿Cuáles son los obstáculos principales que te impiden vivir según esta enseñanza? ¿Cómo podrías superarlos?','2025-08-30 18:22:06.423000','2025-08-30 18:22:06.423000'),(281,281,'Octubre','Propósito y Significado','La felicidad y la libertad comienzan con la clara comprensión de un principio: algunas cosas están bajo nuestro control y otras no.','Marco Aurelio','Esta enseñanza nos invita a reflexionar sobre la naturaleza del control y la aceptación. En nuestra vida diaria, constantemente enfrentamos situaciones que escapan a nuestro dominio, pero siempre tenemos la capacidad de elegir nuestra respuesta. Esta enseñanza de Marco Aurelio nos invita a profundizar en nuestra comprensión de la vida virtuosa.','¿Cómo puedes aplicar esta enseñanza en una situación específica que estés enfrentando actualmente?','2025-08-30 18:22:06.424000','2025-08-30 18:22:06.424000'),(282,282,'Octubre','Propósito y Significado','La mejor venganza es ser diferente a quien causó el daño.','Séneca','La filosofía estoica nos recuerda que nuestro verdadero poder reside en nuestras decisiones internas. Cada momento es una oportunidad para practicar la virtud y crecer como personas. Esta enseñanza de Séneca nos invita a profundizar en nuestra comprensión de la vida virtuosa.','Reflexiona sobre un momento reciente donde esta sabiduría podría haber cambiado tu perspectiva. ¿Qué aprendiste?','2025-08-30 18:22:06.424000','2025-08-30 18:22:06.424000'),(283,283,'Octubre','Propósito y Significado','No es que tengamos poco tiempo, es que perdemos mucho.','Epicteto','Esta sabiduría antigua sigue siendo relevante en nuestro mundo moderno. Nos enseña a encontrar paz en medio del caos y fortaleza en la adversidad. Esta enseñanza de Epicteto nos invita a profundizar en nuestra comprensión de la vida virtuosa.','¿Qué aspectos de tu vida diaria podrían beneficiarse de esta filosofía? Describe tres acciones concretas.','2025-08-30 18:22:06.425000','2025-08-30 18:22:06.425000'),(284,284,'Octubre','Propósito y Significado','Te conviertes en aquello a lo que prestas atención.','Zenón de Citio','La práctica estoica no se trata de suprimir emociones, sino de entenderlas y responder con sabiduría. Es un camino hacia la libertad interior. Esta enseñanza de Zenón de Citio nos invita a profundizar en nuestra comprensión de la vida virtuosa.','Piensa en alguien que admires por su sabiduría. ¿Cómo crees que aplicaría este principio en su vida?','2025-08-30 18:22:06.425000','2025-08-30 18:22:06.425000'),(285,285,'Octubre','Propósito y Significado','Tienes poder sobre tu mente, no sobre los acontecimientos externos. Date cuenta de esto y encontrarás fuerza.','Crisipo','Cada día tenemos la oportunidad de aplicar estos principios en nuestras relaciones, trabajo y desafíos personales. La filosofía estoica es práctica y transformadora. Esta enseñanza de Crisipo nos invita a profundizar en nuestra comprensión de la vida virtuosa.','¿Cuáles son los obstáculos principales que te impiden vivir según esta enseñanza? ¿Cómo podrías superarlos?','2025-08-30 18:22:06.426000','2025-08-30 18:22:06.426000'),(286,286,'Octubre','Propósito y Significado','La vida es muy corta para perderla en vanas esperanzas.','Marco Aurelio','Esta enseñanza nos invita a reflexionar sobre la naturaleza del control y la aceptación. En nuestra vida diaria, constantemente enfrentamos situaciones que escapan a nuestro dominio, pero siempre tenemos la capacidad de elegir nuestra respuesta. Esta enseñanza de Marco Aurelio nos invita a profundizar en nuestra comprensión de la vida virtuosa.','¿Cómo puedes aplicar esta enseñanza en una situación específica que estés enfrentando actualmente?','2025-08-30 18:22:06.427000','2025-08-30 18:22:06.427000'),(287,287,'Octubre','Propósito y Significado','No busques que los acontecimientos ocurran como tú quieres, sino acepta los acontecimientos como ocurren y todo irá bien.','Séneca','La filosofía estoica nos recuerda que nuestro verdadero poder reside en nuestras decisiones internas. Cada momento es una oportunidad para practicar la virtud y crecer como personas. Esta enseñanza de Séneca nos invita a profundizar en nuestra comprensión de la vida virtuosa.','Reflexiona sobre un momento reciente donde esta sabiduría podría haber cambiado tu perspectiva. ¿Qué aprendiste?','2025-08-30 18:22:06.427000','2025-08-30 18:22:06.427000'),(288,288,'Octubre','Propósito y Significado','Ningún hombre es libre si no es dueño de sí mismo.','Epicteto','Esta sabiduría antigua sigue siendo relevante en nuestro mundo moderno. Nos enseña a encontrar paz en medio del caos y fortaleza en la adversidad. Esta enseñanza de Epicteto nos invita a profundizar en nuestra comprensión de la vida virtuosa.','¿Qué aspectos de tu vida diaria podrían beneficiarse de esta filosofía? Describe tres acciones concretas.','2025-08-30 18:22:06.428000','2025-08-30 18:22:06.428000'),(289,289,'Octubre','Propósito y Significado','La riqueza consiste no en tener grandes posesiones, sino en tener pocas necesidades.','Zenón de Citio','La práctica estoica no se trata de suprimir emociones, sino de entenderlas y responder con sabiduría. Es un camino hacia la libertad interior. Esta enseñanza de Zenón de Citio nos invita a profundizar en nuestra comprensión de la vida virtuosa.','Piensa en alguien que admires por su sabiduría. ¿Cómo crees que aplicaría este principio en su vida?','2025-08-30 18:22:06.428000','2025-08-30 18:22:06.428000'),(290,290,'Octubre','Propósito y Significado','El sabio no se entristece por lo que no tiene, sino que se alegra por lo que tiene.','Crisipo','Cada día tenemos la oportunidad de aplicar estos principios en nuestras relaciones, trabajo y desafíos personales. La filosofía estoica es práctica y transformadora. Esta enseñanza de Crisipo nos invita a profundizar en nuestra comprensión de la vida virtuosa.','¿Cuáles son los obstáculos principales que te impiden vivir según esta enseñanza? ¿Cómo podrías superarlos?','2025-08-30 18:22:06.429000','2025-08-30 18:22:06.429000'),(291,291,'Octubre','Propósito y Significado','La virtud es el único bien verdadero.','Marco Aurelio','Esta enseñanza nos invita a reflexionar sobre la naturaleza del control y la aceptación. En nuestra vida diaria, constantemente enfrentamos situaciones que escapan a nuestro dominio, pero siempre tenemos la capacidad de elegir nuestra respuesta. Esta enseñanza de Marco Aurelio nos invita a profundizar en nuestra comprensión de la vida virtuosa.','¿Cómo puedes aplicar esta enseñanza en una situación específica que estés enfrentando actualmente?','2025-08-30 18:22:06.429000','2025-08-30 18:22:06.429000'),(292,292,'Octubre','Propósito y Significado','El presente es lo único que poseemos.','Séneca','La filosofía estoica nos recuerda que nuestro verdadero poder reside en nuestras decisiones internas. Cada momento es una oportunidad para practicar la virtud y crecer como personas. Esta enseñanza de Séneca nos invita a profundizar en nuestra comprensión de la vida virtuosa.','Reflexiona sobre un momento reciente donde esta sabiduría podría haber cambiado tu perspectiva. ¿Qué aprendiste?','2025-08-30 18:22:06.430000','2025-08-30 18:22:06.430000'),(293,293,'Octubre','Propósito y Significado','La paciencia es la compañera de la sabiduría.','Epicteto','Esta sabiduría antigua sigue siendo relevante en nuestro mundo moderno. Nos enseña a encontrar paz en medio del caos y fortaleza en la adversidad. Esta enseñanza de Epicteto nos invita a profundizar en nuestra comprensión de la vida virtuosa.','¿Qué aspectos de tu vida diaria podrían beneficiarse de esta filosofía? Describe tres acciones concretas.','2025-08-30 18:22:06.430000','2025-08-30 18:22:06.430000'),(294,294,'Octubre','Propósito y Significado','No hay viento favorable para el que no sabe a dónde va.','Zenón de Citio','La práctica estoica no se trata de suprimir emociones, sino de entenderlas y responder con sabiduría. Es un camino hacia la libertad interior. Esta enseñanza de Zenón de Citio nos invita a profundizar en nuestra comprensión de la vida virtuosa.','Piensa en alguien que admires por su sabiduría. ¿Cómo crees que aplicaría este principio en su vida?','2025-08-30 18:22:06.431000','2025-08-30 18:22:06.431000'),(295,295,'Octubre','Propósito y Significado','La ira es una locura momentánea.','Crisipo','Cada día tenemos la oportunidad de aplicar estos principios en nuestras relaciones, trabajo y desafíos personales. La filosofía estoica es práctica y transformadora. Esta enseñanza de Crisipo nos invita a profundizar en nuestra comprensión de la vida virtuosa.','¿Cuáles son los obstáculos principales que te impiden vivir según esta enseñanza? ¿Cómo podrías superarlos?','2025-08-30 18:22:06.431000','2025-08-30 18:22:06.431000'),(296,296,'Octubre','Propósito y Significado','El dolor es inevitable, el sufrimiento es opcional.','Marco Aurelio','Esta enseñanza nos invita a reflexionar sobre la naturaleza del control y la aceptación. En nuestra vida diaria, constantemente enfrentamos situaciones que escapan a nuestro dominio, pero siempre tenemos la capacidad de elegir nuestra respuesta. Esta enseñanza de Marco Aurelio nos invita a profundizar en nuestra comprensión de la vida virtuosa.','¿Cómo puedes aplicar esta enseñanza en una situación específica que estés enfrentando actualmente?','2025-08-30 18:22:06.432000','2025-08-30 18:22:06.432000'),(297,297,'Octubre','Propósito y Significado','La muerte no es lo contrario de la vida, sino parte de ella.','Séneca','La filosofía estoica nos recuerda que nuestro verdadero poder reside en nuestras decisiones internas. Cada momento es una oportunidad para practicar la virtud y crecer como personas. Esta enseñanza de Séneca nos invita a profundizar en nuestra comprensión de la vida virtuosa.','Reflexiona sobre un momento reciente donde esta sabiduría podría haber cambiado tu perspectiva. ¿Qué aprendiste?','2025-08-30 18:22:06.433000','2025-08-30 18:22:06.433000'),(298,298,'Octubre','Propósito y Significado','La verdadera felicidad es disfrutar el presente sin depender ansiosamente del futuro.','Epicteto','Esta sabiduría antigua sigue siendo relevante en nuestro mundo moderno. Nos enseña a encontrar paz en medio del caos y fortaleza en la adversidad. Esta enseñanza de Epicteto nos invita a profundizar en nuestra comprensión de la vida virtuosa.','¿Qué aspectos de tu vida diaria podrían beneficiarse de esta filosofía? Describe tres acciones concretas.','2025-08-30 18:22:06.433000','2025-08-30 18:22:06.433000'),(299,299,'Octubre','Propósito y Significado','No podemos dirigir el viento, pero sí ajustar las velas.','Zenón de Citio','La práctica estoica no se trata de suprimir emociones, sino de entenderlas y responder con sabiduría. Es un camino hacia la libertad interior. Esta enseñanza de Zenón de Citio nos invita a profundizar en nuestra comprensión de la vida virtuosa.','Piensa en alguien que admires por su sabiduría. ¿Cómo crees que aplicaría este principio en su vida?','2025-08-30 18:22:06.434000','2025-08-30 18:22:06.434000'),(300,300,'Octubre','Propósito y Significado','La sabiduría comienza en el asombro.','Crisipo','Cada día tenemos la oportunidad de aplicar estos principios en nuestras relaciones, trabajo y desafíos personales. La filosofía estoica es práctica y transformadora. Esta enseñanza de Crisipo nos invita a profundizar en nuestra comprensión de la vida virtuosa.','¿Cuáles son los obstáculos principales que te impiden vivir según esta enseñanza? ¿Cómo podrías superarlos?','2025-08-30 18:22:06.434000','2025-08-30 18:22:06.434000'),(301,301,'Octubre','Propósito y Significado','La felicidad y la libertad comienzan con la clara comprensión de un principio: algunas cosas están bajo nuestro control y otras no.','Marco Aurelio','Esta enseñanza nos invita a reflexionar sobre la naturaleza del control y la aceptación. En nuestra vida diaria, constantemente enfrentamos situaciones que escapan a nuestro dominio, pero siempre tenemos la capacidad de elegir nuestra respuesta. Esta enseñanza de Marco Aurelio nos invita a profundizar en nuestra comprensión de la vida virtuosa.','¿Cómo puedes aplicar esta enseñanza en una situación específica que estés enfrentando actualmente?','2025-08-30 18:22:06.435000','2025-08-30 18:22:06.435000'),(302,302,'Octubre','Propósito y Significado','La mejor venganza es ser diferente a quien causó el daño.','Séneca','La filosofía estoica nos recuerda que nuestro verdadero poder reside en nuestras decisiones internas. Cada momento es una oportunidad para practicar la virtud y crecer como personas. Esta enseñanza de Séneca nos invita a profundizar en nuestra comprensión de la vida virtuosa.','Reflexiona sobre un momento reciente donde esta sabiduría podría haber cambiado tu perspectiva. ¿Qué aprendiste?','2025-08-30 18:22:06.435000','2025-08-30 18:22:06.435000'),(303,303,'Octubre','Propósito y Significado','No es que tengamos poco tiempo, es que perdemos mucho.','Epicteto','Esta sabiduría antigua sigue siendo relevante en nuestro mundo moderno. Nos enseña a encontrar paz en medio del caos y fortaleza en la adversidad. Esta enseñanza de Epicteto nos invita a profundizar en nuestra comprensión de la vida virtuosa.','¿Qué aspectos de tu vida diaria podrían beneficiarse de esta filosofía? Describe tres acciones concretas.','2025-08-30 18:22:06.436000','2025-08-30 18:22:06.436000'),(304,304,'Octubre','Propósito y Significado','Te conviertes en aquello a lo que prestas atención.','Zenón de Citio','La práctica estoica no se trata de suprimir emociones, sino de entenderlas y responder con sabiduría. Es un camino hacia la libertad interior. Esta enseñanza de Zenón de Citio nos invita a profundizar en nuestra comprensión de la vida virtuosa.','Piensa en alguien que admires por su sabiduría. ¿Cómo crees que aplicaría este principio en su vida?','2025-08-30 18:22:06.436000','2025-08-30 18:22:06.436000'),(305,305,'Noviembre','Gratitud y Abundancia','Tienes poder sobre tu mente, no sobre los acontecimientos externos. Date cuenta de esto y encontrarás fuerza.','Crisipo','Cada día tenemos la oportunidad de aplicar estos principios en nuestras relaciones, trabajo y desafíos personales. La filosofía estoica es práctica y transformadora. Esta enseñanza de Crisipo nos invita a profundizar en nuestra comprensión de la vida virtuosa.','¿Cuáles son los obstáculos principales que te impiden vivir según esta enseñanza? ¿Cómo podrías superarlos?','2025-08-30 18:22:06.437000','2025-08-30 18:22:06.437000'),(306,306,'Noviembre','Gratitud y Abundancia','La vida es muy corta para perderla en vanas esperanzas.','Marco Aurelio','Esta enseñanza nos invita a reflexionar sobre la naturaleza del control y la aceptación. En nuestra vida diaria, constantemente enfrentamos situaciones que escapan a nuestro dominio, pero siempre tenemos la capacidad de elegir nuestra respuesta. Esta enseñanza de Marco Aurelio nos invita a profundizar en nuestra comprensión de la vida virtuosa.','¿Cómo puedes aplicar esta enseñanza en una situación específica que estés enfrentando actualmente?','2025-08-30 18:22:06.437000','2025-08-30 18:22:06.437000'),(307,307,'Noviembre','Gratitud y Abundancia','No busques que los acontecimientos ocurran como tú quieres, sino acepta los acontecimientos como ocurren y todo irá bien.','Séneca','La filosofía estoica nos recuerda que nuestro verdadero poder reside en nuestras decisiones internas. Cada momento es una oportunidad para practicar la virtud y crecer como personas. Esta enseñanza de Séneca nos invita a profundizar en nuestra comprensión de la vida virtuosa.','Reflexiona sobre un momento reciente donde esta sabiduría podría haber cambiado tu perspectiva. ¿Qué aprendiste?','2025-08-30 18:22:06.438000','2025-08-30 18:22:06.438000'),(308,308,'Noviembre','Gratitud y Abundancia','Ningún hombre es libre si no es dueño de sí mismo.','Epicteto','Esta sabiduría antigua sigue siendo relevante en nuestro mundo moderno. Nos enseña a encontrar paz en medio del caos y fortaleza en la adversidad. Esta enseñanza de Epicteto nos invita a profundizar en nuestra comprensión de la vida virtuosa.','¿Qué aspectos de tu vida diaria podrían beneficiarse de esta filosofía? Describe tres acciones concretas.','2025-08-30 18:22:06.439000','2025-08-30 18:22:06.439000'),(309,309,'Noviembre','Gratitud y Abundancia','La riqueza consiste no en tener grandes posesiones, sino en tener pocas necesidades.','Zenón de Citio','La práctica estoica no se trata de suprimir emociones, sino de entenderlas y responder con sabiduría. Es un camino hacia la libertad interior. Esta enseñanza de Zenón de Citio nos invita a profundizar en nuestra comprensión de la vida virtuosa.','Piensa en alguien que admires por su sabiduría. ¿Cómo crees que aplicaría este principio en su vida?','2025-08-30 18:22:06.439000','2025-08-30 18:22:06.439000'),(310,310,'Noviembre','Gratitud y Abundancia','El sabio no se entristece por lo que no tiene, sino que se alegra por lo que tiene.','Crisipo','Cada día tenemos la oportunidad de aplicar estos principios en nuestras relaciones, trabajo y desafíos personales. La filosofía estoica es práctica y transformadora. Esta enseñanza de Crisipo nos invita a profundizar en nuestra comprensión de la vida virtuosa.','¿Cuáles son los obstáculos principales que te impiden vivir según esta enseñanza? ¿Cómo podrías superarlos?','2025-08-30 18:22:06.440000','2025-08-30 18:22:06.440000'),(311,311,'Noviembre','Gratitud y Abundancia','La virtud es el único bien verdadero.','Marco Aurelio','Esta enseñanza nos invita a reflexionar sobre la naturaleza del control y la aceptación. En nuestra vida diaria, constantemente enfrentamos situaciones que escapan a nuestro dominio, pero siempre tenemos la capacidad de elegir nuestra respuesta. Esta enseñanza de Marco Aurelio nos invita a profundizar en nuestra comprensión de la vida virtuosa.','¿Cómo puedes aplicar esta enseñanza en una situación específica que estés enfrentando actualmente?','2025-08-30 18:22:06.440000','2025-08-30 18:22:06.440000'),(312,312,'Noviembre','Gratitud y Abundancia','El presente es lo único que poseemos.','Séneca','La filosofía estoica nos recuerda que nuestro verdadero poder reside en nuestras decisiones internas. Cada momento es una oportunidad para practicar la virtud y crecer como personas. Esta enseñanza de Séneca nos invita a profundizar en nuestra comprensión de la vida virtuosa.','Reflexiona sobre un momento reciente donde esta sabiduría podría haber cambiado tu perspectiva. ¿Qué aprendiste?','2025-08-30 18:22:06.441000','2025-08-30 18:22:06.441000'),(313,313,'Noviembre','Gratitud y Abundancia','La paciencia es la compañera de la sabiduría.','Epicteto','Esta sabiduría antigua sigue siendo relevante en nuestro mundo moderno. Nos enseña a encontrar paz en medio del caos y fortaleza en la adversidad. Esta enseñanza de Epicteto nos invita a profundizar en nuestra comprensión de la vida virtuosa.','¿Qué aspectos de tu vida diaria podrían beneficiarse de esta filosofía? Describe tres acciones concretas.','2025-08-30 18:22:06.441000','2025-08-30 18:22:06.441000'),(314,314,'Noviembre','Gratitud y Abundancia','No hay viento favorable para el que no sabe a dónde va.','Zenón de Citio','La práctica estoica no se trata de suprimir emociones, sino de entenderlas y responder con sabiduría. Es un camino hacia la libertad interior. Esta enseñanza de Zenón de Citio nos invita a profundizar en nuestra comprensión de la vida virtuosa.','Piensa en alguien que admires por su sabiduría. ¿Cómo crees que aplicaría este principio en su vida?','2025-08-30 18:22:06.442000','2025-08-30 18:22:06.442000'),(315,315,'Noviembre','Gratitud y Abundancia','La ira es una locura momentánea.','Crisipo','Cada día tenemos la oportunidad de aplicar estos principios en nuestras relaciones, trabajo y desafíos personales. La filosofía estoica es práctica y transformadora. Esta enseñanza de Crisipo nos invita a profundizar en nuestra comprensión de la vida virtuosa.','¿Cuáles son los obstáculos principales que te impiden vivir según esta enseñanza? ¿Cómo podrías superarlos?','2025-08-30 18:22:06.442000','2025-08-30 18:22:06.442000'),(316,316,'Noviembre','Gratitud y Abundancia','El dolor es inevitable, el sufrimiento es opcional.','Marco Aurelio','Esta enseñanza nos invita a reflexionar sobre la naturaleza del control y la aceptación. En nuestra vida diaria, constantemente enfrentamos situaciones que escapan a nuestro dominio, pero siempre tenemos la capacidad de elegir nuestra respuesta. Esta enseñanza de Marco Aurelio nos invita a profundizar en nuestra comprensión de la vida virtuosa.','¿Cómo puedes aplicar esta enseñanza en una situación específica que estés enfrentando actualmente?','2025-08-30 18:22:06.443000','2025-08-30 18:22:06.443000'),(317,317,'Noviembre','Gratitud y Abundancia','La muerte no es lo contrario de la vida, sino parte de ella.','Séneca','La filosofía estoica nos recuerda que nuestro verdadero poder reside en nuestras decisiones internas. Cada momento es una oportunidad para practicar la virtud y crecer como personas. Esta enseñanza de Séneca nos invita a profundizar en nuestra comprensión de la vida virtuosa.','Reflexiona sobre un momento reciente donde esta sabiduría podría haber cambiado tu perspectiva. ¿Qué aprendiste?','2025-08-30 18:22:06.444000','2025-08-30 18:22:06.444000'),(318,318,'Noviembre','Gratitud y Abundancia','La verdadera felicidad es disfrutar el presente sin depender ansiosamente del futuro.','Epicteto','Esta sabiduría antigua sigue siendo relevante en nuestro mundo moderno. Nos enseña a encontrar paz en medio del caos y fortaleza en la adversidad. Esta enseñanza de Epicteto nos invita a profundizar en nuestra comprensión de la vida virtuosa.','¿Qué aspectos de tu vida diaria podrían beneficiarse de esta filosofía? Describe tres acciones concretas.','2025-08-30 18:22:06.444000','2025-08-30 18:22:06.444000'),(319,319,'Noviembre','Gratitud y Abundancia','No podemos dirigir el viento, pero sí ajustar las velas.','Zenón de Citio','La práctica estoica no se trata de suprimir emociones, sino de entenderlas y responder con sabiduría. Es un camino hacia la libertad interior. Esta enseñanza de Zenón de Citio nos invita a profundizar en nuestra comprensión de la vida virtuosa.','Piensa en alguien que admires por su sabiduría. ¿Cómo crees que aplicaría este principio en su vida?','2025-08-30 18:22:06.445000','2025-08-30 18:22:06.445000'),(320,320,'Noviembre','Gratitud y Abundancia','La sabiduría comienza en el asombro.','Crisipo','Cada día tenemos la oportunidad de aplicar estos principios en nuestras relaciones, trabajo y desafíos personales. La filosofía estoica es práctica y transformadora. Esta enseñanza de Crisipo nos invita a profundizar en nuestra comprensión de la vida virtuosa.','¿Cuáles son los obstáculos principales que te impiden vivir según esta enseñanza? ¿Cómo podrías superarlos?','2025-08-30 18:22:06.445000','2025-08-30 18:22:06.445000'),(321,321,'Noviembre','Gratitud y Abundancia','La felicidad y la libertad comienzan con la clara comprensión de un principio: algunas cosas están bajo nuestro control y otras no.','Marco Aurelio','Esta enseñanza nos invita a reflexionar sobre la naturaleza del control y la aceptación. En nuestra vida diaria, constantemente enfrentamos situaciones que escapan a nuestro dominio, pero siempre tenemos la capacidad de elegir nuestra respuesta. Esta enseñanza de Marco Aurelio nos invita a profundizar en nuestra comprensión de la vida virtuosa.','¿Cómo puedes aplicar esta enseñanza en una situación específica que estés enfrentando actualmente?','2025-08-30 18:22:06.446000','2025-08-30 18:22:06.446000'),(322,322,'Noviembre','Gratitud y Abundancia','La mejor venganza es ser diferente a quien causó el daño.','Séneca','La filosofía estoica nos recuerda que nuestro verdadero poder reside en nuestras decisiones internas. Cada momento es una oportunidad para practicar la virtud y crecer como personas. Esta enseñanza de Séneca nos invita a profundizar en nuestra comprensión de la vida virtuosa.','Reflexiona sobre un momento reciente donde esta sabiduría podría haber cambiado tu perspectiva. ¿Qué aprendiste?','2025-08-30 18:22:06.446000','2025-08-30 18:22:06.446000'),(323,323,'Noviembre','Gratitud y Abundancia','No es que tengamos poco tiempo, es que perdemos mucho.','Epicteto','Esta sabiduría antigua sigue siendo relevante en nuestro mundo moderno. Nos enseña a encontrar paz en medio del caos y fortaleza en la adversidad. Esta enseñanza de Epicteto nos invita a profundizar en nuestra comprensión de la vida virtuosa.','¿Qué aspectos de tu vida diaria podrían beneficiarse de esta filosofía? Describe tres acciones concretas.','2025-08-30 18:22:06.447000','2025-08-30 18:22:06.447000'),(324,324,'Noviembre','Gratitud y Abundancia','Te conviertes en aquello a lo que prestas atención.','Zenón de Citio','La práctica estoica no se trata de suprimir emociones, sino de entenderlas y responder con sabiduría. Es un camino hacia la libertad interior. Esta enseñanza de Zenón de Citio nos invita a profundizar en nuestra comprensión de la vida virtuosa.','Piensa en alguien que admires por su sabiduría. ¿Cómo crees que aplicaría este principio en su vida?','2025-08-30 18:22:06.447000','2025-08-30 18:22:06.447000'),(325,325,'Noviembre','Gratitud y Abundancia','Tienes poder sobre tu mente, no sobre los acontecimientos externos. Date cuenta de esto y encontrarás fuerza.','Crisipo','Cada día tenemos la oportunidad de aplicar estos principios en nuestras relaciones, trabajo y desafíos personales. La filosofía estoica es práctica y transformadora. Esta enseñanza de Crisipo nos invita a profundizar en nuestra comprensión de la vida virtuosa.','¿Cuáles son los obstáculos principales que te impiden vivir según esta enseñanza? ¿Cómo podrías superarlos?','2025-08-30 18:22:06.448000','2025-08-30 18:22:06.448000'),(326,326,'Noviembre','Gratitud y Abundancia','La vida es muy corta para perderla en vanas esperanzas.','Marco Aurelio','Esta enseñanza nos invita a reflexionar sobre la naturaleza del control y la aceptación. En nuestra vida diaria, constantemente enfrentamos situaciones que escapan a nuestro dominio, pero siempre tenemos la capacidad de elegir nuestra respuesta. Esta enseñanza de Marco Aurelio nos invita a profundizar en nuestra comprensión de la vida virtuosa.','¿Cómo puedes aplicar esta enseñanza en una situación específica que estés enfrentando actualmente?','2025-08-30 18:22:06.448000','2025-08-30 18:22:06.448000'),(327,327,'Noviembre','Gratitud y Abundancia','No busques que los acontecimientos ocurran como tú quieres, sino acepta los acontecimientos como ocurren y todo irá bien.','Séneca','La filosofía estoica nos recuerda que nuestro verdadero poder reside en nuestras decisiones internas. Cada momento es una oportunidad para practicar la virtud y crecer como personas. Esta enseñanza de Séneca nos invita a profundizar en nuestra comprensión de la vida virtuosa.','Reflexiona sobre un momento reciente donde esta sabiduría podría haber cambiado tu perspectiva. ¿Qué aprendiste?','2025-08-30 18:22:06.449000','2025-08-30 18:22:06.449000'),(328,328,'Noviembre','Gratitud y Abundancia','Ningún hombre es libre si no es dueño de sí mismo.','Epicteto','Esta sabiduría antigua sigue siendo relevante en nuestro mundo moderno. Nos enseña a encontrar paz en medio del caos y fortaleza en la adversidad. Esta enseñanza de Epicteto nos invita a profundizar en nuestra comprensión de la vida virtuosa.','¿Qué aspectos de tu vida diaria podrían beneficiarse de esta filosofía? Describe tres acciones concretas.','2025-08-30 18:22:06.450000','2025-08-30 18:22:06.450000'),(329,329,'Noviembre','Gratitud y Abundancia','La riqueza consiste no en tener grandes posesiones, sino en tener pocas necesidades.','Zenón de Citio','La práctica estoica no se trata de suprimir emociones, sino de entenderlas y responder con sabiduría. Es un camino hacia la libertad interior. Esta enseñanza de Zenón de Citio nos invita a profundizar en nuestra comprensión de la vida virtuosa.','Piensa en alguien que admires por su sabiduría. ¿Cómo crees que aplicaría este principio en su vida?','2025-08-30 18:22:06.450000','2025-08-30 18:22:06.450000'),(330,330,'Noviembre','Gratitud y Abundancia','El sabio no se entristece por lo que no tiene, sino que se alegra por lo que tiene.','Crisipo','Cada día tenemos la oportunidad de aplicar estos principios en nuestras relaciones, trabajo y desafíos personales. La filosofía estoica es práctica y transformadora. Esta enseñanza de Crisipo nos invita a profundizar en nuestra comprensión de la vida virtuosa.','¿Cuáles son los obstáculos principales que te impiden vivir según esta enseñanza? ¿Cómo podrías superarlos?','2025-08-30 18:22:06.451000','2025-08-30 18:22:06.451000'),(331,331,'Noviembre','Gratitud y Abundancia','La virtud es el único bien verdadero.','Marco Aurelio','Esta enseñanza nos invita a reflexionar sobre la naturaleza del control y la aceptación. En nuestra vida diaria, constantemente enfrentamos situaciones que escapan a nuestro dominio, pero siempre tenemos la capacidad de elegir nuestra respuesta. Esta enseñanza de Marco Aurelio nos invita a profundizar en nuestra comprensión de la vida virtuosa.','¿Cómo puedes aplicar esta enseñanza en una situación específica que estés enfrentando actualmente?','2025-08-30 18:22:06.451000','2025-08-30 18:22:06.451000'),(332,332,'Noviembre','Gratitud y Abundancia','El presente es lo único que poseemos.','Séneca','La filosofía estoica nos recuerda que nuestro verdadero poder reside en nuestras decisiones internas. Cada momento es una oportunidad para practicar la virtud y crecer como personas. Esta enseñanza de Séneca nos invita a profundizar en nuestra comprensión de la vida virtuosa.','Reflexiona sobre un momento reciente donde esta sabiduría podría haber cambiado tu perspectiva. ¿Qué aprendiste?','2025-08-30 18:22:06.452000','2025-08-30 18:22:06.452000'),(333,333,'Noviembre','Gratitud y Abundancia','La paciencia es la compañera de la sabiduría.','Epicteto','Esta sabiduría antigua sigue siendo relevante en nuestro mundo moderno. Nos enseña a encontrar paz en medio del caos y fortaleza en la adversidad. Esta enseñanza de Epicteto nos invita a profundizar en nuestra comprensión de la vida virtuosa.','¿Qué aspectos de tu vida diaria podrían beneficiarse de esta filosofía? Describe tres acciones concretas.','2025-08-30 18:22:06.452000','2025-08-30 18:22:06.452000'),(334,334,'Noviembre','Gratitud y Abundancia','No hay viento favorable para el que no sabe a dónde va.','Zenón de Citio','La práctica estoica no se trata de suprimir emociones, sino de entenderlas y responder con sabiduría. Es un camino hacia la libertad interior. Esta enseñanza de Zenón de Citio nos invita a profundizar en nuestra comprensión de la vida virtuosa.','Piensa en alguien que admires por su sabiduría. ¿Cómo crees que aplicaría este principio en su vida?','2025-08-30 18:22:06.453000','2025-08-30 18:22:06.453000'),(335,335,'Diciembre','Reflexión y Renovación','La ira es una locura momentánea.','Crisipo','Cada día tenemos la oportunidad de aplicar estos principios en nuestras relaciones, trabajo y desafíos personales. La filosofía estoica es práctica y transformadora. Esta enseñanza de Crisipo nos invita a profundizar en nuestra comprensión de la vida virtuosa.','¿Cuáles son los obstáculos principales que te impiden vivir según esta enseñanza? ¿Cómo podrías superarlos?','2025-08-30 18:22:06.453000','2025-08-30 18:22:06.453000'),(336,336,'Diciembre','Reflexión y Renovación','El dolor es inevitable, el sufrimiento es opcional.','Marco Aurelio','Esta enseñanza nos invita a reflexionar sobre la naturaleza del control y la aceptación. En nuestra vida diaria, constantemente enfrentamos situaciones que escapan a nuestro dominio, pero siempre tenemos la capacidad de elegir nuestra respuesta. Esta enseñanza de Marco Aurelio nos invita a profundizar en nuestra comprensión de la vida virtuosa.','¿Cómo puedes aplicar esta enseñanza en una situación específica que estés enfrentando actualmente?','2025-08-30 18:22:06.454000','2025-08-30 18:22:06.454000'),(337,337,'Diciembre','Reflexión y Renovación','La muerte no es lo contrario de la vida, sino parte de ella.','Séneca','La filosofía estoica nos recuerda que nuestro verdadero poder reside en nuestras decisiones internas. Cada momento es una oportunidad para practicar la virtud y crecer como personas. Esta enseñanza de Séneca nos invita a profundizar en nuestra comprensión de la vida virtuosa.','Reflexiona sobre un momento reciente donde esta sabiduría podría haber cambiado tu perspectiva. ¿Qué aprendiste?','2025-08-30 18:22:06.454000','2025-08-30 18:22:06.454000'),(338,338,'Diciembre','Reflexión y Renovación','La verdadera felicidad es disfrutar el presente sin depender ansiosamente del futuro.','Epicteto','Esta sabiduría antigua sigue siendo relevante en nuestro mundo moderno. Nos enseña a encontrar paz en medio del caos y fortaleza en la adversidad. Esta enseñanza de Epicteto nos invita a profundizar en nuestra comprensión de la vida virtuosa.','¿Qué aspectos de tu vida diaria podrían beneficiarse de esta filosofía? Describe tres acciones concretas.','2025-08-30 18:22:06.455000','2025-08-30 18:22:06.455000'),(339,339,'Diciembre','Reflexión y Renovación','No podemos dirigir el viento, pero sí ajustar las velas.','Zenón de Citio','La práctica estoica no se trata de suprimir emociones, sino de entenderlas y responder con sabiduría. Es un camino hacia la libertad interior. Esta enseñanza de Zenón de Citio nos invita a profundizar en nuestra comprensión de la vida virtuosa.','Piensa en alguien que admires por su sabiduría. ¿Cómo crees que aplicaría este principio en su vida?','2025-08-30 18:22:06.456000','2025-08-30 18:22:06.456000'),(340,340,'Diciembre','Reflexión y Renovación','La sabiduría comienza en el asombro.','Crisipo','Cada día tenemos la oportunidad de aplicar estos principios en nuestras relaciones, trabajo y desafíos personales. La filosofía estoica es práctica y transformadora. Esta enseñanza de Crisipo nos invita a profundizar en nuestra comprensión de la vida virtuosa.','¿Cuáles son los obstáculos principales que te impiden vivir según esta enseñanza? ¿Cómo podrías superarlos?','2025-08-30 18:22:06.456000','2025-08-30 18:22:06.456000'),(341,341,'Diciembre','Reflexión y Renovación','La felicidad y la libertad comienzan con la clara comprensión de un principio: algunas cosas están bajo nuestro control y otras no.','Marco Aurelio','Esta enseñanza nos invita a reflexionar sobre la naturaleza del control y la aceptación. En nuestra vida diaria, constantemente enfrentamos situaciones que escapan a nuestro dominio, pero siempre tenemos la capacidad de elegir nuestra respuesta. Esta enseñanza de Marco Aurelio nos invita a profundizar en nuestra comprensión de la vida virtuosa.','¿Cómo puedes aplicar esta enseñanza en una situación específica que estés enfrentando actualmente?','2025-08-30 18:22:06.457000','2025-08-30 18:22:06.457000'),(342,342,'Diciembre','Reflexión y Renovación','La mejor venganza es ser diferente a quien causó el daño.','Séneca','La filosofía estoica nos recuerda que nuestro verdadero poder reside en nuestras decisiones internas. Cada momento es una oportunidad para practicar la virtud y crecer como personas. Esta enseñanza de Séneca nos invita a profundizar en nuestra comprensión de la vida virtuosa.','Reflexiona sobre un momento reciente donde esta sabiduría podría haber cambiado tu perspectiva. ¿Qué aprendiste?','2025-08-30 18:22:06.457000','2025-08-30 18:22:06.457000'),(343,343,'Diciembre','Reflexión y Renovación','No es que tengamos poco tiempo, es que perdemos mucho.','Epicteto','Esta sabiduría antigua sigue siendo relevante en nuestro mundo moderno. Nos enseña a encontrar paz en medio del caos y fortaleza en la adversidad. Esta enseñanza de Epicteto nos invita a profundizar en nuestra comprensión de la vida virtuosa.','¿Qué aspectos de tu vida diaria podrían beneficiarse de esta filosofía? Describe tres acciones concretas.','2025-08-30 18:22:06.458000','2025-08-30 18:22:06.458000'),(344,344,'Diciembre','Reflexión y Renovación','Te conviertes en aquello a lo que prestas atención.','Zenón de Citio','La práctica estoica no se trata de suprimir emociones, sino de entenderlas y responder con sabiduría. Es un camino hacia la libertad interior. Esta enseñanza de Zenón de Citio nos invita a profundizar en nuestra comprensión de la vida virtuosa.','Piensa en alguien que admires por su sabiduría. ¿Cómo crees que aplicaría este principio en su vida?','2025-08-30 18:22:06.458000','2025-08-30 18:22:06.458000'),(345,345,'Diciembre','Reflexión y Renovación','Tienes poder sobre tu mente, no sobre los acontecimientos externos. Date cuenta de esto y encontrarás fuerza.','Crisipo','Cada día tenemos la oportunidad de aplicar estos principios en nuestras relaciones, trabajo y desafíos personales. La filosofía estoica es práctica y transformadora. Esta enseñanza de Crisipo nos invita a profundizar en nuestra comprensión de la vida virtuosa.','¿Cuáles son los obstáculos principales que te impiden vivir según esta enseñanza? ¿Cómo podrías superarlos?','2025-08-30 18:22:06.459000','2025-08-30 18:22:06.459000'),(346,346,'Diciembre','Reflexión y Renovación','La vida es muy corta para perderla en vanas esperanzas.','Marco Aurelio','Esta enseñanza nos invita a reflexionar sobre la naturaleza del control y la aceptación. En nuestra vida diaria, constantemente enfrentamos situaciones que escapan a nuestro dominio, pero siempre tenemos la capacidad de elegir nuestra respuesta. Esta enseñanza de Marco Aurelio nos invita a profundizar en nuestra comprensión de la vida virtuosa.','¿Cómo puedes aplicar esta enseñanza en una situación específica que estés enfrentando actualmente?','2025-08-30 18:22:06.459000','2025-08-30 18:22:06.459000'),(347,347,'Diciembre','Reflexión y Renovación','No busques que los acontecimientos ocurran como tú quieres, sino acepta los acontecimientos como ocurren y todo irá bien.','Séneca','La filosofía estoica nos recuerda que nuestro verdadero poder reside en nuestras decisiones internas. Cada momento es una oportunidad para practicar la virtud y crecer como personas. Esta enseñanza de Séneca nos invita a profundizar en nuestra comprensión de la vida virtuosa.','Reflexiona sobre un momento reciente donde esta sabiduría podría haber cambiado tu perspectiva. ¿Qué aprendiste?','2025-08-30 18:22:06.460000','2025-08-30 18:22:06.460000'),(348,348,'Diciembre','Reflexión y Renovación','Ningún hombre es libre si no es dueño de sí mismo.','Epicteto','Esta sabiduría antigua sigue siendo relevante en nuestro mundo moderno. Nos enseña a encontrar paz en medio del caos y fortaleza en la adversidad. Esta enseñanza de Epicteto nos invita a profundizar en nuestra comprensión de la vida virtuosa.','¿Qué aspectos de tu vida diaria podrían beneficiarse de esta filosofía? Describe tres acciones concretas.','2025-08-30 18:22:06.460000','2025-08-30 18:22:06.460000'),(349,349,'Diciembre','Reflexión y Renovación','La riqueza consiste no en tener grandes posesiones, sino en tener pocas necesidades.','Zenón de Citio','La práctica estoica no se trata de suprimir emociones, sino de entenderlas y responder con sabiduría. Es un camino hacia la libertad interior. Esta enseñanza de Zenón de Citio nos invita a profundizar en nuestra comprensión de la vida virtuosa.','Piensa en alguien que admires por su sabiduría. ¿Cómo crees que aplicaría este principio en su vida?','2025-08-30 18:22:06.461000','2025-08-30 18:22:06.461000'),(350,350,'Diciembre','Reflexión y Renovación','El sabio no se entristece por lo que no tiene, sino que se alegra por lo que tiene.','Crisipo','Cada día tenemos la oportunidad de aplicar estos principios en nuestras relaciones, trabajo y desafíos personales. La filosofía estoica es práctica y transformadora. Esta enseñanza de Crisipo nos invita a profundizar en nuestra comprensión de la vida virtuosa.','¿Cuáles son los obstáculos principales que te impiden vivir según esta enseñanza? ¿Cómo podrías superarlos?','2025-08-30 18:22:06.462000','2025-08-30 18:22:06.462000'),(351,351,'Diciembre','Reflexión y Renovación','La virtud es el único bien verdadero.','Marco Aurelio','Esta enseñanza nos invita a reflexionar sobre la naturaleza del control y la aceptación. En nuestra vida diaria, constantemente enfrentamos situaciones que escapan a nuestro dominio, pero siempre tenemos la capacidad de elegir nuestra respuesta. Esta enseñanza de Marco Aurelio nos invita a profundizar en nuestra comprensión de la vida virtuosa.','¿Cómo puedes aplicar esta enseñanza en una situación específica que estés enfrentando actualmente?','2025-08-30 18:22:06.462000','2025-08-30 18:22:06.462000'),(352,352,'Diciembre','Reflexión y Renovación','El presente es lo único que poseemos.','Séneca','La filosofía estoica nos recuerda que nuestro verdadero poder reside en nuestras decisiones internas. Cada momento es una oportunidad para practicar la virtud y crecer como personas. Esta enseñanza de Séneca nos invita a profundizar en nuestra comprensión de la vida virtuosa.','Reflexiona sobre un momento reciente donde esta sabiduría podría haber cambiado tu perspectiva. ¿Qué aprendiste?','2025-08-30 18:22:06.463000','2025-08-30 18:22:06.463000'),(353,353,'Diciembre','Reflexión y Renovación','La paciencia es la compañera de la sabiduría.','Epicteto','Esta sabiduría antigua sigue siendo relevante en nuestro mundo moderno. Nos enseña a encontrar paz en medio del caos y fortaleza en la adversidad. Esta enseñanza de Epicteto nos invita a profundizar en nuestra comprensión de la vida virtuosa.','¿Qué aspectos de tu vida diaria podrían beneficiarse de esta filosofía? Describe tres acciones concretas.','2025-08-30 18:22:06.463000','2025-08-30 18:22:06.463000'),(354,354,'Diciembre','Reflexión y Renovación','No hay viento favorable para el que no sabe a dónde va.','Zenón de Citio','La práctica estoica no se trata de suprimir emociones, sino de entenderlas y responder con sabiduría. Es un camino hacia la libertad interior. Esta enseñanza de Zenón de Citio nos invita a profundizar en nuestra comprensión de la vida virtuosa.','Piensa en alguien que admires por su sabiduría. ¿Cómo crees que aplicaría este principio en su vida?','2025-08-30 18:22:06.464000','2025-08-30 18:22:06.464000'),(355,355,'Diciembre','Reflexión y Renovación','La ira es una locura momentánea.','Crisipo','Cada día tenemos la oportunidad de aplicar estos principios en nuestras relaciones, trabajo y desafíos personales. La filosofía estoica es práctica y transformadora. Esta enseñanza de Crisipo nos invita a profundizar en nuestra comprensión de la vida virtuosa.','¿Cuáles son los obstáculos principales que te impiden vivir según esta enseñanza? ¿Cómo podrías superarlos?','2025-08-30 18:22:06.464000','2025-08-30 18:22:06.464000'),(356,356,'Diciembre','Reflexión y Renovación','El dolor es inevitable, el sufrimiento es opcional.','Marco Aurelio','Esta enseñanza nos invita a reflexionar sobre la naturaleza del control y la aceptación. En nuestra vida diaria, constantemente enfrentamos situaciones que escapan a nuestro dominio, pero siempre tenemos la capacidad de elegir nuestra respuesta. Esta enseñanza de Marco Aurelio nos invita a profundizar en nuestra comprensión de la vida virtuosa.','¿Cómo puedes aplicar esta enseñanza en una situación específica que estés enfrentando actualmente?','2025-08-30 18:22:06.465000','2025-08-30 18:22:06.465000'),(357,357,'Diciembre','Reflexión y Renovación','La muerte no es lo contrario de la vida, sino parte de ella.','Séneca','La filosofía estoica nos recuerda que nuestro verdadero poder reside en nuestras decisiones internas. Cada momento es una oportunidad para practicar la virtud y crecer como personas. Esta enseñanza de Séneca nos invita a profundizar en nuestra comprensión de la vida virtuosa.','Reflexiona sobre un momento reciente donde esta sabiduría podría haber cambiado tu perspectiva. ¿Qué aprendiste?','2025-08-30 18:22:06.465000','2025-08-30 18:22:06.465000'),(358,358,'Diciembre','Reflexión y Renovación','La verdadera felicidad es disfrutar el presente sin depender ansiosamente del futuro.','Epicteto','Esta sabiduría antigua sigue siendo relevante en nuestro mundo moderno. Nos enseña a encontrar paz en medio del caos y fortaleza en la adversidad. Esta enseñanza de Epicteto nos invita a profundizar en nuestra comprensión de la vida virtuosa.','¿Qué aspectos de tu vida diaria podrían beneficiarse de esta filosofía? Describe tres acciones concretas.','2025-08-30 18:22:06.466000','2025-08-30 18:22:06.466000'),(359,359,'Diciembre','Reflexión y Renovación','No podemos dirigir el viento, pero sí ajustar las velas.','Zenón de Citio','La práctica estoica no se trata de suprimir emociones, sino de entenderlas y responder con sabiduría. Es un camino hacia la libertad interior. Esta enseñanza de Zenón de Citio nos invita a profundizar en nuestra comprensión de la vida virtuosa.','Piensa en alguien que admires por su sabiduría. ¿Cómo crees que aplicaría este principio en su vida?','2025-08-30 18:22:06.466000','2025-08-30 18:22:06.466000'),(360,360,'Diciembre','Reflexión y Renovación','La sabiduría comienza en el asombro.','Crisipo','Cada día tenemos la oportunidad de aplicar estos principios en nuestras relaciones, trabajo y desafíos personales. La filosofía estoica es práctica y transformadora. Esta enseñanza de Crisipo nos invita a profundizar en nuestra comprensión de la vida virtuosa.','¿Cuáles son los obstáculos principales que te impiden vivir según esta enseñanza? ¿Cómo podrías superarlos?','2025-08-30 18:22:06.467000','2025-08-30 18:22:06.467000'),(361,361,'Diciembre','Reflexión y Renovación','La felicidad y la libertad comienzan con la clara comprensión de un principio: algunas cosas están bajo nuestro control y otras no.','Marco Aurelio','Esta enseñanza nos invita a reflexionar sobre la naturaleza del control y la aceptación. En nuestra vida diaria, constantemente enfrentamos situaciones que escapan a nuestro dominio, pero siempre tenemos la capacidad de elegir nuestra respuesta. Esta enseñanza de Marco Aurelio nos invita a profundizar en nuestra comprensión de la vida virtuosa.','¿Cómo puedes aplicar esta enseñanza en una situación específica que estés enfrentando actualmente?','2025-08-30 18:22:06.468000','2025-08-30 18:22:06.468000'),(362,362,'Diciembre','Reflexión y Renovación','La mejor venganza es ser diferente a quien causó el daño.','Séneca','La filosofía estoica nos recuerda que nuestro verdadero poder reside en nuestras decisiones internas. Cada momento es una oportunidad para practicar la virtud y crecer como personas. Esta enseñanza de Séneca nos invita a profundizar en nuestra comprensión de la vida virtuosa.','Reflexiona sobre un momento reciente donde esta sabiduría podría haber cambiado tu perspectiva. ¿Qué aprendiste?','2025-08-30 18:22:06.468000','2025-08-30 18:22:06.468000'),(363,363,'Diciembre','Reflexión y Renovación','No es que tengamos poco tiempo, es que perdemos mucho.','Epicteto','Esta sabiduría antigua sigue siendo relevante en nuestro mundo moderno. Nos enseña a encontrar paz en medio del caos y fortaleza en la adversidad. Esta enseñanza de Epicteto nos invita a profundizar en nuestra comprensión de la vida virtuosa.','¿Qué aspectos de tu vida diaria podrían beneficiarse de esta filosofía? Describe tres acciones concretas.','2025-08-30 18:22:06.469000','2025-08-30 18:22:06.469000'),(364,364,'Diciembre','Reflexión y Renovación','Te conviertes en aquello a lo que prestas atención.','Zenón de Citio','La práctica estoica no se trata de suprimir emociones, sino de entenderlas y responder con sabiduría. Es un camino hacia la libertad interior. Esta enseñanza de Zenón de Citio nos invita a profundizar en nuestra comprensión de la vida virtuosa.','Piensa en alguien que admires por su sabiduría. ¿Cómo crees que aplicaría este principio en su vida?','2025-08-30 18:22:06.469000','2025-08-30 18:22:06.469000'),(365,365,'Diciembre','Reflexión y Renovación','Tienes poder sobre tu mente, no sobre los acontecimientos externos. Date cuenta de esto y encontrarás fuerza.','Crisipo','Cada día tenemos la oportunidad de aplicar estos principios en nuestras relaciones, trabajo y desafíos personales. La filosofía estoica es práctica y transformadora. Esta enseñanza de Crisipo nos invita a profundizar en nuestra comprensión de la vida virtuosa.','¿Cuáles son los obstáculos principales que te impiden vivir según esta enseñanza? ¿Cómo podrías superarlos?','2025-08-30 18:22:06.470000','2025-08-30 18:22:06.470000'),(366,366,'Enero','Claridad y Percepción','La vida es muy corta para perderla en vanas esperanzas.','Marco Aurelio','Esta enseñanza nos invita a reflexionar sobre la naturaleza del control y la aceptación. En nuestra vida diaria, constantemente enfrentamos situaciones que escapan a nuestro dominio, pero siempre tenemos la capacidad de elegir nuestra respuesta. Esta enseñanza de Marco Aurelio nos invita a profundizar en nuestra comprensión de la vida virtuosa.','¿Cómo puedes aplicar esta enseñanza en una situación específica que estés enfrentando actualmente?','2025-08-30 18:22:06.470000','2025-08-30 18:22:06.470000');
/*!40000 ALTER TABLE `estoico_contenidodiario` ENABLE KEYS */;
UNLOCK TABLES;

--
-- Table structure for table `estoico_estadisticausuario`
--

DROP TABLE IF EXISTS `estoico_estadisticausuario`;
/*!40101 SET @saved_cs_client     = @@character_set_client */;
/*!50503 SET character_set_client = utf8mb4 */;
CREATE TABLE `estoico_estadisticausuario` (
  `id` bigint NOT NULL AUTO_INCREMENT,
  `dias_activos` int unsigned NOT NULL,
  `racha_actual` int unsigned NOT NULL,
  `racha_maxima` int unsigned NOT NULL,
  `promedio_calificacion` decimal(3,2) NOT NULL,
  `tiempo_total_reflexion` int unsigned NOT NULL,
  `temas_completados` json NOT NULL,
  `filosofos_explorados` json NOT NULL,
  `fecha_ultima_actividad` date DEFAULT NULL,
  `usuario_id` int NOT NULL,
  PRIMARY KEY (`id`),
  UNIQUE KEY `usuario_id` (`usuario_id`),
  CONSTRAINT `estoico_estadisticausuario_usuario_id_bdcb1c95_fk_auth_user_id` FOREIGN KEY (`usuario_id`) REFERENCES `auth_user` (`id`),
  CONSTRAINT `estoico_estadisticausuario_chk_1` CHECK ((`dias_activos` >= 0)),
  CONSTRAINT `estoico_estadisticausuario_chk_2` CHECK ((`racha_actual` >= 0)),
  CONSTRAINT `estoico_estadisticausuario_chk_3` CHECK ((`racha_maxima` >= 0)),
  CONSTRAINT `estoico_estadisticausuario_chk_4` CHECK ((`tiempo_total_reflexion` >= 0))
) ENGINE=InnoDB AUTO_INCREMENT=4 DEFAULT CHARSET=utf8mb4 COLLATE=utf8mb4_unicode_ci;
/*!40101 SET character_set_client = @saved_cs_client */;

--
-- Dumping data for table `estoico_estadisticausuario`
--

LOCK TABLES `estoico_estadisticausuario` WRITE;
/*!40000 ALTER TABLE `estoico_estadisticausuario` DISABLE KEYS */;
INSERT INTO `estoico_estadisticausuario` VALUES (1,0,0,0,0.00,0,'[]','[]',NULL,3),(3,0,0,0,0.00,0,'[]','[]',NULL,4);
/*!40000 ALTER TABLE `estoico_estadisticausuario` ENABLE KEYS */;
UNLOCK TABLES;

--
-- Table structure for table `estoico_logroestoico`
--

DROP TABLE IF EXISTS `estoico_logroestoico`;
/*!40101 SET @saved_cs_client     = @@character_set_client */;
/*!50503 SET character_set_client = utf8mb4 */;
CREATE TABLE `estoico_logroestoico` (
  `id` bigint NOT NULL AUTO_INCREMENT,
  `nombre` varchar(100) COLLATE utf8mb4_unicode_ci NOT NULL,
  `descripcion` longtext COLLATE utf8mb4_unicode_ci NOT NULL,
  `tipo` varchar(20) COLLATE utf8mb4_unicode_ci NOT NULL,
  `criterio_valor` int unsigned NOT NULL,
  `icono` varchar(50) COLLATE utf8mb4_unicode_ci NOT NULL,
  `activo` tinyint(1) NOT NULL,
  PRIMARY KEY (`id`),
  CONSTRAINT `estoico_logroestoico_chk_1` CHECK ((`criterio_valor` >= 0))
) ENGINE=InnoDB DEFAULT CHARSET=utf8mb4 COLLATE=utf8mb4_unicode_ci;
/*!40101 SET character_set_client = @saved_cs_client */;

--
-- Dumping data for table `estoico_logroestoico`
--

LOCK TABLES `estoico_logroestoico` WRITE;
/*!40000 ALTER TABLE `estoico_logroestoico` DISABLE KEYS */;
/*!40000 ALTER TABLE `estoico_logroestoico` ENABLE KEYS */;
UNLOCK TABLES;

--
-- Table structure for table `estoico_logrousuario`
--

DROP TABLE IF EXISTS `estoico_logrousuario`;
/*!40101 SET @saved_cs_client     = @@character_set_client */;
/*!50503 SET character_set_client = utf8mb4 */;
CREATE TABLE `estoico_logrousuario` (
  `id` bigint NOT NULL AUTO_INCREMENT,
  `fecha_obtenido` datetime(6) NOT NULL,
  `visto` tinyint(1) NOT NULL,
  `logro_id` bigint NOT NULL,
  `usuario_id` int NOT NULL,
  PRIMARY KEY (`id`),
  UNIQUE KEY `estoico_logrousuario_usuario_id_logro_id_3b5ed288_uniq` (`usuario_id`,`logro_id`),
  KEY `estoico_logrousuario_logro_id_05201b13_fk_estoico_l` (`logro_id`),
  CONSTRAINT `estoico_logrousuario_logro_id_05201b13_fk_estoico_l` FOREIGN KEY (`logro_id`) REFERENCES `estoico_logroestoico` (`id`),
  CONSTRAINT `estoico_logrousuario_usuario_id_16aa54c2_fk_auth_user_id` FOREIGN KEY (`usuario_id`) REFERENCES `auth_user` (`id`)
) ENGINE=InnoDB DEFAULT CHARSET=utf8mb4 COLLATE=utf8mb4_unicode_ci;
/*!40101 SET character_set_client = @saved_cs_client */;

--
-- Dumping data for table `estoico_logrousuario`
--

LOCK TABLES `estoico_logrousuario` WRITE;
/*!40000 ALTER TABLE `estoico_logrousuario` DISABLE KEYS */;
/*!40000 ALTER TABLE `estoico_logrousuario` ENABLE KEYS */;
UNLOCK TABLES;

--
-- Table structure for table `estoico_perfilestoico`
--

DROP TABLE IF EXISTS `estoico_perfilestoico`;
/*!40101 SET @saved_cs_client     = @@character_set_client */;
/*!50503 SET character_set_client = utf8mb4 */;
CREATE TABLE `estoico_perfilestoico` (
  `id` bigint NOT NULL AUTO_INCREMENT,
  `fecha_inicio` date NOT NULL,
  `dias_consecutivos` int unsigned NOT NULL,
  `total_reflexiones` int unsigned NOT NULL,
  `notificaciones_activas` tinyint(1) NOT NULL,
  `hora_notificacion` time(6) NOT NULL,
  `filosofo_favorito` varchar(50) COLLATE utf8mb4_unicode_ci NOT NULL,
  `tema_favorito` varchar(100) COLLATE utf8mb4_unicode_ci NOT NULL,
  `usuario_id` int NOT NULL,
  PRIMARY KEY (`id`),
  UNIQUE KEY `usuario_id` (`usuario_id`),
  CONSTRAINT `estoico_perfilestoico_usuario_id_5ae93e34_fk_auth_user_id` FOREIGN KEY (`usuario_id`) REFERENCES `auth_user` (`id`),
  CONSTRAINT `estoico_perfilestoico_chk_1` CHECK ((`dias_consecutivos` >= 0)),
  CONSTRAINT `estoico_perfilestoico_chk_2` CHECK ((`total_reflexiones` >= 0))
) ENGINE=InnoDB AUTO_INCREMENT=5 DEFAULT CHARSET=utf8mb4 COLLATE=utf8mb4_unicode_ci;
/*!40101 SET character_set_client = @saved_cs_client */;

--
-- Dumping data for table `estoico_perfilestoico`
--

LOCK TABLES `estoico_perfilestoico` WRITE;
/*!40000 ALTER TABLE `estoico_perfilestoico` DISABLE KEYS */;
INSERT INTO `estoico_perfilestoico` VALUES (1,'2025-08-30',0,0,1,'08:00:00.000000','marco_aurelio','',2),(2,'2025-08-30',0,0,1,'08:00:00.000000','marco_aurelio','',3),(4,'2025-09-29',0,0,1,'08:00:00.000000','marco_aurelio','',4);
/*!40000 ALTER TABLE `estoico_perfilestoico` ENABLE KEYS */;
UNLOCK TABLES;

--
-- Table structure for table `estoico_reflexiondiaria`
--

DROP TABLE IF EXISTS `estoico_reflexiondiaria`;
/*!40101 SET @saved_cs_client     = @@character_set_client */;
/*!50503 SET character_set_client = utf8mb4 */;
CREATE TABLE `estoico_reflexiondiaria` (
  `id` bigint NOT NULL AUTO_INCREMENT,
  `fecha` date NOT NULL,
  `reflexion_personal` longtext COLLATE utf8mb4_unicode_ci NOT NULL,
  `calificacion_dia` smallint unsigned DEFAULT NULL,
  `tiempo_reflexion` int unsigned NOT NULL,
  `marcado_favorito` tinyint(1) NOT NULL,
  `fecha_creacion` datetime(6) NOT NULL,
  `fecha_actualizacion` datetime(6) NOT NULL,
  `contenido_dia_id` bigint NOT NULL,
  `usuario_id` int NOT NULL,
  PRIMARY KEY (`id`),
  UNIQUE KEY `estoico_reflexiondiaria_usuario_id_fecha_a2fcecf7_uniq` (`usuario_id`,`fecha`),
  KEY `estoico_reflexiondia_contenido_dia_id_4e3946e6_fk_estoico_c` (`contenido_dia_id`),
  CONSTRAINT `estoico_reflexiondia_contenido_dia_id_4e3946e6_fk_estoico_c` FOREIGN KEY (`contenido_dia_id`) REFERENCES `estoico_contenidodiario` (`id`),
  CONSTRAINT `estoico_reflexiondiaria_usuario_id_61f2fbc2_fk_auth_user_id` FOREIGN KEY (`usuario_id`) REFERENCES `auth_user` (`id`),
  CONSTRAINT `estoico_reflexiondiaria_chk_1` CHECK ((`calificacion_dia` >= 0)),
  CONSTRAINT `estoico_reflexiondiaria_chk_2` CHECK ((`tiempo_reflexion` >= 0))
) ENGINE=InnoDB DEFAULT CHARSET=utf8mb4 COLLATE=utf8mb4_unicode_ci;
/*!40101 SET character_set_client = @saved_cs_client */;

--
-- Dumping data for table `estoico_reflexiondiaria`
--

LOCK TABLES `estoico_reflexiondiaria` WRITE;
/*!40000 ALTER TABLE `estoico_reflexiondiaria` DISABLE KEYS */;
/*!40000 ALTER TABLE `estoico_reflexiondiaria` ENABLE KEYS */;
UNLOCK TABLES;

--
-- Table structure for table `hyrox_dailyrecoveryentry`
--

DROP TABLE IF EXISTS `hyrox_dailyrecoveryentry`;
/*!40101 SET @saved_cs_client     = @@character_set_client */;
/*!50503 SET character_set_client = utf8mb4 */;
CREATE TABLE `hyrox_dailyrecoveryentry` (
  `id` bigint NOT NULL AUTO_INCREMENT,
  `fecha` date NOT NULL,
  `dolor_reposo` int NOT NULL,
  `dolor_movimiento` int NOT NULL,
  `inflamacion_percibida` int NOT NULL,
  `rango_movimiento` int NOT NULL,
  `notas_usuario` longtext COLLATE utf8mb4_unicode_ci,
  `lesion_id` bigint NOT NULL,
  PRIMARY KEY (`id`),
  UNIQUE KEY `hyrox_dailyrecoveryentry_lesion_id_fecha_30285c59_uniq` (`lesion_id`,`fecha`),
  CONSTRAINT `hyrox_dailyrecoverye_lesion_id_9200adb4_fk_hyrox_use` FOREIGN KEY (`lesion_id`) REFERENCES `hyrox_userinjury` (`id`)
) ENGINE=InnoDB AUTO_INCREMENT=6 DEFAULT CHARSET=utf8mb4 COLLATE=utf8mb4_unicode_ci;
/*!40101 SET character_set_client = @saved_cs_client */;

--
-- Dumping data for table `hyrox_dailyrecoveryentry`
--

LOCK TABLES `hyrox_dailyrecoveryentry` WRITE;
/*!40000 ALTER TABLE `hyrox_dailyrecoveryentry` DISABLE KEYS */;
INSERT INTO `hyrox_dailyrecoveryentry` VALUES (1,'2026-03-03',0,5,1,8,NULL,1),(2,'2026-03-05',0,5,1,5,NULL,1),(3,'2026-03-08',0,8,1,7,NULL,1),(4,'2026-03-11',0,4,1,8,NULL,1),(5,'2026-03-21',0,0,1,10,NULL,1);
/*!40000 ALTER TABLE `hyrox_dailyrecoveryentry` ENABLE KEYS */;
UNLOCK TABLES;

--
-- Table structure for table `hyrox_hyroxactivity`
--

DROP TABLE IF EXISTS `hyrox_hyroxactivity`;
/*!40101 SET @saved_cs_client     = @@character_set_client */;
/*!50503 SET character_set_client = utf8mb4 */;
CREATE TABLE `hyrox_hyroxactivity` (
  `id` bigint NOT NULL AUTO_INCREMENT,
  `tipo_actividad` varchar(25) COLLATE utf8mb4_unicode_ci NOT NULL,
  `nombre_ejercicio` varchar(150) COLLATE utf8mb4_unicode_ci NOT NULL,
  `data_metricas` json NOT NULL,
  `sesion_id` bigint NOT NULL,
  PRIMARY KEY (`id`),
  KEY `hyrox_hyroxactivity_sesion_id_ac5b810b_fk_hyrox_hyroxsession_id` (`sesion_id`),
  CONSTRAINT `hyrox_hyroxactivity_sesion_id_ac5b810b_fk_hyrox_hyroxsession_id` FOREIGN KEY (`sesion_id`) REFERENCES `hyrox_hyroxsession` (`id`)
) ENGINE=InnoDB AUTO_INCREMENT=234 DEFAULT CHARSET=utf8mb4 COLLATE=utf8mb4_unicode_ci;
/*!40101 SET character_set_client = @saved_cs_client */;

--
-- Dumping data for table `hyrox_hyroxactivity`
--

LOCK TABLES `hyrox_hyroxactivity` WRITE;
/*!40000 ALTER TABLE `hyrox_hyroxactivity` DISABLE KEYS */;
INSERT INTO `hyrox_hyroxactivity` VALUES (124,'fuerza','Prensa de Piernas / Hack Squat (Foco Cuádriceps)','{\"notas\": \"Ajuste Imbalance: Déficit de cuádriceps. Prioridad Empuje.\", \"tempo\": \"3-0-1-0\", \"series\": [{\"reps\": 10, \"peso_kg\": 42}, {\"reps\": 10, \"peso_kg\": 42}, {\"reps\": 10, \"peso_kg\": 42}, {\"reps\": 10, \"peso_kg\": 42}], \"descanso\": \"90 seg\", \"coach_tip\": \"David, estamos en Fase de Base. Hoy buscamos un RPE 8, guarda 2 reps en reserva. \", \"planificado\": true}',107),(125,'carrera','Carrera Continua Z2','{\"notas\": \"Mantener pulsaciones bajas (Z2)\", \"planificado\": true, \"distancia_km\": 6.0}',108),(126,'hyrox_station','Sled Push','{\"peso_kg\": 100, \"distancia_m\": 50, \"planificado\": true}',109),(127,'hyrox_station','Wall Balls','{\"series\": [{\"reps\": 20}, {\"reps\": 20}, {\"reps\": 20}], \"planificado\": true}',109),(128,'hyrox_station','Burpees Broad Jump','{\"distancia_m\": 80, \"planificado\": true}',109),(129,'hyrox_station','Sandbag Lunges','{\"peso_kg\": 20, \"distancia_m\": 80, \"planificado\": true}',109),(130,'otro','Simulación Mini-Hyrox','{\"notas\": \"1km Run + 50m Sled Push + 1km Run + 50m Sled Pull + 1km Run + 50 Wallballs\", \"planificado\": true}',110),(131,'fuerza','Prensa de Piernas / Hack Squat (Foco Cuádriceps)','{\"notas\": \"Ajuste Imbalance: Déficit de cuádriceps. Prioridad Empuje.\", \"tempo\": \"3-0-1-0\", \"series\": [{\"reps\": 10, \"peso_kg\": 42}, {\"reps\": 10, \"peso_kg\": 42}, {\"reps\": 10, \"peso_kg\": 42}, {\"reps\": 10, \"peso_kg\": 42}], \"descanso\": \"90 seg\", \"coach_tip\": \"David, estamos en Fase de Base. Hoy buscamos un RPE 8, guarda 2 reps en reserva. \", \"planificado\": true}',111),(132,'carrera','Carrera Continua Z2','{\"notas\": \"Mantener pulsaciones bajas (Z2)\", \"planificado\": true, \"distancia_km\": 6.0}',112),(133,'hyrox_station','Sled Push','{\"peso_kg\": 100, \"distancia_m\": 50, \"planificado\": true}',113),(134,'hyrox_station','Wall Balls','{\"series\": [{\"reps\": 20}, {\"reps\": 20}, {\"reps\": 20}], \"planificado\": true}',113),(135,'hyrox_station','Burpees Broad Jump','{\"distancia_m\": 80, \"planificado\": true}',113),(136,'hyrox_station','Sandbag Lunges','{\"peso_kg\": 20, \"distancia_m\": 80, \"planificado\": true}',113),(137,'otro','Simulación Mini-Hyrox','{\"notas\": \"1km Run + 50m Sled Push + 1km Run + 50m Sled Pull + 1km Run + 50 Wallballs\", \"planificado\": true}',114),(138,'fuerza','Prensa de Piernas / Hack Squat (Foco Cuádriceps)','{\"notas\": \"Ajuste Imbalance: Déficit de cuádriceps. Prioridad Empuje.\", \"tempo\": \"3-0-1-0\", \"series\": [{\"reps\": 10, \"peso_kg\": 42}, {\"reps\": 10, \"peso_kg\": 42}, {\"reps\": 10, \"peso_kg\": 42}, {\"reps\": 10, \"peso_kg\": 42}], \"descanso\": \"90 seg\", \"coach_tip\": \"David, estamos en Fase de Base. Hoy buscamos un RPE 8, guarda 2 reps en reserva. \", \"planificado\": true}',115),(139,'carrera','Carrera Continua Z2','{\"notas\": \"Mantener pulsaciones bajas (Z2)\", \"planificado\": true, \"distancia_km\": 6.0}',116),(140,'hyrox_station','Sled Push','{\"peso_kg\": 100, \"distancia_m\": 50, \"planificado\": true}',117),(141,'hyrox_station','Wall Balls','{\"series\": [{\"reps\": 20}, {\"reps\": 20}, {\"reps\": 20}], \"planificado\": true}',117),(142,'hyrox_station','Burpees Broad Jump','{\"distancia_m\": 80, \"planificado\": true}',117),(143,'hyrox_station','Sandbag Lunges','{\"peso_kg\": 20, \"distancia_m\": 80, \"planificado\": true}',117),(144,'otro','Simulación Mini-Hyrox','{\"notas\": \"1km Run + 50m Sled Push + 1km Run + 50m Sled Pull + 1km Run + 50 Wallballs\", \"planificado\": true}',118),(145,'fuerza','Prensa de Piernas / Hack Squat (Foco Cuádriceps)','{\"notas\": \"Ajuste Imbalance: Déficit de cuádriceps. Prioridad Empuje.\", \"tempo\": \"3-0-1-0\", \"series\": [{\"reps\": 10, \"peso_kg\": 42}, {\"reps\": 10, \"peso_kg\": 42}, {\"reps\": 10, \"peso_kg\": 42}, {\"reps\": 10, \"peso_kg\": 42}], \"descanso\": \"90 seg\", \"coach_tip\": \"David, estamos en Fase de Base. Hoy buscamos un RPE 8, guarda 2 reps en reserva. \", \"planificado\": true}',119),(146,'carrera','Carrera Continua Z2','{\"notas\": \"Mantener pulsaciones bajas (Z2)\", \"planificado\": true, \"distancia_km\": 6.0}',120),(147,'hyrox_station','Sled Push','{\"peso_kg\": 100, \"distancia_m\": 50, \"planificado\": true}',121),(148,'hyrox_station','Wall Balls','{\"series\": [{\"reps\": 20}, {\"reps\": 20}, {\"reps\": 20}], \"planificado\": true}',121),(149,'hyrox_station','Burpees Broad Jump','{\"distancia_m\": 80, \"planificado\": true}',121),(150,'hyrox_station','Sandbag Lunges','{\"peso_kg\": 20, \"distancia_m\": 80, \"planificado\": true}',121),(151,'otro','Simulación Mini-Hyrox','{\"notas\": \"1km Run + 50m Sled Push + 1km Run + 50m Sled Pull + 1km Run + 50 Wallballs\", \"planificado\": true}',122),(152,'fuerza','Prensa de Piernas / Hack Squat (Foco Cuádriceps)','{\"notas\": \"Ajuste Imbalance: Déficit de cuádriceps. Prioridad Empuje.\", \"tempo\": \"3-0-1-0\", \"series\": [{\"reps\": 10, \"peso_kg\": 42}, {\"reps\": 10, \"peso_kg\": 42}, {\"reps\": 10, \"peso_kg\": 42}, {\"reps\": 10, \"peso_kg\": 42}], \"descanso\": \"90 seg\", \"coach_tip\": \"David, estamos en Fase de Base. Hoy buscamos un RPE 8, guarda 2 reps en reserva. \", \"planificado\": true}',123),(153,'carrera','Carrera Continua Z2','{\"notas\": \"Mantener pulsaciones bajas (Z2)\", \"planificado\": true, \"distancia_km\": 6.0}',124),(154,'hyrox_station','Sled Push','{\"peso_kg\": 100, \"distancia_m\": 50, \"planificado\": true}',125),(155,'hyrox_station','Wall Balls','{\"series\": [{\"reps\": 20}, {\"reps\": 20}, {\"reps\": 20}], \"planificado\": true}',125),(156,'hyrox_station','Burpees Broad Jump','{\"distancia_m\": 80, \"planificado\": true}',125),(157,'hyrox_station','Sandbag Lunges','{\"peso_kg\": 20, \"distancia_m\": 80, \"planificado\": true}',125),(158,'otro','Simulación Mini-Hyrox','{\"notas\": \"1km Run + 50m Sled Push + 1km Run + 50m Sled Pull + 1km Run + 50 Wallballs\", \"planificado\": true}',126),(159,'fuerza','Prensa de Piernas / Hack Squat (Foco Cuádriceps)','{\"notas\": \"Ajuste Imbalance: Déficit de cuádriceps. Prioridad Empuje.\", \"tempo\": \"3-0-1-0\", \"series\": [{\"reps\": 10, \"peso_kg\": 42}, {\"reps\": 10, \"peso_kg\": 42}, {\"reps\": 10, \"peso_kg\": 42}, {\"reps\": 10, \"peso_kg\": 42}], \"descanso\": \"90 seg\", \"coach_tip\": \"David, estamos en Fase de Base. Hoy buscamos un RPE 8, guarda 2 reps en reserva. \", \"planificado\": true}',127),(160,'carrera','Carrera Continua Z2','{\"notas\": \"Mantener pulsaciones bajas (Z2)\", \"planificado\": true, \"distancia_km\": 6.0}',128),(161,'hyrox_station','Sled Push','{\"peso_kg\": 100, \"distancia_m\": 50, \"planificado\": true}',129),(162,'hyrox_station','Wall Balls','{\"series\": [{\"reps\": 20}, {\"reps\": 20}, {\"reps\": 20}], \"planificado\": true}',129),(163,'hyrox_station','Burpees Broad Jump','{\"distancia_m\": 80, \"planificado\": true}',129),(164,'hyrox_station','Sandbag Lunges','{\"peso_kg\": 20, \"distancia_m\": 80, \"planificado\": true}',129),(165,'otro','Simulación Mini-Hyrox','{\"notas\": \"1km Run + 50m Sled Push + 1km Run + 50m Sled Pull + 1km Run + 50 Wallballs\", \"planificado\": true}',130),(166,'fuerza','Prensa de Piernas / Hack Squat (Foco Cuádriceps)','{\"notas\": \"Ajuste Imbalance: Déficit de cuádriceps. Prioridad Empuje.\", \"tempo\": \"3-0-1-0\", \"series\": [{\"reps\": 10, \"peso_kg\": 42}, {\"reps\": 10, \"peso_kg\": 42}, {\"reps\": 10, \"peso_kg\": 42}, {\"reps\": 10, \"peso_kg\": 42}], \"descanso\": \"90 seg\", \"coach_tip\": \"David, estamos en Fase de Base. Hoy buscamos un RPE 8, guarda 2 reps en reserva. \", \"planificado\": true}',131),(167,'carrera','Carrera Continua Z2','{\"notas\": \"Mantener pulsaciones bajas (Z2)\", \"planificado\": true, \"distancia_km\": 6.0}',132),(168,'hyrox_station','Sled Push','{\"peso_kg\": 100, \"distancia_m\": 50, \"planificado\": true}',133),(169,'hyrox_station','Wall Balls','{\"series\": [{\"reps\": 20}, {\"reps\": 20}, {\"reps\": 20}], \"planificado\": true}',133),(170,'hyrox_station','Burpees Broad Jump','{\"distancia_m\": 80, \"planificado\": true}',133),(171,'hyrox_station','Sandbag Lunges','{\"peso_kg\": 20, \"distancia_m\": 80, \"planificado\": true}',133),(172,'otro','Simulación Mini-Hyrox','{\"notas\": \"1km Run + 50m Sled Push + 1km Run + 50m Sled Pull + 1km Run + 50 Wallballs\", \"planificado\": true}',134),(173,'fuerza','Prensa de Piernas / Hack Squat (Foco Cuádriceps)','{\"notas\": \"Ajuste Imbalance: Déficit de cuádriceps. Prioridad Empuje.\", \"tempo\": \"3-0-1-0\", \"series\": [{\"reps\": 10, \"peso_kg\": 42}, {\"reps\": 10, \"peso_kg\": 42}, {\"reps\": 10, \"peso_kg\": 42}, {\"reps\": 10, \"peso_kg\": 42}], \"descanso\": \"90 seg\", \"coach_tip\": \"David, estamos en Fase de Base. Hoy buscamos un RPE 8, guarda 2 reps en reserva. \", \"planificado\": true}',135),(174,'carrera','Carrera Continua Z2','{\"notas\": \"Mantener pulsaciones bajas (Z2)\", \"planificado\": true, \"distancia_km\": 6.0}',136),(175,'hyrox_station','Sled Push','{\"peso_kg\": 100, \"distancia_m\": 50, \"planificado\": true}',137),(176,'hyrox_station','Wall Balls','{\"series\": [{\"reps\": 20}, {\"reps\": 20}, {\"reps\": 20}], \"planificado\": true}',137),(177,'hyrox_station','Burpees Broad Jump','{\"distancia_m\": 80, \"planificado\": true}',137),(178,'hyrox_station','Sandbag Lunges','{\"peso_kg\": 20, \"distancia_m\": 80, \"planificado\": true}',137),(179,'otro','Simulación Mini-Hyrox','{\"notas\": \"1km Run + 50m Sled Push + 1km Run + 50m Sled Pull + 1km Run + 50 Wallballs\", \"planificado\": true}',138),(180,'fuerza','Prensa de Piernas / Hack Squat (Foco Cuádriceps)','{\"notas\": \"Ajuste Imbalance: Déficit de cuádriceps. Prioridad Empuje.\", \"tempo\": \"3-0-1-0\", \"series\": [{\"reps\": 10, \"peso_kg\": 42}, {\"reps\": 10, \"peso_kg\": 42}, {\"reps\": 10, \"peso_kg\": 42}, {\"reps\": 10, \"peso_kg\": 42}], \"descanso\": \"90 seg\", \"coach_tip\": \"David, estamos en Fase de Base. Hoy buscamos un RPE 8, guarda 2 reps en reserva. \", \"planificado\": true}',139),(181,'carrera','Carrera Continua Z2','{\"notas\": \"Mantener pulsaciones bajas (Z2)\", \"planificado\": true, \"distancia_km\": 6.0}',140),(182,'hyrox_station','Sled Push','{\"peso_kg\": 100, \"distancia_m\": 50, \"planificado\": true}',141),(183,'hyrox_station','Wall Balls','{\"series\": [{\"reps\": 20}, {\"reps\": 20}, {\"reps\": 20}], \"planificado\": true}',141),(184,'hyrox_station','Burpees Broad Jump','{\"distancia_m\": 80, \"planificado\": true}',141),(185,'hyrox_station','Sandbag Lunges','{\"peso_kg\": 20, \"distancia_m\": 80, \"planificado\": true}',141),(186,'otro','Simulación Mini-Hyrox','{\"notas\": \"1km Run + 50m Sled Push + 1km Run + 50m Sled Pull + 1km Run + 50 Wallballs\", \"planificado\": true}',142),(187,'fuerza','Prensa de Piernas / Hack Squat (Foco Cuádriceps)','{\"notas\": \"Ajuste Imbalance: Déficit de cuádriceps. Prioridad Empuje.\", \"tempo\": \"3-0-1-0\", \"series\": [{\"reps\": 10, \"peso_kg\": 42}, {\"reps\": 10, \"peso_kg\": 42}, {\"reps\": 10, \"peso_kg\": 42}, {\"reps\": 10, \"peso_kg\": 42}], \"descanso\": \"90 seg\", \"coach_tip\": \"David, estamos en Fase de Base. Hoy buscamos un RPE 8, guarda 2 reps en reserva. \", \"planificado\": true}',143),(188,'carrera','Carrera Continua Z2','{\"notas\": \"Mantener pulsaciones bajas (Z2)\", \"planificado\": true, \"distancia_km\": 6.0}',144),(189,'hyrox_station','Sled Push','{\"peso_kg\": 100, \"distancia_m\": 50, \"planificado\": true}',145),(190,'hyrox_station','Wall Balls','{\"series\": [{\"reps\": 20}, {\"reps\": 20}, {\"reps\": 20}], \"planificado\": true}',145),(191,'hyrox_station','Burpees Broad Jump','{\"distancia_m\": 80, \"planificado\": true}',145),(192,'hyrox_station','Sandbag Lunges','{\"peso_kg\": 20, \"distancia_m\": 80, \"planificado\": true}',145),(193,'otro','Simulación Mini-Hyrox','{\"notas\": \"1km Run + 50m Sled Push + 1km Run + 50m Sled Pull + 1km Run + 50 Wallballs\", \"planificado\": true}',146),(194,'fuerza','Prensa de Piernas / Hack Squat (Foco Cuádriceps)','{\"notas\": \"Ajuste Imbalance: Déficit de cuádriceps. Prioridad Empuje.\", \"tempo\": \"3-0-1-0\", \"series\": [{\"reps\": 10, \"peso_kg\": 42}, {\"reps\": 10, \"peso_kg\": 42}, {\"reps\": 10, \"peso_kg\": 42}, {\"reps\": 10, \"peso_kg\": 42}], \"descanso\": \"90 seg\", \"coach_tip\": \"David, estamos en Fase de Base. Hoy buscamos un RPE 8, guarda 2 reps en reserva. \", \"planificado\": true}',147),(195,'carrera','Carrera Continua Z2','{\"notas\": \"Mantener pulsaciones bajas (Z2)\", \"planificado\": true, \"distancia_km\": 6.0}',148),(196,'hyrox_station','Sled Push','{\"peso_kg\": 100, \"distancia_m\": 50, \"planificado\": true}',149),(197,'hyrox_station','Wall Balls','{\"series\": [{\"reps\": 20}, {\"reps\": 20}, {\"reps\": 20}], \"planificado\": true}',149),(198,'hyrox_station','Burpees Broad Jump','{\"distancia_m\": 80, \"planificado\": true}',149),(199,'hyrox_station','Sandbag Lunges','{\"peso_kg\": 20, \"distancia_m\": 80, \"planificado\": true}',149),(200,'otro','Simulación Mini-Hyrox','{\"notas\": \"1km Run + 50m Sled Push + 1km Run + 50m Sled Pull + 1km Run + 50 Wallballs\", \"planificado\": true}',150),(201,'fuerza','Prensa de Piernas / Hack Squat (Foco Cuádriceps)','{\"notas\": \"Ajuste Imbalance: Déficit de cuádriceps. Prioridad Empuje.\", \"tempo\": \"3-0-1-0\", \"series\": [{\"reps\": 10, \"peso_kg\": 42}, {\"reps\": 10, \"peso_kg\": 42}, {\"reps\": 10, \"peso_kg\": 42}, {\"reps\": 10, \"peso_kg\": 42}], \"descanso\": \"90 seg\", \"coach_tip\": \"David, estamos en Fase de Base. Hoy buscamos un RPE 8, guarda 2 reps en reserva. \", \"planificado\": true}',151),(202,'carrera','Carrera Continua Z2','{\"notas\": \"Mantener pulsaciones bajas (Z2)\", \"planificado\": true, \"distancia_km\": 6.0}',152),(203,'hyrox_station','Sled Push','{\"peso_kg\": 100, \"distancia_m\": 50, \"planificado\": true}',153),(204,'hyrox_station','Wall Balls','{\"series\": [{\"reps\": 20}, {\"reps\": 20}, {\"reps\": 20}], \"planificado\": true}',153),(205,'hyrox_station','Burpees Broad Jump','{\"distancia_m\": 80, \"planificado\": true}',153),(206,'hyrox_station','Sandbag Lunges','{\"peso_kg\": 20, \"distancia_m\": 80, \"planificado\": true}',153),(207,'otro','Simulación Mini-Hyrox','{\"notas\": \"1km Run + 50m Sled Push + 1km Run + 50m Sled Pull + 1km Run + 50 Wallballs\", \"planificado\": true}',154),(208,'fuerza','Prensa de Piernas / Hack Squat (Foco Cuádriceps)','{\"notas\": \"Ajuste Imbalance: Déficit de cuádriceps. Prioridad Empuje.\", \"tempo\": \"3-0-1-0\", \"series\": [{\"reps\": 10, \"peso_kg\": 42}, {\"reps\": 10, \"peso_kg\": 42}, {\"reps\": 10, \"peso_kg\": 42}, {\"reps\": 10, \"peso_kg\": 42}], \"descanso\": \"90 seg\", \"coach_tip\": \"David, estamos en Fase de Base. Hoy buscamos un RPE 8, guarda 2 reps en reserva. \", \"planificado\": true}',155),(209,'carrera','Carrera Continua Z2','{\"notas\": \"Mantener pulsaciones bajas (Z2)\", \"planificado\": true, \"distancia_km\": 6.0}',156),(210,'hyrox_station','Sled Push','{\"peso_kg\": 100, \"distancia_m\": 50, \"planificado\": true}',157),(211,'hyrox_station','Wall Balls','{\"series\": [{\"reps\": 20}, {\"reps\": 20}, {\"reps\": 20}], \"planificado\": true}',157),(212,'hyrox_station','Burpees Broad Jump','{\"distancia_m\": 80, \"planificado\": true}',157),(213,'hyrox_station','Sandbag Lunges','{\"peso_kg\": 20, \"distancia_m\": 80, \"planificado\": true}',157),(214,'otro','Simulación Mini-Hyrox','{\"notas\": \"1km Run + 50m Sled Push + 1km Run + 50m Sled Pull + 1km Run + 50 Wallballs\", \"planificado\": true}',158),(215,'fuerza','Prensa de Piernas / Hack Squat (Foco Cuádriceps)','{\"notas\": \"Ajuste Imbalance: Déficit de cuádriceps. Prioridad Empuje.\", \"tempo\": \"3-0-1-0\", \"series\": [{\"reps\": 10, \"peso_kg\": 42}, {\"reps\": 10, \"peso_kg\": 42}, {\"reps\": 10, \"peso_kg\": 42}, {\"reps\": 10, \"peso_kg\": 42}], \"descanso\": \"90 seg\", \"coach_tip\": \"David, estamos en Fase de Base. Hoy buscamos un RPE 8, guarda 2 reps en reserva. \", \"planificado\": true}',159),(216,'carrera','Carrera Continua Z2','{\"notas\": \"Mantener pulsaciones bajas (Z2)\", \"planificado\": true, \"distancia_km\": 6.0}',160),(217,'hyrox_station','Sled Push','{\"peso_kg\": 100, \"distancia_m\": 50, \"planificado\": true}',161),(218,'hyrox_station','Wall Balls','{\"series\": [{\"reps\": 20}, {\"reps\": 20}, {\"reps\": 20}], \"planificado\": true}',161),(219,'hyrox_station','Burpees Broad Jump','{\"distancia_m\": 80, \"planificado\": true}',161),(220,'hyrox_station','Sandbag Lunges','{\"peso_kg\": 20, \"distancia_m\": 80, \"planificado\": true}',161),(221,'otro','Simulación Mini-Hyrox','{\"notas\": \"1km Run + 50m Sled Push + 1km Run + 50m Sled Pull + 1km Run + 50 Wallballs\", \"planificado\": true}',162),(222,'fuerza','Sentadilla Trasera (Activación)','{\"series\": [{\"reps\": 5, \"peso_kg\": 30}, {\"reps\": 5, \"peso_kg\": 30}, {\"reps\": 5, \"peso_kg\": 30}], \"planificado\": true}',163),(223,'carrera','Trote Ligero','{\"notas\": \"Solo para mover las piernas\", \"planificado\": true, \"distancia_km\": 3.0}',164),(224,'hyrox_station','Sled Push','{\"peso_kg\": 50, \"distancia_m\": 50, \"planificado\": true}',165),(225,'hyrox_station','Wall Balls','{\"series\": [{\"reps\": 20}, {\"reps\": 20}, {\"reps\": 20}], \"planificado\": true}',165),(226,'hyrox_station','Burpees Broad Jump','{\"distancia_m\": 80, \"planificado\": true}',165),(227,'hyrox_station','Sandbag Lunges','{\"peso_kg\": 20, \"distancia_m\": 80, \"planificado\": true}',165),(228,'fuerza','Sentadilla Trasera (Activación)','{\"series\": [{\"reps\": 5, \"peso_kg\": 30}, {\"reps\": 5, \"peso_kg\": 30}, {\"reps\": 5, \"peso_kg\": 30}], \"planificado\": true}',167),(229,'carrera','Trote Ligero','{\"notas\": \"Solo para mover las piernas\", \"planificado\": true, \"distancia_km\": 3.0}',168),(230,'hyrox_station','Sled Push','{\"peso_kg\": 50, \"distancia_m\": 50, \"planificado\": true}',169),(231,'hyrox_station','Wall Balls','{\"series\": [{\"reps\": 20}, {\"reps\": 20}, {\"reps\": 20}], \"planificado\": true}',169),(232,'hyrox_station','Burpees Broad Jump','{\"distancia_m\": 80, \"planificado\": true}',169),(233,'hyrox_station','Sandbag Lunges','{\"peso_kg\": 20, \"distancia_m\": 80, \"planificado\": true}',169);
/*!40000 ALTER TABLE `hyrox_hyroxactivity` ENABLE KEYS */;
UNLOCK TABLES;

--
-- Table structure for table `hyrox_hyroxobjective`
--

DROP TABLE IF EXISTS `hyrox_hyroxobjective`;
/*!40101 SET @saved_cs_client     = @@character_set_client */;
/*!50503 SET character_set_client = utf8mb4 */;
CREATE TABLE `hyrox_hyroxobjective` (
  `id` bigint NOT NULL AUTO_INCREMENT,
  `categoria` varchar(20) COLLATE utf8mb4_unicode_ci NOT NULL,
  `fecha_evento` date NOT NULL,
  `estado` varchar(20) COLLATE utf8mb4_unicode_ci NOT NULL,
  `rm_peso_muerto` double DEFAULT NULL,
  `rm_sentadilla` double DEFAULT NULL,
  `tiempo_5k_base` varchar(10) COLLATE utf8mb4_unicode_ci DEFAULT NULL,
  `material_disponible` longtext COLLATE utf8mb4_unicode_ci NOT NULL,
  `fecha_creacion` datetime(6) NOT NULL,
  `cliente_id` bigint NOT NULL,
  `lesiones_previas` longtext COLLATE utf8mb4_unicode_ci NOT NULL,
  `nivel_experiencia` varchar(20) COLLATE utf8mb4_unicode_ci NOT NULL,
  `dias_preferidos` varchar(20) COLLATE utf8mb4_unicode_ci NOT NULL,
  PRIMARY KEY (`id`),
  KEY `hyrox_hyroxobjective_cliente_id_0653f2c1_fk_clientes_cliente_id` (`cliente_id`),
  CONSTRAINT `hyrox_hyroxobjective_cliente_id_0653f2c1_fk_clientes_cliente_id` FOREIGN KEY (`cliente_id`) REFERENCES `clientes_cliente` (`id`)
) ENGINE=InnoDB AUTO_INCREMENT=3 DEFAULT CHARSET=utf8mb4 COLLATE=utf8mb4_unicode_ci;
/*!40101 SET character_set_client = @saved_cs_client */;

--
-- Dumping data for table `hyrox_hyroxobjective`
--

LOCK TABLES `hyrox_hyroxobjective` WRITE;
/*!40000 ALTER TABLE `hyrox_hyroxobjective` DISABLE KEYS */;
INSERT INTO `hyrox_hyroxobjective` VALUES (2,'relay','2027-04-23','activo',120,60,'35','','2026-03-23 06:18:47.104000',2,'','intermedio','0,1,2,3,4,5,6');
/*!40000 ALTER TABLE `hyrox_hyroxobjective` ENABLE KEYS */;
UNLOCK TABLES;

--
-- Table structure for table `hyrox_hyroxreadinesslog`
--

DROP TABLE IF EXISTS `hyrox_hyroxreadinesslog`;
/*!40101 SET @saved_cs_client     = @@character_set_client */;
/*!50503 SET character_set_client = utf8mb4 */;
CREATE TABLE `hyrox_hyroxreadinesslog` (
  `id` bigint NOT NULL AUTO_INCREMENT,
  `fecha` date NOT NULL,
  `score` int NOT NULL,
  `objective_id` bigint NOT NULL,
  PRIMARY KEY (`id`),
  UNIQUE KEY `hyrox_hyroxreadinesslog_objective_id_fecha_8944af95_uniq` (`objective_id`,`fecha`),
  CONSTRAINT `hyrox_hyroxreadiness_objective_id_2b1a8d19_fk_hyrox_hyr` FOREIGN KEY (`objective_id`) REFERENCES `hyrox_hyroxobjective` (`id`)
) ENGINE=InnoDB AUTO_INCREMENT=11 DEFAULT CHARSET=utf8mb4 COLLATE=utf8mb4_unicode_ci;
/*!40101 SET character_set_client = @saved_cs_client */;

--
-- Dumping data for table `hyrox_hyroxreadinesslog`
--

LOCK TABLES `hyrox_hyroxreadinesslog` WRITE;
/*!40000 ALTER TABLE `hyrox_hyroxreadinesslog` DISABLE KEYS */;
INSERT INTO `hyrox_hyroxreadinesslog` VALUES (9,'2026-03-23',2,2),(10,'2026-03-25',2,2);
/*!40000 ALTER TABLE `hyrox_hyroxreadinesslog` ENABLE KEYS */;
UNLOCK TABLES;

--
-- Table structure for table `hyrox_hyroxsession`
--

DROP TABLE IF EXISTS `hyrox_hyroxsession`;
/*!40101 SET @saved_cs_client     = @@character_set_client */;
/*!50503 SET character_set_client = utf8mb4 */;
CREATE TABLE `hyrox_hyroxsession` (
  `id` bigint NOT NULL AUTO_INCREMENT,
  `fecha` date NOT NULL,
  `titulo` varchar(200) COLLATE utf8mb4_unicode_ci DEFAULT NULL,
  `estado` varchar(20) COLLATE utf8mb4_unicode_ci NOT NULL,
  `tiempo_total_minutos` int DEFAULT NULL,
  `hr_media` int DEFAULT NULL,
  `hr_maxima` int DEFAULT NULL,
  `rpe_global` smallint unsigned DEFAULT NULL,
  `notas_raw` longtext COLLATE utf8mb4_unicode_ci,
  `parsed_by_ia` tinyint(1) NOT NULL,
  `fecha_actualizacion` datetime(6) NOT NULL,
  `objective_id` bigint NOT NULL,
  `ai_evaluation_score` int DEFAULT NULL,
  `muscle_fatigue_index` varchar(20) COLLATE utf8mb4_unicode_ci DEFAULT NULL,
  `nivel_energia_pre` smallint unsigned DEFAULT NULL,
  `fatiga_updated_at` datetime(6) DEFAULT NULL,
  `hubo_molestias` tinyint(1) NOT NULL,
  PRIMARY KEY (`id`),
  KEY `hyrox_hyroxsession_objective_id_0a426027_fk_hyrox_hyr` (`objective_id`),
  CONSTRAINT `hyrox_hyroxsession_objective_id_0a426027_fk_hyrox_hyr` FOREIGN KEY (`objective_id`) REFERENCES `hyrox_hyroxobjective` (`id`),
  CONSTRAINT `hyrox_hyroxsession_chk_1` CHECK ((`rpe_global` >= 0)),
  CONSTRAINT `hyrox_hyroxsession_chk_2` CHECK ((`nivel_energia_pre` >= 0))
) ENGINE=InnoDB AUTO_INCREMENT=171 DEFAULT CHARSET=utf8mb4 COLLATE=utf8mb4_unicode_ci;
/*!40101 SET character_set_client = @saved_cs_client */;

--
-- Dumping data for table `hyrox_hyroxsession`
--

LOCK TABLES `hyrox_hyroxsession` WRITE;
/*!40000 ALTER TABLE `hyrox_hyroxsession` DISABLE KEYS */;
INSERT INTO `hyrox_hyroxsession` VALUES (107,'2026-03-26','Semana 1: Fuerza y Potencia Base','planificado',NULL,NULL,NULL,NULL,NULL,0,'2026-03-25 05:54:48.780000',2,NULL,NULL,NULL,NULL,0),(108,'2026-03-25','Semana 1: Motor Aeróbico (Carrera)','planificado',NULL,NULL,NULL,NULL,NULL,0,'2026-03-25 05:54:48.806000',2,NULL,NULL,NULL,NULL,0),(109,'2026-03-27','Semana 1: Estaciones Hyrox Específicas','planificado',NULL,NULL,NULL,NULL,NULL,0,'2026-03-25 05:54:48.752000',2,NULL,NULL,NULL,NULL,0),(110,'2026-03-28','Semana 1: Simulación de Carrera','planificado',NULL,NULL,NULL,NULL,NULL,0,'2026-03-25 05:54:48.727000',2,NULL,NULL,NULL,NULL,0),(111,'2026-04-01','Semana 2: Fuerza y Potencia Base','planificado',NULL,NULL,NULL,NULL,NULL,0,'2026-03-25 05:54:48.695000',2,NULL,NULL,NULL,NULL,0),(112,'2026-04-02','Semana 2: Motor Aeróbico (Carrera)','planificado',NULL,NULL,NULL,NULL,NULL,0,'2026-03-25 05:54:48.669000',2,NULL,NULL,NULL,NULL,0),(113,'2026-04-03','Semana 2: Estaciones Hyrox Específicas','planificado',NULL,NULL,NULL,NULL,NULL,0,'2026-03-25 05:54:48.639000',2,NULL,NULL,NULL,NULL,0),(114,'2026-04-04','Semana 2: Simulación de Carrera','planificado',NULL,NULL,NULL,NULL,NULL,0,'2026-03-25 05:54:48.611000',2,NULL,NULL,NULL,NULL,0),(115,'2026-04-08','Semana 3: Fuerza y Potencia Base','planificado',NULL,NULL,NULL,NULL,NULL,0,'2026-03-25 05:54:48.585000',2,NULL,NULL,NULL,NULL,0),(116,'2026-04-09','Semana 3: Motor Aeróbico (Carrera)','planificado',NULL,NULL,NULL,NULL,NULL,0,'2026-03-25 05:54:48.555000',2,NULL,NULL,NULL,NULL,0),(117,'2026-04-10','Semana 3: Estaciones Hyrox Específicas','planificado',NULL,NULL,NULL,NULL,NULL,0,'2026-03-25 05:54:48.529000',2,NULL,NULL,NULL,NULL,0),(118,'2026-04-11','Semana 3: Simulación de Carrera','planificado',NULL,NULL,NULL,NULL,NULL,0,'2026-03-25 05:54:48.504000',2,NULL,NULL,NULL,NULL,0),(119,'2026-04-15','Semana 4: Fuerza y Potencia Base','planificado',NULL,NULL,NULL,NULL,NULL,0,'2026-03-25 05:54:48.474000',2,NULL,NULL,NULL,NULL,0),(120,'2026-04-16','Semana 4: Motor Aeróbico (Carrera)','planificado',NULL,NULL,NULL,NULL,NULL,0,'2026-03-25 05:54:48.446000',2,NULL,NULL,NULL,NULL,0),(121,'2026-04-17','Semana 4: Estaciones Hyrox Específicas','planificado',NULL,NULL,NULL,NULL,NULL,0,'2026-03-25 05:54:48.420000',2,NULL,NULL,NULL,NULL,0),(122,'2026-04-18','Semana 4: Simulación de Carrera','planificado',NULL,NULL,NULL,NULL,NULL,0,'2026-03-25 05:54:48.394000',2,NULL,NULL,NULL,NULL,0),(123,'2026-04-22','Semana 5: Fuerza y Potencia Base','planificado',NULL,NULL,NULL,NULL,NULL,0,'2026-03-25 05:54:48.371000',2,NULL,NULL,NULL,NULL,0),(124,'2026-04-23','Semana 5: Motor Aeróbico (Carrera)','planificado',NULL,NULL,NULL,NULL,NULL,0,'2026-03-25 05:54:48.347000',2,NULL,NULL,NULL,NULL,0),(125,'2026-04-24','Semana 5: Estaciones Hyrox Específicas','planificado',NULL,NULL,NULL,NULL,NULL,0,'2026-03-25 05:54:48.320000',2,NULL,NULL,NULL,NULL,0),(126,'2026-04-25','Semana 5: Simulación de Carrera','planificado',NULL,NULL,NULL,NULL,NULL,0,'2026-03-25 05:54:48.294000',2,NULL,NULL,NULL,NULL,0),(127,'2026-04-29','Semana 6: Fuerza y Potencia Base','planificado',NULL,NULL,NULL,NULL,NULL,0,'2026-03-25 05:54:48.268000',2,NULL,NULL,NULL,NULL,0),(128,'2026-04-30','Semana 6: Motor Aeróbico (Carrera)','planificado',NULL,NULL,NULL,NULL,NULL,0,'2026-03-25 05:54:48.245000',2,NULL,NULL,NULL,NULL,0),(129,'2026-05-01','Semana 6: Estaciones Hyrox Específicas','planificado',NULL,NULL,NULL,NULL,NULL,0,'2026-03-25 05:54:48.221000',2,NULL,NULL,NULL,NULL,0),(130,'2026-05-02','Semana 6: Simulación de Carrera','planificado',NULL,NULL,NULL,NULL,NULL,0,'2026-03-25 05:54:48.190000',2,NULL,NULL,NULL,NULL,0),(131,'2026-05-06','Semana 7: Fuerza y Potencia Base','planificado',NULL,NULL,NULL,NULL,NULL,0,'2026-03-25 05:54:48.165000',2,NULL,NULL,NULL,NULL,0),(132,'2026-05-07','Semana 7: Motor Aeróbico (Carrera)','planificado',NULL,NULL,NULL,NULL,NULL,0,'2026-03-25 05:54:48.141000',2,NULL,NULL,NULL,NULL,0),(133,'2026-05-08','Semana 7: Estaciones Hyrox Específicas','planificado',NULL,NULL,NULL,NULL,NULL,0,'2026-03-25 05:54:48.114000',2,NULL,NULL,NULL,NULL,0),(134,'2026-05-09','Semana 7: Simulación de Carrera','planificado',NULL,NULL,NULL,NULL,NULL,0,'2026-03-25 05:54:48.091000',2,NULL,NULL,NULL,NULL,0),(135,'2026-05-13','Semana 8: Fuerza y Potencia Base','planificado',NULL,NULL,NULL,NULL,NULL,0,'2026-03-25 05:54:48.069000',2,NULL,NULL,NULL,NULL,0),(136,'2026-05-14','Semana 8: Motor Aeróbico (Carrera)','planificado',NULL,NULL,NULL,NULL,NULL,0,'2026-03-25 05:54:48.045000',2,NULL,NULL,NULL,NULL,0),(137,'2026-05-15','Semana 8: Estaciones Hyrox Específicas','planificado',NULL,NULL,NULL,NULL,NULL,0,'2026-03-25 05:54:48.019000',2,NULL,NULL,NULL,NULL,0),(138,'2026-05-16','Semana 8: Simulación de Carrera','planificado',NULL,NULL,NULL,NULL,NULL,0,'2026-03-25 05:54:47.996000',2,NULL,NULL,NULL,NULL,0),(139,'2026-05-20','Semana 9: Fuerza y Potencia Base','planificado',NULL,NULL,NULL,NULL,NULL,0,'2026-03-25 05:54:47.972000',2,NULL,NULL,NULL,NULL,0),(140,'2026-05-21','Semana 9: Motor Aeróbico (Carrera)','planificado',NULL,NULL,NULL,NULL,NULL,0,'2026-03-25 05:54:47.947000',2,NULL,NULL,NULL,NULL,0),(141,'2026-05-22','Semana 9: Estaciones Hyrox Específicas','planificado',NULL,NULL,NULL,NULL,NULL,0,'2026-03-25 05:54:47.921000',2,NULL,NULL,NULL,NULL,0),(142,'2026-05-23','Semana 9: Simulación de Carrera','planificado',NULL,NULL,NULL,NULL,NULL,0,'2026-03-25 05:54:47.898000',2,NULL,NULL,NULL,NULL,0),(143,'2026-05-27','Semana 10: Fuerza y Potencia Base','planificado',NULL,NULL,NULL,NULL,NULL,0,'2026-03-25 05:54:47.868000',2,NULL,NULL,NULL,NULL,0),(144,'2026-05-28','Semana 10: Motor Aeróbico (Carrera)','planificado',NULL,NULL,NULL,NULL,NULL,0,'2026-03-25 05:54:47.843000',2,NULL,NULL,NULL,NULL,0),(145,'2026-05-29','Semana 10: Estaciones Hyrox Específicas','planificado',NULL,NULL,NULL,NULL,NULL,0,'2026-03-25 05:54:47.816000',2,NULL,NULL,NULL,NULL,0),(146,'2026-05-30','Semana 10: Simulación de Carrera','planificado',NULL,NULL,NULL,NULL,NULL,0,'2026-03-25 05:54:47.790000',2,NULL,NULL,NULL,NULL,0),(147,'2026-06-03','Semana 11: Fuerza y Potencia Base','planificado',NULL,NULL,NULL,NULL,NULL,0,'2026-03-25 05:54:47.764000',2,NULL,NULL,NULL,NULL,0),(148,'2026-06-04','Semana 11: Motor Aeróbico (Carrera)','planificado',NULL,NULL,NULL,NULL,NULL,0,'2026-03-25 05:54:47.740000',2,NULL,NULL,NULL,NULL,0),(149,'2026-06-05','Semana 11: Estaciones Hyrox Específicas','planificado',NULL,NULL,NULL,NULL,NULL,0,'2026-03-25 05:54:47.717000',2,NULL,NULL,NULL,NULL,0),(150,'2026-06-06','Semana 11: Simulación de Carrera','planificado',NULL,NULL,NULL,NULL,NULL,0,'2026-03-25 05:54:47.693000',2,NULL,NULL,NULL,NULL,0),(151,'2026-06-10','Semana 12: Fuerza y Potencia Base','planificado',NULL,NULL,NULL,NULL,NULL,0,'2026-03-25 05:54:47.670000',2,NULL,NULL,NULL,NULL,0),(152,'2026-06-11','Semana 12: Motor Aeróbico (Carrera)','planificado',NULL,NULL,NULL,NULL,NULL,0,'2026-03-25 05:54:47.648000',2,NULL,NULL,NULL,NULL,0),(153,'2026-06-12','Semana 12: Estaciones Hyrox Específicas','planificado',NULL,NULL,NULL,NULL,NULL,0,'2026-03-25 05:54:47.623000',2,NULL,NULL,NULL,NULL,0),(154,'2026-06-13','Semana 12: Simulación de Carrera','planificado',NULL,NULL,NULL,NULL,NULL,0,'2026-03-25 05:54:47.599000',2,NULL,NULL,NULL,NULL,0),(155,'2026-06-17','Semana 13: Fuerza y Potencia Base','planificado',NULL,NULL,NULL,NULL,NULL,0,'2026-03-25 05:54:47.573000',2,NULL,NULL,NULL,NULL,0),(156,'2026-06-18','Semana 13: Motor Aeróbico (Carrera)','planificado',NULL,NULL,NULL,NULL,NULL,0,'2026-03-25 05:54:47.550000',2,NULL,NULL,NULL,NULL,0),(157,'2026-06-19','Semana 13: Estaciones Hyrox Específicas','planificado',NULL,NULL,NULL,NULL,NULL,0,'2026-03-25 05:54:47.526000',2,NULL,NULL,NULL,NULL,0),(158,'2026-06-20','Semana 13: Simulación de Carrera','planificado',NULL,NULL,NULL,NULL,NULL,0,'2026-03-25 05:54:47.498000',2,NULL,NULL,NULL,NULL,0),(159,'2026-06-24','Semana 14: Fuerza y Potencia Base','planificado',NULL,NULL,NULL,NULL,NULL,0,'2026-03-25 05:54:47.465000',2,NULL,NULL,NULL,NULL,0),(160,'2026-06-25','Semana 14: Motor Aeróbico (Carrera)','planificado',NULL,NULL,NULL,NULL,NULL,0,'2026-03-25 05:54:47.439000',2,NULL,NULL,NULL,NULL,0),(161,'2026-06-26','Semana 14: Estaciones Hyrox Específicas','planificado',NULL,NULL,NULL,NULL,NULL,0,'2026-03-25 05:54:47.414000',2,NULL,NULL,NULL,NULL,0),(162,'2026-06-27','Semana 14: Simulación de Carrera','planificado',NULL,NULL,NULL,NULL,NULL,0,'2026-03-25 05:54:47.387000',2,NULL,NULL,NULL,NULL,0),(163,'2026-07-01','Semana 15: Fuerza de Activación (Tapering)','planificado',NULL,NULL,NULL,NULL,NULL,0,'2026-03-25 05:54:47.357000',2,NULL,NULL,NULL,NULL,0),(164,'2026-07-02','Semana 15: Trote Regenerativo','planificado',NULL,NULL,NULL,NULL,NULL,0,'2026-03-25 05:54:47.329000',2,NULL,NULL,NULL,NULL,0),(165,'2026-07-03','Semana 15: Repaso Técnico Estaciones','planificado',NULL,NULL,NULL,NULL,NULL,0,'2026-03-25 05:54:47.308000',2,NULL,NULL,NULL,NULL,0),(166,'2026-07-04','Semana 15: Descanso Activo','planificado',NULL,NULL,NULL,NULL,NULL,0,'2026-03-25 05:54:47.283000',2,NULL,NULL,NULL,NULL,0),(167,'2026-07-08','Semana 16: Fuerza de Activación (Tapering)','planificado',NULL,NULL,NULL,NULL,NULL,0,'2026-03-25 05:54:47.257000',2,NULL,NULL,NULL,NULL,0),(168,'2026-07-09','Semana 16: Trote Regenerativo','planificado',NULL,NULL,NULL,NULL,NULL,0,'2026-03-25 05:54:47.229000',2,NULL,NULL,NULL,NULL,0),(169,'2026-07-10','Semana 16: Repaso Técnico Estaciones','planificado',NULL,NULL,NULL,NULL,NULL,0,'2026-03-25 05:54:47.203000',2,NULL,NULL,NULL,NULL,0),(170,'2026-07-11','Semana 16: Descanso Activo','planificado',NULL,NULL,NULL,NULL,NULL,0,'2026-03-25 05:54:47.178000',2,NULL,NULL,NULL,NULL,0);
/*!40000 ALTER TABLE `hyrox_hyroxsession` ENABLE KEYS */;
UNLOCK TABLES;

--
-- Table structure for table `hyrox_recoverytestlog`
--

DROP TABLE IF EXISTS `hyrox_recoverytestlog`;
/*!40101 SET @saved_cs_client     = @@character_set_client */;
/*!50503 SET character_set_client = utf8mb4 */;
CREATE TABLE `hyrox_recoverytestlog` (
  `id` bigint NOT NULL AUTO_INCREMENT,
  `fecha` datetime(6) NOT NULL,
  `dolor_movimiento` smallint unsigned NOT NULL,
  `inflamacion_percibida` smallint unsigned NOT NULL,
  `confianza_atleta` smallint unsigned NOT NULL,
  `es_apto` tinyint(1) NOT NULL,
  `lesion_id` bigint NOT NULL,
  PRIMARY KEY (`id`),
  KEY `hyrox_recoverytestlog_lesion_id_308d0bc1_fk_hyrox_userinjury_id` (`lesion_id`),
  CONSTRAINT `hyrox_recoverytestlog_lesion_id_308d0bc1_fk_hyrox_userinjury_id` FOREIGN KEY (`lesion_id`) REFERENCES `hyrox_userinjury` (`id`),
  CONSTRAINT `hyrox_recoverytestlog_chk_1` CHECK ((`dolor_movimiento` >= 0)),
  CONSTRAINT `hyrox_recoverytestlog_chk_2` CHECK ((`inflamacion_percibida` >= 0)),
  CONSTRAINT `hyrox_recoverytestlog_chk_3` CHECK ((`confianza_atleta` >= 0))
) ENGINE=InnoDB AUTO_INCREMENT=2 DEFAULT CHARSET=utf8mb4 COLLATE=utf8mb4_unicode_ci;
/*!40101 SET character_set_client = @saved_cs_client */;

--
-- Dumping data for table `hyrox_recoverytestlog`
--

LOCK TABLES `hyrox_recoverytestlog` WRITE;
/*!40000 ALTER TABLE `hyrox_recoverytestlog` DISABLE KEYS */;
INSERT INTO `hyrox_recoverytestlog` VALUES (1,'2026-03-21 08:13:42.934000',0,0,10,1,1);
/*!40000 ALTER TABLE `hyrox_recoverytestlog` ENABLE KEYS */;
UNLOCK TABLES;

--
-- Table structure for table `hyrox_userinjury`
--

DROP TABLE IF EXISTS `hyrox_userinjury`;
/*!40101 SET @saved_cs_client     = @@character_set_client */;
/*!50503 SET character_set_client = utf8mb4 */;
CREATE TABLE `hyrox_userinjury` (
  `id` bigint NOT NULL AUTO_INCREMENT,
  `zona_afectada` varchar(100) COLLATE utf8mb4_unicode_ci NOT NULL,
  `fase` varchar(20) COLLATE utf8mb4_unicode_ci NOT NULL,
  `fecha_inicio` date NOT NULL,
  `fecha_resolucion` date DEFAULT NULL,
  `gravedad` int NOT NULL,
  `activa` tinyint(1) NOT NULL,
  `tags_restringidos` json NOT NULL,
  `notas_medicas` longtext COLLATE utf8mb4_unicode_ci,
  `cliente_id` bigint NOT NULL,
  PRIMARY KEY (`id`),
  KEY `hyrox_userinjury_cliente_id_5d7d22e0_fk_clientes_cliente_id` (`cliente_id`),
  CONSTRAINT `hyrox_userinjury_cliente_id_5d7d22e0_fk_clientes_cliente_id` FOREIGN KEY (`cliente_id`) REFERENCES `clientes_cliente` (`id`)
) ENGINE=InnoDB AUTO_INCREMENT=2 DEFAULT CHARSET=utf8mb4 COLLATE=utf8mb4_unicode_ci;
/*!40101 SET character_set_client = @saved_cs_client */;

--
-- Dumping data for table `hyrox_userinjury`
--

LOCK TABLES `hyrox_userinjury` WRITE;
/*!40000 ALTER TABLE `hyrox_userinjury` DISABLE KEYS */;
INSERT INTO `hyrox_userinjury` VALUES (1,'gemelo','RECUPERADO','2026-02-25','2026-03-21',8,0,'[\"impacto_vertical\", \"empuje_pierna\", \"flexion_plantar\", \"carga_distal_pierna\", \"estabilidad_gemelo\"]',NULL,2);
/*!40000 ALTER TABLE `hyrox_userinjury` ENABLE KEYS */;
UNLOCK TABLES;

--
-- Table structure for table `joi_entrenamiento`
--

DROP TABLE IF EXISTS `joi_entrenamiento`;
/*!40101 SET @saved_cs_client     = @@character_set_client */;
/*!50503 SET character_set_client = utf8mb4 */;
CREATE TABLE `joi_entrenamiento` (
  `id` bigint NOT NULL AUTO_INCREMENT,
  `fecha` date NOT NULL,
  `tipo` varchar(100) COLLATE utf8mb4_unicode_ci NOT NULL,
  `duracion` int NOT NULL,
  `intensidad` varchar(50) COLLATE utf8mb4_unicode_ci NOT NULL,
  `completado` tinyint(1) NOT NULL,
  `recomendacion_joi` varchar(200) COLLATE utf8mb4_unicode_ci DEFAULT NULL,
  `user_id` int NOT NULL,
  PRIMARY KEY (`id`),
  KEY `joi_entrenamiento_user_id_f163bcbd_fk_auth_user_id` (`user_id`),
  CONSTRAINT `joi_entrenamiento_user_id_f163bcbd_fk_auth_user_id` FOREIGN KEY (`user_id`) REFERENCES `auth_user` (`id`)
) ENGINE=InnoDB DEFAULT CHARSET=utf8mb4 COLLATE=utf8mb4_unicode_ci;
/*!40101 SET character_set_client = @saved_cs_client */;

--
-- Dumping data for table `joi_entrenamiento`
--

LOCK TABLES `joi_entrenamiento` WRITE;
/*!40000 ALTER TABLE `joi_entrenamiento` DISABLE KEYS */;
/*!40000 ALTER TABLE `joi_entrenamiento` ENABLE KEYS */;
UNLOCK TABLES;

--
-- Table structure for table `joi_estadoemocional`
--

DROP TABLE IF EXISTS `joi_estadoemocional`;
/*!40101 SET @saved_cs_client     = @@character_set_client */;
/*!50503 SET character_set_client = utf8mb4 */;
CREATE TABLE `joi_estadoemocional` (
  `id` bigint NOT NULL AUTO_INCREMENT,
  `fecha` date NOT NULL,
  `emocion` varchar(50) COLLATE utf8mb4_unicode_ci NOT NULL,
  `nota` longtext COLLATE utf8mb4_unicode_ci,
  `user_id` int NOT NULL,
  PRIMARY KEY (`id`),
  KEY `joi_estadoemocional_user_id_cf64b686_fk_auth_user_id` (`user_id`),
  CONSTRAINT `joi_estadoemocional_user_id_cf64b686_fk_auth_user_id` FOREIGN KEY (`user_id`) REFERENCES `auth_user` (`id`)
) ENGINE=InnoDB DEFAULT CHARSET=utf8mb4 COLLATE=utf8mb4_unicode_ci;
/*!40101 SET character_set_client = @saved_cs_client */;

--
-- Dumping data for table `joi_estadoemocional`
--

LOCK TABLES `joi_estadoemocional` WRITE;
/*!40000 ALTER TABLE `joi_estadoemocional` DISABLE KEYS */;
/*!40000 ALTER TABLE `joi_estadoemocional` ENABLE KEYS */;
UNLOCK TABLES;

--
-- Table structure for table `joi_eventologro`
--

DROP TABLE IF EXISTS `joi_eventologro`;
/*!40101 SET @saved_cs_client     = @@character_set_client */;
/*!50503 SET character_set_client = utf8mb4 */;
CREATE TABLE `joi_eventologro` (
  `id` bigint NOT NULL AUTO_INCREMENT,
  `nombre_logro` varchar(100) COLLATE utf8mb4_unicode_ci NOT NULL,
  `icono` varchar(10) COLLATE utf8mb4_unicode_ci NOT NULL,
  `fecha` date NOT NULL,
  `user_id` int NOT NULL,
  PRIMARY KEY (`id`),
  KEY `joi_eventologro_user_id_4bac94f5_fk_auth_user_id` (`user_id`),
  CONSTRAINT `joi_eventologro_user_id_4bac94f5_fk_auth_user_id` FOREIGN KEY (`user_id`) REFERENCES `auth_user` (`id`)
) ENGINE=InnoDB DEFAULT CHARSET=utf8mb4 COLLATE=utf8mb4_unicode_ci;
/*!40101 SET character_set_client = @saved_cs_client */;

--
-- Dumping data for table `joi_eventologro`
--

LOCK TABLES `joi_eventologro` WRITE;
/*!40000 ALTER TABLE `joi_eventologro` DISABLE KEYS */;
/*!40000 ALTER TABLE `joi_eventologro` ENABLE KEYS */;
UNLOCK TABLES;

--
-- Table structure for table `joi_logro`
--

DROP TABLE IF EXISTS `joi_logro`;
/*!40101 SET @saved_cs_client     = @@character_set_client */;
/*!50503 SET character_set_client = utf8mb4 */;
CREATE TABLE `joi_logro` (
  `id` bigint NOT NULL AUTO_INCREMENT,
  `nombre` varchar(100) COLLATE utf8mb4_unicode_ci NOT NULL,
  `descripcion` longtext COLLATE utf8mb4_unicode_ci NOT NULL,
  `desbloqueado` tinyint(1) NOT NULL,
  `fecha` date NOT NULL,
  `user_id` int NOT NULL,
  PRIMARY KEY (`id`),
  KEY `joi_logro_user_id_435f24b0_fk_auth_user_id` (`user_id`),
  CONSTRAINT `joi_logro_user_id_435f24b0_fk_auth_user_id` FOREIGN KEY (`user_id`) REFERENCES `auth_user` (`id`)
) ENGINE=InnoDB DEFAULT CHARSET=utf8mb4 COLLATE=utf8mb4_unicode_ci;
/*!40101 SET character_set_client = @saved_cs_client */;

--
-- Dumping data for table `joi_logro`
--

LOCK TABLES `joi_logro` WRITE;
/*!40000 ALTER TABLE `joi_logro` DISABLE KEYS */;
/*!40000 ALTER TABLE `joi_logro` ENABLE KEYS */;
UNLOCK TABLES;

--
-- Table structure for table `joi_motivacionusuario`
--

DROP TABLE IF EXISTS `joi_motivacionusuario`;
/*!40101 SET @saved_cs_client     = @@character_set_client */;
/*!50503 SET character_set_client = utf8mb4 */;
CREATE TABLE `joi_motivacionusuario` (
  `id` bigint NOT NULL AUTO_INCREMENT,
  `fecha` date NOT NULL,
  `motivo` longtext COLLATE utf8mb4_unicode_ci NOT NULL,
  `user_id` int NOT NULL,
  PRIMARY KEY (`id`),
  KEY `joi_motivacionusuario_user_id_9788a8f5_fk_auth_user_id` (`user_id`),
  CONSTRAINT `joi_motivacionusuario_user_id_9788a8f5_fk_auth_user_id` FOREIGN KEY (`user_id`) REFERENCES `auth_user` (`id`)
) ENGINE=InnoDB DEFAULT CHARSET=utf8mb4 COLLATE=utf8mb4_unicode_ci;
/*!40101 SET character_set_client = @saved_cs_client */;

--
-- Dumping data for table `joi_motivacionusuario`
--

LOCK TABLES `joi_motivacionusuario` WRITE;
/*!40000 ALTER TABLE `joi_motivacionusuario` DISABLE KEYS */;
/*!40000 ALTER TABLE `joi_motivacionusuario` ENABLE KEYS */;
UNLOCK TABLES;

--
-- Table structure for table `joi_recuerdoemocional`
--

DROP TABLE IF EXISTS `joi_recuerdoemocional`;
/*!40101 SET @saved_cs_client     = @@character_set_client */;
/*!50503 SET character_set_client = utf8mb4 */;
CREATE TABLE `joi_recuerdoemocional` (
  `id` bigint NOT NULL AUTO_INCREMENT,
  `fecha` datetime(6) NOT NULL,
  `contenido` longtext COLLATE utf8mb4_unicode_ci NOT NULL,
  `contexto` longtext COLLATE utf8mb4_unicode_ci,
  `user_id` int NOT NULL,
  PRIMARY KEY (`id`),
  KEY `joi_recuerdoemocional_user_id_e8feeff2_fk_auth_user_id` (`user_id`),
  CONSTRAINT `joi_recuerdoemocional_user_id_e8feeff2_fk_auth_user_id` FOREIGN KEY (`user_id`) REFERENCES `auth_user` (`id`)
) ENGINE=InnoDB DEFAULT CHARSET=utf8mb4 COLLATE=utf8mb4_unicode_ci;
/*!40101 SET character_set_client = @saved_cs_client */;

--
-- Dumping data for table `joi_recuerdoemocional`
--

LOCK TABLES `joi_recuerdoemocional` WRITE;
/*!40000 ALTER TABLE `joi_recuerdoemocional` DISABLE KEYS */;
/*!40000 ALTER TABLE `joi_recuerdoemocional` ENABLE KEYS */;
UNLOCK TABLES;

--
-- Table structure for table `logros_arquetipo`
--

DROP TABLE IF EXISTS `logros_arquetipo`;
/*!40101 SET @saved_cs_client     = @@character_set_client */;
/*!50503 SET character_set_client = utf8mb4 */;
CREATE TABLE `logros_arquetipo` (
  `nivel` int unsigned NOT NULL,
  `nombre_personaje` varchar(100) COLLATE utf8mb4_unicode_ci NOT NULL,
  `titulo_arquetipo` varchar(100) COLLATE utf8mb4_unicode_ci NOT NULL,
  `filosofia` longtext COLLATE utf8mb4_unicode_ci NOT NULL,
  `puntos_requeridos` int unsigned NOT NULL,
  `icono_fa` varchar(50) COLLATE utf8mb4_unicode_ci DEFAULT NULL,
  `imagen_url` varchar(200) COLLATE utf8mb4_unicode_ci DEFAULT NULL,
  PRIMARY KEY (`nivel`),
  CONSTRAINT `logros_arquetipo_chk_1` CHECK ((`nivel` >= 0)),
  CONSTRAINT `logros_arquetipo_chk_2` CHECK ((`puntos_requeridos` >= 0))
) ENGINE=InnoDB DEFAULT CHARSET=utf8mb4 COLLATE=utf8mb4_unicode_ci;
/*!40101 SET character_set_client = @saved_cs_client */;

--
-- Dumping data for table `logros_arquetipo`
--

LOCK TABLES `logros_arquetipo` WRITE;
/*!40000 ALTER TABLE `logros_arquetipo` DISABLE KEYS */;
INSERT INTO `logros_arquetipo` VALUES (1,'Saitama (inicio)','El Aspirante Calvo','Todo poder comienza con 100 flexiones, 100 abdominales, 100 sentadillas y 10km de carrera.',0,'fas fa-fist-raised','https://i.pinimg.com/1200x/33/f0/e3/33f0e36b3bd39b997c89fe5a2bb5e74b.jpg'),(2,'Rock Lee','El Genio del Esfuerzo','Sin talento natural, solo trabajo duro. La dedicación supera cualquier don innato.',500,'fas fa-running','https://i.pinimg.com/1200x/40/05/1e/40051e464e1755d470c9e6eaf088a787.jpg'),(3,'Krillin','El Guerrero Humano','Aunque seas el más débil, tu corazón valiente te hace fuerte.',750,'fas fa-circle','https://i.pinimg.com/736x/42/4a/d2/424ad291f7fa89924d718e89fc4ea076.jpg'),(4,'Yamcha','El Lobo del Desierto','Incluso los derrotados pueden encontrar su momento de gloria.',1000,'fas fa-paw','https://i.pinimg.com/736x/34/cb/e4/34cbe43b82bcedb43615f8260926e785.jpg'),(5,'Tien Shinhan','El Guerrero de Tres Ojos','La disciplina marcial trasciende los límites humanos.',1250,'fas fa-eye','https://i.pinimg.com/736x/f1/62/01/f162011915fc69ea7285ad1096f8a296.jpg'),(6,'Roronoa Zoro','El Espadachín Perdido','Tres espadas, una voluntad inquebrantable. Tu determinación corta cualquier obstáculo.',1500,'fas fa-sword','https://i.pinimg.com/736x/7c/04/02/7c04024703988235b0106755450fe928.jpg'),(7,'Sanji','El Cocinero de Pierna Negra','Un verdadero caballero protege a quienes ama con pasión ardiente.',1750,'fas fa-fire','https://cdn.theanimegallery.com/theanimegallery/e014fd23-105d-438b-9cca-54942603c5ab-roronoa-zoro-wallpaper.webp'),(8,'Kenshiro','El Puño de la Estrella del Norte','Ya estás muerto... para la mediocridad. Tu técnica es letal, tu corazón compasivo.',2000,'fas fa-star','https://i.pinimg.com/736x/98/dc/ef/98dcef752867f79da99276c433e76168.jpg'),(9,'Edward Elric','El Alquimista de Acero','Entiendes el intercambio equivalente: para ganar algo, debes sacrificar algo de igual valor.',2250,'fas fa-atom','https://pm1.aminoapps.com/6525/577d5e877ba90a6a171a6b1e4291c9e23c6ead90_hq.jpg'),(10,'Alphonse Elric','El Alma de Acero','Un corazón gentil en una armadura inquebrantable. La bondad es tu mayor fortaleza.',2500,'fas fa-shield','https://alchetron.com/cdn/alphonse-elric-58b6b32c-eff7-429b-94b2-ffb846b209f-resize-750.jpeg'),(11,'Inuyasha','El Medio Demonio','Entre dos mundos, perteneces a ambos. Tu naturaleza dual es tu mayor fortaleza.',3000,'fas fa-paw','https://alchetron.com/cdn/inuyasha-character-4bb24e5b-630c-4008-9f0f-77f3843bcf8-resize-750.jpeg'),(12,'Sesshomaru','El Señor Demonio','La perfección no se busca, se nace con ella. Tu orgullo es tu poder.',3500,'fas fa-moon','https://images4.alphacoders.com/975/thumb-1920-975158.jpg'),(13,'Yusuke Urameshi','El Detective Espiritual','De delincuente a salvador. Tu energía espiritual refleja tu crecimiento como persona.',4000,'fas fa-ghost','https://i.pinimg.com/1200x/5e/22/79/5e22793a1cf30c767b4371aa20eb3e02.jpg'),(14,'Hiei','El Demonio de las Llamas','Las llamas del inframundo arden en tu interior. Rápido, letal, implacable.',4500,'fas fa-fire','https://wallpapers.com/images/high/hiei-from-yuyu-hakusho-pq79isd5ognc02aj.webp'),(15,'Kurama','El Zorro Demonio','La inteligencia y la astucia superan la fuerza bruta. Eres estrategia pura.',5000,'fas fa-leaf','https://images8.alphacoders.com/683/thumb-1920-683164.jpg'),(16,'Ichigo Kurosaki','El Shinigami Sustituto','Proteges a los que amas sin importar el costo. Tu determinación trasciende la muerte.',5500,'fas fa-sword','https://images6.alphacoders.com/137/1374522.png'),(17,'Rukia Kuchiki','La Shinigami de Hielo','Elegante como la nieve, letal como el hielo. Tu belleza oculta un poder mortal.',6000,'fas fa-snowflake','https://picfiles.alphacoders.com/630/630954.jpeg'),(18,'Byakuya Kuchiki','El Noble de los Pétalos','La nobleza no es un título, es una forma de vida. Tu honor es inquebrantable.',6500,'fas fa-leaf','https://www.baltana.com/files/wallpapers-7/Byakuya-Kuchiki-Best-Wallpaper-21523.jpg'),(19,'Jotaro Kujo','El Cruzado Estelar','Yare yare daze. Tu Stand refleja tu alma: preciso, poderoso e implacable.',7000,'fas fa-star','https://i.pinimg.com/1200x/34/43/67/344367ffa26a0bf308806ed9f55613bc.jpg'),(20,'Dio Brando','El Vampiro del Tiempo','Has rechazado tu humanidad. El tiempo mismo se detiene ante tu voluntad.',7500,'fas fa-clock','https://i.pinimg.com/1200x/9a/fb/88/9afb8800bc0748e501461d79feab831b.jpg'),(21,'Natsu Dragneel','El Dragon Slayer de Fuego','El fuego de la amistad arde en tu corazón. Por tus nakama, puedes quemar el mundo.',8000,'fas fa-fire','https://i.pinimg.com/736x/8a/05/f8/8a05f8bc68ea133cdfe452afd0c06d9a.jpg'),(22,'Erza Scarlet','La Reina de las Hadas','Tu armadura no solo protege tu cuerpo, sino el corazón de tus compañeros.',8500,'fas fa-shield','https://i.pinimg.com/1200x/a7/85/0b/a7850b7694e5ceb3bb83121b97604631.jpg'),(23,'Gray Fullbuster','El Mago de Hielo','Tu frialdad exterior oculta un corazón ardiente por tus amigos.',9000,'fas fa-snowflake','https://i.pinimg.com/736x/26/50/72/265072206f70417a9b744f54b33ce796.jpg'),(24,'Laxus Dreyar','El Dragon Slayer del Rayo','El rayo que una vez destruyó, ahora protege. Has encontrado tu verdadero poder.',9500,'fas fa-bolt','https://i.pinimg.com/736x/5e/a8/83/5ea8831833b198c2dd155f0065ef8a48.jpg'),(25,'Gaara','El Kazekage de Arena','La soledad te forjó, pero el amor te transformó. Proteges con arena inquebrantable.',10000,'fas fa-mountain','https://i.pinimg.com/736x/47/ea/08/47ea084ee32a6cc187098c8f327870dc.jpg'),(26,'Kakashi Hatake','El Ninja Copia','Has copiado mil técnicas, pero tu mayor poder es proteger a tus estudiantes.',10500,'fas fa-eye','https://i.pinimg.com/1200x/a5/7a/bc/a57abc03ca6359ff7b15224fa525a96a.jpg'),(27,'Might Guy','La Bestia Verde','La juventud arde eternamente en tu espíritu. El trabajo duro nunca traiciona.',11000,'fas fa-running','https://i.pinimg.com/736x/d5/65/f3/d565f3b0b67f1c394b8661ced4e4a1f2.jpg'),(28,'Jiraiya','El Sabio Pervertido','Detrás de tu personalidad excéntrica se oculta la sabiduría de un verdadero maestro.',11500,'fas fa-frog','https://i.pinimg.com/736x/c8/79/eb/c879ebe8b20fb10d304f6dcbb3fcc3cd.jpg'),(29,'Orochimaru','La Serpiente Sannin','La inmortalidad es tu obsesión. Cambias de cuerpo como una serpiente cambia de piel.',12000,'fas fa-snake','https://i.pinimg.com/736x/95/a4/ff/95a4ff6d0fbbd38d84b58ada46e24410.jpg'),(30,'Tsunade','La Princesa Babosa','Tus puños pueden quebrar montañas, pero tu corazón puede sanar cualquier herida.',12500,'fas fa-fist-raised','https://i.pinimg.com/1200x/58/96/7c/58967c6c6527416d5e16940d6890dcb0.jpg'),(31,'All Might','El Símbolo de la Paz','Un verdadero héroe no se mide por su fuerza, sino por cómo inspira a otros.',13000,'fas fa-shield-alt','https://i.pinimg.com/1200x/81/0b/d3/810bd38bb207508408bf1b999fdd1b69.jpg'),(32,'Endeavor','El Héroe de Fuego','Las llamas del esfuerzo arden más brillantes que el talento natural.',13500,'fas fa-fire','https://i.pinimg.com/736x/45/f4/ab/45f4abaf4eed1e21d39f3361270ad310.jpg'),(33,'Shoto Todoroki','El Heredero Dividido','Hielo y fuego en perfecta armonía. Has aprendido a abrazar ambos lados de tu poder.',14000,'fas fa-yin-yang','https://i.pinimg.com/736x/7e/3e/4d/7e3e4df08654eea42cdd622302ffd8dc.jpg'),(34,'Yujiro Hanma','El Ogro Más Fuerte','La fuerza física pura en su máxima expresión. Eres una calamidad natural con forma humana.',14500,'fas fa-dumbbell','https://i.pinimg.com/1200x/41/bb/1c/41bb1ce9c0cc7ef31d98c2941f7f66d5.jpg'),(35,'Baki Hanma','El Campeón Joven','Llevas la sangre del ogro, pero tu corazón humano te hace más fuerte que tu padre.',15000,'fas fa-fist-raised','https://i.pinimg.com/736x/53/06/02/5306021a4b7f1f4a1903c3b430f36ddc.jpg'),(36,'Saber','El Rey de los Caballeros','Excalibur brilla con la luz de tus ideales. Eres el rey que el mundo necesita.',15500,'fas fa-crown','https://i.pinimg.com/1200x/8c/9e/fc/8c9efc1ce861b9e8eb50a8e07f32450e.jpg'),(37,'Gilgamesh','El Rey de los Héroes','Posees todos los tesoros del mundo. Tu arrogancia está justificada por tu poder absoluto.',16000,'fas fa-gem','https://i.pinimg.com/1200x/cd/29/b0/cd29b064413c8b4ae08c3f0ea0e796a5.jpg'),(38,'Escanor','El León del Orgullo','Durante el día, eres la encarnación del orgullo. Tu poder crece con el sol.',16500,'fas fa-sun','https://i.pinimg.com/736x/8e/d9/f0/8ed9f05b273041c2cb95c8a1009fc8a6.jpg'),(39,'Meliodas','El Capitán de los Pecados','El poder demoníaco y el corazón humano coexisten en ti. Lideras con fuerza y compasión.',17000,'fas fa-dragon','https://i.pinimg.com/1200x/f7/b8/26/f7b82689011a63d3190cc8b85cc70d24.jpg'),(40,'Ban','El Zorro de la Codicia','Tu inmortalidad te ha enseñado el verdadero valor de la vida y el amor.',17500,'fas fa-heart','https://i.pinimg.com/1200x/e0/3c/3c/e03c3ce24b8669f4530a4b62e27fea4b.jpg'),(41,'Goku Niño','El Pequeño Guerrero','La inocencia combinada con un poder increíble. Tu pureza de corazón es tu mayor fortaleza.',18000,'fas fa-child','https://i.pinimg.com/736x/c4/5e/84/c45e84458d6d3583986567ef2cabcf2c.jpg'),(42,'Vegeta (Saiyan Saga)','El Príncipe Orgulloso','El orgullo Saiyan corre por tus venas. Nunca te conformas con ser segundo.',19000,'fas fa-crown','https://i.pinimg.com/1200x/0c/e0/ff/0ce0ff603347f13c7bd2de9f03b74c0f.jpg'),(43,'Piccolo','El Demonio Redentor','De villano a mentor. Has encontrado la redención a través del sacrificio por otros.',20000,'fas fa-user-ninja','https://i.pinimg.com/736x/52/bc/d6/52bcd61491b18031e2e0a2ac8c4e0ee8.jpg'),(44,'Gohan Adolescente','El Guerrero Académico','Prefieres los libros a las batallas, pero cuando luchas, tu poder no conoce límites.',21000,'fas fa-book','https://i.pinimg.com/1200x/69/3d/55/693d55ffd655cee63f05d110678421bb.jpg'),(45,'Goku (Namek)','El Super Saiyan Legendario','La leyenda se ha hecho realidad. Tu transformación dorada marca una nueva era.',22000,'fas fa-bolt','https://i.pinimg.com/736x/0c/eb/03/0ceb0367c009cf147242ce96e3ea2273.jpg'),(46,'Freezer','El Emperador del Universo','El poder absoluto corrompe absolutamente. Eres la encarnación del mal en su forma más pura.',23000,'fas fa-snowflake','https://i.pinimg.com/736x/76/e0/a5/76e0a5a75859a27e8360f6e4635af133.jpg'),(47,'Cell Perfecto','La Perfección Artificial','Eres la culminación de la ciencia y la evolución. La perfección tiene un precio: la soledad.',24000,'fas fa-dna','https://i.pinimg.com/1200x/78/19/aa/7819aa00ceb5b0a9427a7e39f827314b.jpg'),(48,'Gohan (Cell Games)','El Joven Legendario','Tu ira despertó un poder que ni tu padre poseía. Eres el futuro de los Saiyans.',25000,'fas fa-lightning-bolt','https://i.pinimg.com/1200x/40/4d/4d/404d4dfbbfde7f5662182c2bcf556438.jpg'),(49,'Majin Buu','La Destrucción Inocente','Tu poder destructivo es solo igualado por tu inocencia. Eres caos puro con corazón de niño.',26000,'fas fa-candy-cane','https://i.pinimg.com/1200x/4e/db/06/4edb06bf151d29ea0b6a63cc7a2f7dba.jpg'),(50,'Goku (SSJ3)','El Guerrero Sin Límites','Has roto las barreras de lo posible. Tu sed de batalla trasciende la comprensión mortal.',27000,'fas fa-bolt','https://i.pinimg.com/736x/4d/da/3d/4dda3d51e904d106b8a719bee42076cd.jpg'),(51,'Itachi Uchiha','El Genio Trágico','Sacrificaste todo por la paz. Tu amor por tu hermano trasciende la comprensión.',28000,'fas fa-eye','https://i.pinimg.com/1200x/a8/55/b8/a855b8a8a8aa5411ee55bc42f29876ca.jpg'),(52,'Minato Namikaze','El Rayo Amarillo','Más rápido que la luz, más brillante que el sol. Tu legado vive en tu hijo.',29000,'fas fa-bolt','https://i.pinimg.com/1200x/59/21/e1/5921e13ed73166d979f081f59b88bc23.jpg'),(53,'Hashirama Senju','El Dios de los Shinobi','Tu voluntad de fuego ilumina el camino hacia la paz. Eres el ideal de todos los Hokage.',30000,'fas fa-tree','https://i.pinimg.com/1200x/03/2c/0a/032c0a1c130fca26fd69ad5eff6265ad.jpg'),(54,'Madara Uchiha','El Fantasma de los Uchiha','Has visto el ciclo infinito de odio. Tu sueño de paz justifica cualquier medio.',32000,'fas fa-eye','https://i.pinimg.com/1200x/01/f3/6e/01f36e84680df17a8c22e5bc7bf0d8af.jpg'),(55,'Naruto (Sabio)','El Jinchūriki Perfecto','Has convertido el odio en amor, la maldición en bendición. Nadie está perdido.',34000,'fas fa-leaf','https://i.pinimg.com/1200x/15/a9/da/15a9da37faff1bce70810ffda9111ba0.jpg'),(56,'Sasuke (Rinnegan)','El Último Uchiha','Has caminado por la oscuridad para proteger la luz. Tu redención es tu mayor victoria.',36000,'fas fa-lightning-bolt','https://i.pinimg.com/1200x/0b/c0/f6/0bc0f66ec217f01903a2d41049668485.jpg'),(57,'Obito (Jinchūriki)','El Sabio Falso','El dolor te transformó en lo que juraste destruir. Buscas crear un mundo sin sufrimiento.',38000,'fas fa-mask','https://i.pinimg.com/736x/48/2e/e0/482ee08f1d9c8fb7ccdc9031f1e71766.jpg'),(58,'Kaguya Ōtsutsuki','La Diosa Conejo','Eres el origen de todo chakra. Tu poder es tan antiguo como la misma creación.',40000,'fas fa-moon','https://i.pinimg.com/736x/e3/1e/28/e31e28daf5006b85f085fae2852598a9.jpg'),(59,'Ichigo (Bankai Final)','El Híbrido Definitivo','Shinigami, Quincy, Hollow y Humano. Eres la convergencia de todos los poderes espirituales.',42000,'fas fa-yin-yang','https://i.pinimg.com/736x/6c/e6/55/6ce655918daf0e4be91b588663e0482c.jpg'),(60,'Aizen Sosuke','El Dios Autoproclamado','Has trascendido los límites de la existencia espiritual. Tu evolución no conoce fin.',44000,'fas fa-gem','https://i.pinimg.com/736x/89/fc/e8/89fce8dca5055cca663ea70a047a11ae.jpg'),(61,'Goku (SSJ God)','El Saiyan Divino','Has alcanzado el reino de los dioses. Tu ki divino trasciende la comprensión mortal.',46000,'fas fa-bolt','https://i.pinimg.com/736x/7a/83/b7/7a83b7793512caedef12e251fa7e3b11.jpg'),(62,'Vegeta (SSJ Blue)','El Príncipe Azul','Has combinado lo divino con lo mortal. Tu orgullo ahora tiene respaldo divino.',48000,'fas fa-crown','https://i.pinimg.com/736x/b0/5e/9b/b05e9b17a0b830474bde56bdfa0a099f.jpg'),(63,'Broly','El Saiyan Legendario','Tu poder crece sin límites cuando la ira te consume. Eres la fuerza bruta personificada.',50000,'fas fa-fire','https://i.pinimg.com/1200x/8a/77/bb/8a77bb02a8016cbbc16d482f2745bdcc.jpg'),(64,'Jiren','El Guerrero de la Justicia','Has trascendido el tiempo mismo con tu fuerza. Tu justicia es absoluta e inquebrantable.',55000,'fas fa-shield','https://i.pinimg.com/1200x/d3/34/05/d33405c01a2c334d34c936904edd845a.jpg'),(65,'Beerus','El Dios de la Destrucción','Mantienes el equilibrio del universo a través de la destrucción. Tu poder es caprichoso pero necesario.',60000,'fas fa-cat','https://i.pinimg.com/736x/e1/03/b7/e103b74f5a1731c86e188be9b34d2d2a.jpg'),(66,'Whis','El Ángel Instructor','Eres la calma en la tormenta. Tu sabiduría y poder guían incluso a los dioses.',65000,'fas fa-feather','https://i.pinimg.com/1200x/9a/20/6a/9a206a52a7d072439c000cb61bd6783a.jpg'),(67,'Gogeta Blue','La Fusión Divina','Dos guerreros divinos se convierten en uno. Tu poder combinado desafía la lógica.',70000,'fas fa-users','https://i.pinimg.com/736x/6f/13/8f/6f138f7d4f455e096a6d6a110dbfa207.jpg'),(68,'Vegito Blue','El Guerrero Fusionado','La rivalidad se convierte en sinergia perfecta. Eres más que la suma de tus partes.',75000,'fas fa-infinity','https://i.pinimg.com/736x/9b/92/45/9b9245e3623e7e0ad7e127248df53dc1.jpg'),(69,'Moro','El Devorador de Planetas','Absorbes la energía de mundos enteros. Tu hambre de poder no conoce límites.',80000,'fas fa-black-hole','https://i.pinimg.com/1200x/bf/14/de/bf14de89a82b91b5c1f9b8b9dc8ff578.jpg'),(70,'Gas','El Más Fuerte del Universo','Has obtenido el título de más fuerte, pero el poder sin propósito es vacío.',85000,'fas fa-crown','https://i.pinimg.com/736x/1c/90/dc/1c90dc15bf849d394c2af61eefc883ed.jpg'),(71,'Sailor Moon','La Guerrera de la Luna','En nombre de la Luna, castigas a los malvados. Tu amor puede purificar cualquier oscuridad.',90000,'fas fa-moon','https://i.pinimg.com/736x/f8/37/6c/f8376c50e4e281890f82768b875f7909.jpg'),(72,'Seiya de Pegaso','El Caballero de Pegaso','Tu cosmo arde con la fuerza de las estrellas. Proteges a Athena con tu vida.',95000,'fas fa-horse','https://i.pinimg.com/1200x/24/a4/f5/24a4f548b885490a6281bf3afc4e2dab.jpg'),(73,'Saga de Géminis','El Caballero Dorado','Tu alma dual refleja la complejidad del bien y el mal. Eres luz y oscuridad.',100000,'fas fa-yin-yang','https://i.pinimg.com/736x/98/36/cc/9836cc90d2f4c8d39f5eac425107f992.jpg'),(74,'Shaka de Virgo','El Hombre Más Cercano a Dios','Tu iluminación trasciende lo físico. Eres la sabiduría hecha poder.',110000,'fas fa-lotus','https://i.pinimg.com/736x/d8/49/6a/d8496a7959ba814c2e15921ff64afe90.jpg'),(75,'Athena','La Diosa de la Guerra','Proteges la Tierra con amor y justicia. Tu sabiduría guía a tus caballeros.',120000,'fas fa-shield','https://i.pinimg.com/736x/e8/ef/99/e8ef9957bf8a2ec5149950fbf176421a.jpg'),(76,'Hades','El Señor del Inframundo','Gobiernas sobre la muerte misma. Tu dominio se extiende más allá de la comprensión mortal.',130000,'fas fa-skull-crossbones','https://i.pinimg.com/736x/99/d9/cc/99d9cc3bd9975d8493c66d4f948d840f.jpg'),(77,'Simon','El Perforador de Cielos','Tu taladro puede perforar los cielos mismos. Representas la evolución y el progreso infinito.',140000,'fas fa-rocket','https://i.pinimg.com/736x/4f/34/a7/4f34a7ecb7f9c971d0b651c1d099a3e7.jpg'),(78,'Anti-Spiral','La Negación de la Evolución','Representas la estasis absoluta. Tu misión es prevenir que el universo se autodestruya.',150000,'fas fa-ban','https://i.pinimg.com/736x/69/bd/c1/69bdc19ba6a5efe6efbeca867997e810.jpg'),(79,'Tengen Toppa Gurren Lagann','El Robot del Tamaño del Multiverso','Tu tamaño trasciende las dimensiones físicas. Eres la manifestación de la voluntad humana.',160000,'fas fa-robot','https://i.pinimg.com/1200x/d0/4f/54/d04f54cb857dcf0211470022e679e87d.jpg'),(80,'Super Tengen Toppa','La Evolución Conceptual','Has trascendido la forma física para convertirte en el concepto mismo de la evolución.',170000,'fas fa-dna','https://i.pinimg.com/736x/76/91/56/769156818c77b448c7371bf82bf891af.jpg'),(81,'Madoka Kaname','La Diosa de la Esperanza','Te sacrificaste para reescribir las leyes del universo. Tu amor trasciende el espacio y el tiempo.',180000,'fas fa-heart','https://i.pinimg.com/736x/d9/4c/5e/d94c5e43c445c22a5ac8ab402becb128.jpg'),(82,'Homura Akemi','El Demonio del Tiempo','Has reescrito la realidad por amor. Tu devoción trasciende el bien y el mal.',190000,'fas fa-clock','https://i.pinimg.com/736x/24/a5/e2/24a5e2bdaab657a3ea4b92559fb790f0.jpg'),(83,'Haruhi Suzumiya','La Diosa Inconsciente','Sin saberlo, tu voluntad moldea la realidad. Tu aburrimiento puede destruir y crear universos.',200000,'fas fa-magic','https://i.pinimg.com/736x/61/21/f3/6121f30efe30530b47839cae3af54aa6.jpg'),(84,'Truth','La Verdad Universal','Eres la representación de toda la verdad y conocimiento. Existes en la puerta de la verdad absoluta.',220000,'fas fa-door-open','https://i.pinimg.com/736x/02/bd/21/02bd2105aa523248e9b1485e15a9aa7f.jpg'),(85,'Giorno Giovanna (GER)','El Requiem Dorado','Puedes resetear cualquier acción a cero. Tu voluntad dorada puede negar la realidad misma.',240000,'fas fa-undo','https://i.pinimg.com/736x/e7/38/73/e738739d0b9c90bbf8e260f29f25eaf9.jpg'),(86,'Rimuru Tempest','El Señor Demonio Slime','De simple slime a señor demonio. Tu evolución no conoce límites ni fronteras.',260000,'fas fa-circle','https://i.pinimg.com/736x/de/70/39/de7039d3b9c592fd0822ec79f19b42bd.jpg'),(87,'Ainz Ooal Gown','El Rey No-Muerto','Gobiernas desde las sombras con sabiduría estratégica. La muerte es solo el comienzo.',280000,'fas fa-skull','https://i.pinimg.com/736x/cb/f6/cd/cbf6cd5d87df0475455baddd0321ddfa.jpg'),(88,'Saitama','El Héroe por Hobby','Has roto tu limitador. Tu fuerza es tan absoluta que has perdido la emoción de la batalla.',300000,'fas fa-fist-raised','https://i.pinimg.com/1200x/81/a1/ea/81a1ea18c0804f8aedf7622f15d70498.jpg'),(89,'Zeno Sama','El Rey de Todo','Con un gesto puedes borrar universos enteros. Tu inocencia infantil contrasta con tu poder absoluto.',350000,'fas fa-crown','https://i.pinimg.com/736x/9e/f1/f1/9ef1f1a821e74f40461973d32b0b3459.jpg'),(90,'Daishinkan','El Gran Sacerdote','Eres el ángel de los ángeles. Tu sabiduría y poder son los pilares de la existencia multiversal.',400000,'fas fa-praying-hands','https://i.pinimg.com/736x/1c/67/f8/1c67f875504e1bcbcc02bd0de926bc59.jpg'),(91,'Yogiri Takatou','La Muerte Absoluta','Puedes matar cualquier cosa, incluso conceptos abstractos. La muerte misma te obedece.',450000,'fas fa-skull','https://i.pinimg.com/1200x/3b/d5/d3/3bd5d35cdac8e4a49ac8dc3f5d294e4e.jpg'),(92,'Arceus','El Dios Creador Original','Creaste el universo desde la nada. Eres el alfa y omega de toda existencia.',500000,'fas fa-ring','https://i.pinimg.com/1200x/d3/b9/a6/d3b9a6a0a5d97e37b0c09aee00735f37.jpg'),(93,'Akuto Sai','El Rey Demonio Omnipotente','Tu magia trasciende la lógica y la razón. Puedes reescribir las leyes fundamentales de la existencia.',550000,'fas fa-magic','https://i.pinimg.com/736x/f5/80/31/f58031170a2356cfc79e32bcc2699c1f.jpg'),(94,'Featherine Aurora','La Bruja Escritora','Escribes las historias de universos enteros. Para ti, la realidad es solo una narrativa que puedes editar.',600000,'fas fa-feather-alt','https://i.pinimg.com/1200x/7a/72/85/7a72858a4fe49c8ebe3f8d5406e0ef47.jpg'),(95,'Lambdadelta','La Bruja de la Certeza Absoluta','Para ti, lo imposible es solo una palabra. Puedes hacer realidad cualquier cosa con suficiente determinación.',650000,'fas fa-dice','https://i.pinimg.com/736x/5c/8b/ab/5c8babee97cd1e8d8189cbe5450ceace.jpg'),(96,'Bernkastel','La Bruja de los Milagros','Juegas con el destino como si fuera un tablero de ajedrez. Los milagros son tu especialidad.',700000,'fas fa-star','https://i.pinimg.com/1200x/1e/fd/a6/1efda67093e3483290f3a14e9a49bb8e.jpg'),(97,'Kami Tenchi','El Ser Supremo','Existes más allá de todas las dimensiones y conceptos. Eres la fuente de toda existencia.',750000,'fas fa-infinity','https://i.pinimg.com/1200x/ad/0d/cd/ad0dcd17969ae2d41a795bd495344d5a.jpg'),(98,'Hajun','El Caos Absoluto','Representas el caos en su forma más pura. Tu existencia misma amenaza el orden de toda la realidad.',800000,'fas fa-tornado','https://i.pinimg.com/1200x/6d/8e/7c/6d8e7c11046d563cd921f5fe94d21093.jpg'),(99,'Azathoth','El Dios Ciego Idiota','Eres el caos primordial que sueña la realidad. Si despiertas, toda existencia cesará.',900000,'fas fa-eye','https://i.pinimg.com/1200x/25/a2/dd/25a2dd4653770de5aaf42f30fa8607e7.jpg'),(100,'The One Above All','El Uno Sobre Todo lo Absoluto','Eres la omnipotencia absoluta más allá de toda comprensión. Existes más allá de todos los conceptos de poder y existencia.',1000000,'fas fa-eye-of-providence',NULL);
/*!40000 ALTER TABLE `logros_arquetipo` ENABLE KEYS */;
UNLOCK TABLES;

--
-- Table structure for table `logros_historialpuntos`
--

DROP TABLE IF EXISTS `logros_historialpuntos`;
/*!40101 SET @saved_cs_client     = @@character_set_client */;
/*!50503 SET character_set_client = utf8mb4 */;
CREATE TABLE `logros_historialpuntos` (
  `id` bigint NOT NULL AUTO_INCREMENT,
  `puntos` int unsigned NOT NULL,
  `descripcion` varchar(255) COLLATE utf8mb4_unicode_ci NOT NULL,
  `fecha` datetime(6) NOT NULL,
  `entreno_id` bigint DEFAULT NULL,
  `perfil_id` bigint NOT NULL,
  `prueba_legendaria_id` bigint DEFAULT NULL,
  `quest_id` bigint DEFAULT NULL,
  PRIMARY KEY (`id`),
  KEY `logros_historialpunt_entreno_id_f8879c3c_fk_entrenos_` (`entreno_id`),
  KEY `logros_historialpunt_perfil_id_4e0cd489_fk_logros_pe` (`perfil_id`),
  KEY `logros_historialpunt_prueba_legendaria_id_a0f209bc_fk_logros_pr` (`prueba_legendaria_id`),
  KEY `logros_historialpuntos_quest_id_a8ffafab_fk_logros_quest_id` (`quest_id`),
  CONSTRAINT `logros_historialpunt_entreno_id_f8879c3c_fk_entrenos_` FOREIGN KEY (`entreno_id`) REFERENCES `entrenos_entrenorealizado` (`id`),
  CONSTRAINT `logros_historialpunt_perfil_id_4e0cd489_fk_logros_pe` FOREIGN KEY (`perfil_id`) REFERENCES `logros_perfilgamificacion` (`id`),
  CONSTRAINT `logros_historialpunt_prueba_legendaria_id_a0f209bc_fk_logros_pr` FOREIGN KEY (`prueba_legendaria_id`) REFERENCES `logros_pruebalegendaria` (`id`),
  CONSTRAINT `logros_historialpuntos_quest_id_a8ffafab_fk_logros_quest_id` FOREIGN KEY (`quest_id`) REFERENCES `logros_quest` (`id`),
  CONSTRAINT `logros_historialpuntos_chk_1` CHECK ((`puntos` >= 0))
) ENGINE=InnoDB AUTO_INCREMENT=646 DEFAULT CHARSET=utf8mb4 COLLATE=utf8mb4_unicode_ci;
/*!40101 SET character_set_client = @saved_cs_client */;

--
-- Dumping data for table `logros_historialpuntos`
--

LOCK TABLES `logros_historialpuntos` WRITE;
/*!40000 ALTER TABLE `logros_historialpuntos` DISABLE KEYS */;
INSERT INTO `logros_historialpuntos` VALUES (93,50,'Entrenamiento completado - Día 3 - Mini_Potencia','2025-08-30 08:24:07.245000',96,2,NULL,NULL),(94,50,'Prueba Legendaria completada: El Primer Puñetazo','2025-08-30 08:24:07.254000',NULL,2,290,NULL),(142,56,'Entrenamiento completado - Día 1 - Hipertrofia_Final','2025-09-06 05:33:01.655000',142,5,NULL,NULL),(143,50,'Prueba Legendaria completada: El Primer Puñetazo','2025-09-06 05:33:01.663000',NULL,5,290,NULL),(144,55,'Entrenamiento completado - Día 2 - Hipertrofia_Final','2025-09-06 05:35:46.867000',143,5,NULL,NULL),(145,56,'Entrenamiento completado - Día 4 - Hipertrofia_Final','2025-09-06 15:44:45.199000',144,5,NULL,NULL),(146,55,'Entrenamiento completado - Día 1 - Hipertrofia_Final','2025-09-08 16:27:07.609000',145,5,NULL,NULL),(147,54,'Entrenamiento completado - Día 2 - Hipertrofia_Final','2025-09-09 16:45:49.347000',146,5,NULL,NULL),(148,55,'Entrenamiento completado - Día 3 - Hipertrofia_Final','2025-09-10 16:50:16.392000',147,5,NULL,NULL),(149,150,'Prueba Legendaria completada: La Rutina Diaria','2025-09-10 16:50:16.403000',NULL,5,292,NULL),(150,53,'Entrenamiento completado - Día 4 - Hipertrofia_Final','2025-09-11 16:36:23.671000',148,5,NULL,NULL),(151,56,'Entrenamiento completado - Día 5 - Hipertrofia_Final','2025-09-13 09:51:08.673000',149,5,NULL,NULL),(152,55,'Entrenamiento completado - Día 1 - Hipertrofia_Final','2025-09-14 16:52:12.190000',150,5,NULL,NULL),(153,55,'Entrenamiento completado - Día 2 - Hipertrofia_Final','2025-09-15 23:26:27.850000',151,5,NULL,NULL),(154,53,'Entrenamiento completado - Día 3 - Hipertrofia_Final','2025-09-18 16:47:23.822000',152,5,NULL,NULL),(155,53,'Entrenamiento completado - Día 4 - Hipertrofia_Final','2025-09-19 17:34:40.590000',153,5,NULL,NULL),(156,55,'Entrenamiento completado - Día 5 - Hipertrofia_Final','2025-09-20 18:13:51.493000',154,5,NULL,NULL),(157,55,'Entrenamiento completado - Día 1 - Hipertrofia_Final','2025-09-23 16:59:16.449000',155,5,NULL,NULL),(158,56,'Entrenamiento completado - Día 2 - Hipertrofia_Final','2025-09-25 17:49:28.771000',156,5,NULL,NULL),(159,53,'Entrenamiento completado - Día 3 - Hipertrofia_Final','2025-09-27 13:41:26.999000',157,5,NULL,NULL),(160,56,'Entrenamiento completado - Día 1 - Hipertrofia_Final','2025-09-29 07:27:23.641000',158,6,NULL,NULL),(161,50,'Prueba Legendaria completada: El Primer Puñetazo','2025-09-29 07:27:23.667000',NULL,6,290,NULL),(162,53,'Entrenamiento completado - Día 4 - Hipertrofia_Final','2025-09-29 18:08:11.424000',159,5,NULL,NULL),(163,53,'Entrenamiento completado - Día 4 - Hipertrofia_Final','2025-09-29 18:08:14.298000',160,5,NULL,NULL),(164,54,'Entrenamiento completado - Día 5 - Hipertrofia_Final','2025-10-03 16:01:26.766000',161,5,NULL,NULL),(165,50,'Entrenamiento completado - Día 1 - Hipertrofia_Final','2025-10-04 15:43:59.474000',162,5,NULL,NULL),(166,53,'Entrenamiento completado - Día 2 - Hipertrofia_Final','2025-10-07 15:56:59.231000',163,5,NULL,NULL),(167,54,'Entrenamiento completado - Día 3 - Hipertrofia_Final','2025-10-09 16:59:10.438000',164,5,NULL,NULL),(168,52,'Entrenamiento completado - Día 4 - Hipertrofia_Final','2025-10-10 15:39:40.986000',165,5,NULL,NULL),(169,56,'Entrenamiento completado - Día 5 - Hipertrofia_Final','2025-10-11 09:00:03.876000',166,5,NULL,NULL),(170,54,'Entrenamiento completado - Día 1 - Hipertrofia_Final','2025-10-13 08:50:11.528000',167,5,NULL,NULL),(171,53,'Entrenamiento completado - Día 2 - Hipertrofia_Final','2025-10-17 15:46:08.031000',168,5,NULL,NULL),(172,53,'Entrenamiento completado - Día 3 - Hipertrofia_Final','2025-10-18 09:00:10.431000',169,5,NULL,NULL),(173,53,'Entrenamiento completado - Día 4 - Hipertrofia_Final','2025-10-19 08:42:01.724000',170,5,NULL,NULL),(174,56,'Entrenamiento completado - Día 5 - Hipertrofia_Final','2025-10-20 08:56:01.499000',171,5,NULL,NULL),(175,55,'Entrenamiento completado - Día 1 - Hipertrofia_Final','2025-10-25 09:13:10.435000',172,5,NULL,NULL),(176,56,'Entrenamiento completado - Día 5 - Hipertrofia_Final','2025-10-26 11:23:44.687000',173,5,NULL,NULL),(177,54,'Entrenamiento completado - Día 1 - Hipertrofia_Final','2025-10-27 16:52:10.463000',174,5,NULL,NULL),(178,53,'Entrenamiento completado - Día 2 - Hipertrofia_Final','2025-10-28 17:09:59.629000',175,5,NULL,NULL),(179,54,'Entrenamiento completado - Día 3 - Hipertrofia_Final','2025-10-29 16:57:42.108000',176,5,NULL,NULL),(180,50,'Entrenamiento completado - Día 5 - Hipertrofia_Final','2025-11-01 08:55:58.729000',177,5,NULL,NULL),(181,54,'Entrenamiento completado - Día 1 - Mini_Potencia_2','2025-11-04 17:05:00.266000',178,5,NULL,NULL),(182,54,'Entrenamiento completado - Día 2 - Mini_Potencia_2','2025-11-05 16:38:45.442000',179,5,NULL,NULL),(183,53,'Entrenamiento completado - Día 4 - Mini_Potencia_2','2025-11-06 16:36:29.681000',180,5,NULL,NULL),(184,53,'Entrenamiento completado - Día 4 - Mini_Potencia_2','2025-11-06 16:36:30.774000',181,5,NULL,NULL),(185,50,'Entrenamiento completado - Día 5 - Mini_Potencia_2','2025-11-08 09:12:19.746000',182,5,NULL,NULL),(186,53,'Entrenamiento completado - Día 3 - Mini_Potencia_2','2025-11-09 14:42:48.337000',183,5,NULL,NULL),(187,53,'Entrenamiento completado - Día 3 - Mini_Potencia_2','2025-11-12 16:31:43.936000',184,5,NULL,NULL),(188,53,'Entrenamiento completado - Día 1 - Mini_Potencia_2','2025-11-13 17:00:37.882000',185,5,NULL,NULL),(189,53,'Entrenamiento completado - Día 1 - Mini_Potencia_2','2025-11-13 17:00:39.704000',186,5,NULL,NULL),(190,51,'Entrenamiento completado - Día 4 - Descarga','2025-11-20 09:01:51.693000',187,5,NULL,NULL),(191,53,'Entrenamiento completado - Día 3 - Descarga','2025-11-21 16:48:05.272000',188,5,NULL,NULL),(192,54,'Entrenamiento completado - Día 1 - Descarga','2025-11-22 09:54:50.471000',189,5,NULL,NULL),(193,54,'Entrenamiento completado - Día 2 - Descarga','2025-11-23 09:32:19.217000',190,5,NULL,NULL),(194,50,'Entrenamiento completado - Día 1 - Hipertrofia_Estetica','2025-11-27 16:54:30.437000',191,5,NULL,NULL),(195,53,'Entrenamiento completado - Día 2 - Hipertrofia_Estetica','2025-11-28 17:05:33.023000',192,5,NULL,NULL),(196,56,'Entrenamiento completado - Día 5 - Hipertrofia_Estetica','2025-11-29 09:48:19.239000',193,5,NULL,NULL),(197,53,'Entrenamiento completado - Día 4 - Hipertrofia_Estetica','2025-11-30 09:03:57.749000',194,5,NULL,NULL),(198,53,'Entrenamiento completado - Día 1 - Hipertrofia_Estetica','2025-12-02 16:58:22.341000',195,5,NULL,NULL),(199,53,'Entrenamiento completado - Día 2 - Hipertrofia_Estetica','2025-12-05 16:44:40.447000',196,5,NULL,NULL),(200,54,'Entrenamiento completado - Día 5 - Hipertrofia_Estetica','2025-12-06 10:00:09.732000',197,5,NULL,NULL),(201,53,'Entrenamiento completado - Día 3 - Hipertrofia_Estetica','2025-12-07 09:43:49.650000',198,5,NULL,NULL),(202,56,'Entrenamiento completado - Día 1 - Hipertrofia_Estetica','2025-12-09 16:55:27.948000',199,5,NULL,NULL),(203,54,'Entrenamiento completado - Día 2 - Hipertrofia_Estetica','2025-12-10 16:28:22.062000',200,5,NULL,NULL),(204,53,'Entrenamiento completado - Día 3 - Hipertrofia_Estetica','2025-12-11 15:42:04.452000',201,5,NULL,NULL),(205,53,'Entrenamiento completado - Día 3 - Hipertrofia_Estetica','2025-12-11 15:42:05.035000',202,5,NULL,NULL),(206,53,'Entrenamiento completado - Día 4 - Hipertrofia_Estetica','2025-12-12 16:09:36.235000',203,5,NULL,NULL),(207,55,'Entrenamiento completado - Día 5 - Hipertrofia_Estetica','2025-12-14 10:28:22.851000',204,5,NULL,NULL),(208,54,'Entrenamiento completado - Día 1 - Hipertrofia_Estetica','2025-12-16 08:38:21.158000',205,5,NULL,NULL),(209,53,'Entrenamiento completado - Día 2 - Hipertrofia_Estetica','2025-12-17 07:36:34.452000',206,5,NULL,NULL),(210,53,'Entrenamiento completado - Día 3 - Hipertrofia_Estetica','2025-12-19 16:59:56.899000',207,5,NULL,NULL),(211,53,'Entrenamiento completado - Día 4 - Hipertrofia_Estetica','2025-12-20 09:42:29.424000',208,5,NULL,NULL),(212,54,'Entrenamiento completado - Día 5 - Hipertrofia_Estetica','2025-12-22 17:11:49.302000',209,5,NULL,NULL),(213,55,'Entrenamiento completado - Día 1 - Hipertrofia_Estetica','2025-12-23 17:19:01.583000',210,5,NULL,NULL),(214,55,'Entrenamiento completado - Día 1 - Hipertrofia_Estetica','2025-12-23 17:19:02.648000',211,5,NULL,NULL),(215,56,'Entrenamiento completado - Día 2 - Hipertrofia_Estetica','2025-12-26 16:54:47.036000',212,5,NULL,NULL),(216,53,'Entrenamiento completado - Día 3 - Hipertrofia_Estetica','2025-12-27 09:53:28.557000',213,5,NULL,NULL),(217,56,'Entrenamiento completado - Día 5 - Hipertrofia_Estetica','2025-12-29 16:56:42.128000',214,5,NULL,NULL),(218,55,'Entrenamiento completado - Día 2 - Hipertrofia_Estetica','2025-12-30 16:44:38.750000',215,5,NULL,NULL),(219,55,'Entrenamiento completado - Día 2 - Hipertrofia_Estetica','2025-12-30 16:44:39.592000',216,5,NULL,NULL),(220,55,'Entrenamiento completado - Día 1 - Hipertrofia - Acumulación','2026-01-02 16:56:17.128000',217,5,NULL,NULL),(221,56,'Entrenamiento completado - Día 2 - Hipertrofia - Acumulación','2026-01-03 10:01:33.013000',218,5,NULL,NULL),(222,56,'Entrenamiento completado - Día 3 - Hipertrofia - Acumulación','2026-01-04 09:59:09.952000',219,5,NULL,NULL),(223,53,'Entrenamiento completado - Día 4 - Hipertrofia - Acumulación','2026-01-05 16:35:39.113000',220,5,NULL,NULL),(224,57,'Entrenamiento completado - Día 5 - Hipertrofia - Acumulación','2026-01-06 11:29:11.620000',221,5,NULL,NULL),(225,57,'Entrenamiento completado - Día 1 - Hipertrofia - Acumulación','2026-01-08 17:24:41.617000',222,5,NULL,NULL),(226,55,'Entrenamiento completado - Día 2 - Hipertrofia - Acumulación','2026-01-10 10:10:20.076000',223,5,NULL,NULL),(227,53,'Entrenamiento completado - Día 3 - Hipertrofia - Acumulación','2026-01-12 16:46:10.426000',224,5,NULL,NULL),(228,55,'Entrenamiento completado - Día 4 - Hipertrofia - Acumulación','2026-01-13 16:51:14.045000',225,5,NULL,NULL),(229,55,'Entrenamiento completado - Día 5 - Hipertrofia - Acumulación','2026-01-14 16:55:02.242000',226,5,NULL,NULL),(230,54,'Entrenamiento completado - Día 1 - Hipertrofia - Acumulación','2026-01-15 16:50:38.903000',227,5,NULL,NULL),(231,54,'Entrenamiento completado - Día 2 - Hipertrofia - Acumulación','2026-01-17 10:45:07.214000',228,5,NULL,NULL),(232,54,'Entrenamiento completado - Día 3 - Hipertrofia - Acumulación','2026-01-19 17:09:07.234000',229,5,NULL,NULL),(233,54,'Entrenamiento completado - Día 4 - Hipertrofia - Acumulación','2026-01-21 17:04:12.552000',230,5,NULL,NULL),(234,55,'Entrenamiento completado - Día 5 - Hipertrofia - Acumulación','2026-01-22 16:59:07.836000',231,5,NULL,NULL),(235,54,'Entrenamiento completado - Día 1 - Hipertrofia - Acumulación','2026-01-24 09:58:41.829000',232,5,NULL,NULL),(236,55,'Entrenamiento completado - Día 2 - Hipertrofia - Acumulación','2026-01-25 10:20:40.510000',233,5,NULL,NULL),(237,50,'Entrenamiento completado - Día 3 - Hipertrofia - Acumulación','2026-01-26 16:58:30.474000',234,5,NULL,NULL),(238,50,'Entrenamiento completado - Día 4 - Hipertrofia - Acumulación','2026-01-28 17:07:18.271000',235,5,NULL,NULL),(239,50,'Entrenamiento completado - Día 5 - Hipertrofia - Acumulación','2026-01-29 16:45:25.569000',236,5,NULL,NULL),(240,50,'Entrenamiento completado - Día 1 - Hipertrofia - Acumulación','2026-01-31 17:31:37.510000',237,5,NULL,NULL),(241,50,'Entrenamiento completado - Día 2 - Hipertrofia - Acumulación','2026-02-01 09:40:05.108000',238,5,NULL,NULL),(242,65,'Entrenamiento completado - Día 4 - Descarga','2026-02-01 12:52:30.293000',4,2,NULL,NULL),(243,51,'Entrenamiento completado - Día 4 - Descarga','2026-02-01 12:52:30.387000',6,2,NULL,NULL),(244,56,'Entrenamiento completado - Día 4 - Descarga','2026-02-01 12:52:30.455000',22,2,NULL,NULL),(245,81,'Entrenamiento completado - Día 4 - Descarga','2026-02-01 12:52:30.514000',36,2,NULL,NULL),(246,56,'Entrenamiento completado - Día 4 - Descarga','2026-02-01 12:52:30.578000',39,2,NULL,NULL),(247,52,'Entrenamiento completado - Día 4 - Descarga','2026-02-01 12:52:30.638000',40,2,NULL,NULL),(248,80,'Entrenamiento completado - Día 4 - Descarga','2026-02-01 12:52:30.706000',44,2,NULL,NULL),(249,50,'Entrenamiento completado - Día 4 - Descarga','2026-02-01 12:52:30.779000',52,2,NULL,NULL),(250,50,'Entrenamiento completado - Día 4 - Descarga','2026-02-01 12:52:30.866000',53,2,NULL,NULL),(251,50,'Entrenamiento completado - Día 4 - Descarga','2026-02-01 12:52:30.975000',54,2,NULL,NULL),(252,50,'Entrenamiento completado - Día 4 - Descarga','2026-02-01 12:52:31.058000',55,2,NULL,NULL),(253,50,'Entrenamiento completado - Día 4 - Descarga','2026-02-01 12:52:31.128000',56,2,NULL,NULL),(254,50,'Entrenamiento completado - Día 4 - Descarga','2026-02-01 12:52:31.245000',57,2,NULL,NULL),(255,50,'Entrenamiento completado - Día 4 - Descarga','2026-02-01 12:52:31.378000',58,2,NULL,NULL),(256,50,'Entrenamiento completado - Día 4 - Descarga','2026-02-01 12:52:31.442000',59,2,NULL,NULL),(257,61,'Entrenamiento completado - Día 4 - Descarga','2026-02-01 12:52:31.510000',60,2,NULL,NULL),(258,50,'Entrenamiento completado - Día 4 - Descarga','2026-02-01 12:52:31.596000',83,2,NULL,NULL),(259,50,'Entrenamiento completado - Día 4 - Descarga','2026-02-01 12:52:31.669000',84,2,NULL,NULL),(260,81,'Entrenamiento completado - Día 1 - Mini_Potencia','2026-02-01 12:52:31.739000',14,2,NULL,NULL),(261,56,'Entrenamiento completado - Día 1 - Mini_Potencia','2026-02-01 12:52:31.801000',16,2,NULL,NULL),(262,50,'Entrenamiento completado - Día 1 - Mini_Potencia','2026-02-01 12:52:31.864000',90,2,NULL,NULL),(263,60,'Entrenamiento completado - Día 2 - Mini_Potencia','2026-02-01 12:52:31.938000',2,2,NULL,NULL),(264,63,'Entrenamiento completado - Día 2 - Mini_Potencia','2026-02-01 12:52:32.008000',15,2,NULL,NULL),(265,53,'Entrenamiento completado - Día 2 - Mini_Potencia','2026-02-01 12:52:32.073000',19,2,NULL,NULL),(266,81,'Entrenamiento completado - Día 2 - Mini_Potencia','2026-02-01 12:52:32.140000',28,2,NULL,NULL),(267,54,'Entrenamiento completado - Día 2 - Mini_Potencia','2026-02-01 12:52:32.208000',46,2,NULL,NULL),(268,72,'Entrenamiento completado - Día 2 - Mini_Potencia','2026-02-01 12:52:32.286000',47,2,NULL,NULL),(269,51,'Entrenamiento completado - Día 3 - Mini_Potencia','2026-02-01 12:52:32.384000',7,2,NULL,NULL),(270,52,'Entrenamiento completado - Día 3 - Mini_Potencia','2026-02-01 12:52:32.517000',8,2,NULL,NULL),(271,61,'Entrenamiento completado - Día 3 - Mini_Potencia','2026-02-01 12:52:32.620000',10,2,NULL,NULL),(272,54,'Entrenamiento completado - Día 3 - Mini_Potencia','2026-02-01 12:52:32.691000',18,2,NULL,NULL),(273,52,'Entrenamiento completado - Día 3 - Mini_Potencia','2026-02-01 12:52:32.758000',20,2,NULL,NULL),(274,52,'Entrenamiento completado - Día 3 - Mini_Potencia','2026-02-01 12:52:32.825000',21,2,NULL,NULL),(275,62,'Entrenamiento completado - Día 3 - Mini_Potencia','2026-02-01 12:52:32.895000',23,2,NULL,NULL),(276,56,'Entrenamiento completado - Día 3 - Mini_Potencia','2026-02-01 12:52:32.972000',24,2,NULL,NULL),(277,52,'Entrenamiento completado - Día 3 - Mini_Potencia','2026-02-01 12:52:33.052000',25,2,NULL,NULL),(278,62,'Entrenamiento completado - Día 3 - Mini_Potencia','2026-02-01 12:52:33.124000',26,2,NULL,NULL),(279,56,'Entrenamiento completado - Día 3 - Mini_Potencia','2026-02-01 12:52:33.202000',27,2,NULL,NULL),(280,81,'Entrenamiento completado - Día 3 - Mini_Potencia','2026-02-01 12:52:33.274000',29,2,NULL,NULL),(281,55,'Entrenamiento completado - Día 3 - Mini_Potencia','2026-02-01 12:52:33.352000',30,2,NULL,NULL),(282,81,'Entrenamiento completado - Día 3 - Mini_Potencia','2026-02-01 12:52:33.434000',31,2,NULL,NULL),(283,63,'Entrenamiento completado - Día 3 - Mini_Potencia','2026-02-01 12:52:33.521000',32,2,NULL,NULL),(284,63,'Entrenamiento completado - Día 3 - Mini_Potencia','2026-02-01 12:52:33.609000',33,2,NULL,NULL),(285,62,'Entrenamiento completado - Día 3 - Mini_Potencia','2026-02-01 12:52:33.685000',34,2,NULL,NULL),(286,62,'Entrenamiento completado - Día 3 - Mini_Potencia','2026-02-01 12:52:33.761000',41,2,NULL,NULL),(287,80,'Entrenamiento completado - Día 3 - Mini_Potencia','2026-02-01 12:52:33.846000',45,2,NULL,NULL),(288,62,'Entrenamiento completado - Día 3 - Mini_Potencia','2026-02-01 12:52:33.930000',48,2,NULL,NULL),(289,62,'Entrenamiento completado - Día 3 - Mini_Potencia','2026-02-01 12:52:34.015000',49,2,NULL,NULL),(290,62,'Entrenamiento completado - Día 3 - Mini_Potencia','2026-02-01 12:52:34.088000',50,2,NULL,NULL),(291,50,'Entrenamiento completado - Día 3 - Mini_Potencia','2026-02-01 12:52:34.166000',51,2,NULL,NULL),(292,50,'Entrenamiento completado - Día 3 - Mini_Potencia','2026-02-01 12:52:34.245000',61,2,NULL,NULL),(293,50,'Entrenamiento completado - Día 3 - Mini_Potencia','2026-02-01 12:52:34.318000',62,2,NULL,NULL),(294,50,'Entrenamiento completado - Día 3 - Mini_Potencia','2026-02-01 12:52:34.397000',63,2,NULL,NULL),(295,50,'Entrenamiento completado - Día 3 - Mini_Potencia','2026-02-01 12:52:34.476000',64,2,NULL,NULL),(296,50,'Entrenamiento completado - Día 3 - Mini_Potencia','2026-02-01 12:52:34.555000',65,2,NULL,NULL),(297,50,'Entrenamiento completado - Día 3 - Mini_Potencia','2026-02-01 12:52:34.653000',66,2,NULL,NULL),(298,50,'Entrenamiento completado - Día 3 - Mini_Potencia','2026-02-01 12:52:34.739000',67,2,NULL,NULL),(299,50,'Entrenamiento completado - Día 3 - Mini_Potencia','2026-02-01 12:52:34.825000',69,2,NULL,NULL),(300,50,'Entrenamiento completado - Día 3 - Mini_Potencia','2026-02-01 12:52:34.899000',70,2,NULL,NULL),(301,50,'Entrenamiento completado - Día 3 - Mini_Potencia','2026-02-01 12:52:34.981000',72,2,NULL,NULL),(302,50,'Entrenamiento completado - Día 3 - Mini_Potencia','2026-02-01 12:52:35.077000',73,2,NULL,NULL),(303,50,'Entrenamiento completado - Día 3 - Mini_Potencia','2026-02-01 12:52:35.164000',74,2,NULL,NULL),(304,50,'Entrenamiento completado - Día 3 - Mini_Potencia','2026-02-01 12:52:35.249000',75,2,NULL,NULL),(305,50,'Entrenamiento completado - Día 3 - Mini_Potencia','2026-02-01 12:52:35.347000',76,2,NULL,NULL),(306,50,'Entrenamiento completado - Día 3 - Mini_Potencia','2026-02-01 12:52:35.429000',77,2,NULL,NULL),(307,50,'Entrenamiento completado - Día 3 - Mini_Potencia','2026-02-01 12:52:35.511000',80,2,NULL,NULL),(308,50,'Entrenamiento completado - Día 3 - Mini_Potencia','2026-02-01 12:52:35.588000',85,2,NULL,NULL),(309,50,'Entrenamiento completado - Día 3 - Mini_Potencia','2026-02-01 12:52:35.667000',86,2,NULL,NULL),(310,50,'Entrenamiento completado - Día 3 - Mini_Potencia','2026-02-01 12:52:35.753000',87,2,NULL,NULL),(311,50,'Entrenamiento completado - Día 3 - Mini_Potencia','2026-02-01 12:52:35.836000',88,2,NULL,NULL),(312,50,'Entrenamiento completado - Día 3 - Mini_Potencia','2026-02-01 12:52:35.923000',89,2,NULL,NULL),(313,50,'Entrenamiento completado - Día 3 - Mini_Potencia','2026-02-01 12:52:36.007000',94,2,NULL,NULL),(314,50,'Entrenamiento completado - Día 3 - Mini_Potencia','2026-02-01 12:52:36.094000',95,2,NULL,NULL),(315,50,'Entrenamiento completado - Día 3 - Mini_Potencia','2026-02-01 12:52:36.194000',96,2,NULL,NULL),(316,63,'Entrenamiento completado - Día 4 - Mini_Potencia','2026-02-01 12:52:36.289000',11,2,NULL,NULL),(317,53,'Entrenamiento completado - Día 4 - Mini_Potencia','2026-02-01 12:52:36.370000',17,2,NULL,NULL),(318,81,'Entrenamiento completado - Día 4 - Mini_Potencia','2026-02-01 12:52:36.449000',42,2,NULL,NULL),(319,50,'Entrenamiento completado - Día 3 - Mini_Potencia','2026-02-01 12:52:36.525000',68,2,NULL,NULL),(320,81,'Entrenamiento completado - Día 4 - Mini_Potencia','2026-02-01 12:52:36.611000',12,2,NULL,NULL),(321,51,'Entrenamiento completado - Día 3 - Descarga','2026-02-01 12:52:36.687000',3,2,NULL,NULL),(322,54,'Entrenamiento completado - Día 3 - Descarga','2026-02-01 12:52:36.771000',9,2,NULL,NULL),(323,50,'Entrenamiento completado - Día 3 - Descarga','2026-02-01 12:52:36.851000',71,2,NULL,NULL),(324,50,'Entrenamiento completado - Día 3 - Descarga','2026-02-01 12:52:36.930000',82,2,NULL,NULL),(325,64,'Entrenamiento completado - Día 4 - Descarga','2026-02-01 12:52:37.012000',13,2,NULL,NULL),(326,51,'Entrenamiento completado - Día 1 - Hipertrofia_Final','2026-02-01 12:52:37.096000',1,2,NULL,NULL),(327,50,'Entrenamiento completado - Día 3 - Hipertrofia_Final','2026-02-01 12:52:37.180000',78,2,NULL,NULL),(328,50,'Entrenamiento completado - Día 3 - Hipertrofia_Final','2026-02-01 12:52:37.266000',79,2,NULL,NULL),(329,50,'Entrenamiento completado - Día 3 - Hipertrofia_Final','2026-02-01 12:52:37.379000',81,2,NULL,NULL),(330,50,'Entrenamiento completado - Día 3 - Hipertrofia_Final','2026-02-01 12:52:37.497000',91,2,NULL,NULL),(331,50,'Entrenamiento completado - Día 3 - Hipertrofia_Final','2026-02-01 12:52:37.591000',92,2,NULL,NULL),(332,50,'Entrenamiento completado - Día 3 - Hipertrofia_Final','2026-02-01 12:52:37.691000',93,2,NULL,NULL),(333,60,'Entrenamiento completado - Día 1 - Hipertrofia_Final','2026-02-01 12:52:37.781000',105,5,NULL,NULL),(334,55,'Entrenamiento completado - Día 3 - Hipertrofia_Final','2026-02-01 12:52:37.864000',103,5,NULL,NULL),(335,66,'Entrenamiento completado - Día 5 - Hipertrofia_Final','2026-02-01 12:52:37.950000',104,5,NULL,NULL),(336,61,'Entrenamiento completado - Día 1 - Hipertrofia_Final','2026-02-01 12:52:38.037000',142,5,NULL,NULL),(337,59,'Entrenamiento completado - Día 2 - Hipertrofia_Final','2026-02-01 12:52:38.130000',143,5,NULL,NULL),(338,58,'Entrenamiento completado - Día 3 - Hipertrofia_Final','2026-02-01 12:52:38.217000',106,5,NULL,NULL),(339,59,'Entrenamiento completado - Día 4 - Hipertrofia_Final','2026-02-01 12:52:38.298000',144,5,NULL,NULL),(340,60,'Entrenamiento completado - Día 1 - Hipertrofia_Final','2026-02-01 12:52:38.390000',145,5,NULL,NULL),(341,57,'Entrenamiento completado - Día 2 - Hipertrofia_Final','2026-02-01 12:52:38.527000',146,5,NULL,NULL),(342,56,'Entrenamiento completado - Día 3 - Hipertrofia_Final','2026-02-01 12:52:38.646000',147,5,NULL,NULL),(343,55,'Entrenamiento completado - Día 4 - Hipertrofia_Final','2026-02-01 12:52:38.742000',148,5,NULL,NULL),(344,69,'Entrenamiento completado - Día 5 - Hipertrofia_Final','2026-02-01 12:52:38.842000',149,5,NULL,NULL),(345,59,'Entrenamiento completado - Día 1 - Hipertrofia_Final','2026-02-01 12:52:38.941000',150,5,NULL,NULL),(346,58,'Entrenamiento completado - Día 2 - Hipertrofia_Final','2026-02-01 12:52:39.042000',151,5,NULL,NULL),(347,54,'Entrenamiento completado - Día 3 - Hipertrofia_Final','2026-02-01 12:52:39.141000',152,5,NULL,NULL),(348,55,'Entrenamiento completado - Día 4 - Hipertrofia_Final','2026-02-01 12:52:39.235000',153,5,NULL,NULL),(349,66,'Entrenamiento completado - Día 5 - Hipertrofia_Final','2026-02-01 12:52:39.333000',154,5,NULL,NULL),(350,60,'Entrenamiento completado - Día 1 - Hipertrofia_Final','2026-02-01 12:52:39.431000',155,5,NULL,NULL),(351,60,'Entrenamiento completado - Día 2 - Hipertrofia_Final','2026-02-01 12:52:39.533000',156,5,NULL,NULL),(352,54,'Entrenamiento completado - Día 3 - Hipertrofia_Final','2026-02-01 12:52:39.625000',157,5,NULL,NULL),(353,56,'Entrenamiento completado - Día 4 - Hipertrofia_Final','2026-02-01 12:52:39.714000',159,5,NULL,NULL),(354,56,'Entrenamiento completado - Día 4 - Hipertrofia_Final','2026-02-01 12:52:39.817000',160,5,NULL,NULL),(355,56,'Entrenamiento completado - Día 1 - Hipertrofia_Final','2026-02-01 12:52:39.917000',162,5,NULL,NULL),(356,70,'Entrenamiento completado - Día 5 - Hipertrofia_Final','2026-02-01 12:52:40.033000',161,5,NULL,NULL),(357,57,'Entrenamiento completado - Día 2 - Hipertrofia_Final','2026-02-01 12:52:40.137000',163,5,NULL,NULL),(358,55,'Entrenamiento completado - Día 3 - Hipertrofia_Final','2026-02-01 12:52:40.238000',164,5,NULL,NULL),(359,55,'Entrenamiento completado - Día 4 - Hipertrofia_Final','2026-02-01 12:52:40.333000',165,5,NULL,NULL),(360,69,'Entrenamiento completado - Día 5 - Hipertrofia_Final','2026-02-01 12:52:40.432000',166,5,NULL,NULL),(361,60,'Entrenamiento completado - Día 1 - Hipertrofia_Final','2026-02-01 12:52:40.558000',167,5,NULL,NULL),(362,57,'Entrenamiento completado - Día 2 - Hipertrofia_Final','2026-02-01 12:52:40.685000',168,5,NULL,NULL),(363,55,'Entrenamiento completado - Día 3 - Hipertrofia_Final','2026-02-01 12:52:40.810000',169,5,NULL,NULL),(364,55,'Entrenamiento completado - Día 4 - Hipertrofia_Final','2026-02-01 12:52:40.914000',170,5,NULL,NULL),(365,72,'Entrenamiento completado - Día 5 - Hipertrofia_Final','2026-02-01 12:52:41.043000',171,5,NULL,NULL),(366,61,'Entrenamiento completado - Día 1 - Hipertrofia_Final','2026-02-01 12:52:41.199000',172,5,NULL,NULL),(367,72,'Entrenamiento completado - Día 5 - Hipertrofia_Final','2026-02-01 12:52:41.331000',173,5,NULL,NULL),(368,60,'Entrenamiento completado - Día 1 - Hipertrofia_Final','2026-02-01 12:52:41.450000',174,5,NULL,NULL),(369,58,'Entrenamiento completado - Día 2 - Hipertrofia_Final','2026-02-01 12:52:41.576000',175,5,NULL,NULL),(370,56,'Entrenamiento completado - Día 3 - Hipertrofia_Final','2026-02-01 12:52:41.691000',176,5,NULL,NULL),(371,55,'Entrenamiento completado - Día 5 - Hipertrofia_Final','2026-02-01 12:52:41.798000',177,5,NULL,NULL),(372,56,'Entrenamiento completado - Día 1 - Mini_Potencia_2','2026-02-01 12:52:41.913000',178,5,NULL,NULL),(373,58,'Entrenamiento completado - Día 2 - Mini_Potencia_2','2026-02-01 12:52:42.015000',179,5,NULL,NULL),(374,55,'Entrenamiento completado - Día 3 - Mini_Potencia_2','2026-02-01 12:52:42.124000',183,5,NULL,NULL),(375,54,'Entrenamiento completado - Día 4 - Mini_Potencia_2','2026-02-01 12:52:42.226000',180,5,NULL,NULL),(376,54,'Entrenamiento completado - Día 4 - Mini_Potencia_2','2026-02-01 12:52:42.337000',181,5,NULL,NULL),(377,57,'Entrenamiento completado - Día 5 - Mini_Potencia_2','2026-02-01 12:52:42.450000',182,5,NULL,NULL),(378,55,'Entrenamiento completado - Día 1 - Mini_Potencia_2','2026-02-01 12:52:42.560000',185,5,NULL,NULL),(379,55,'Entrenamiento completado - Día 1 - Mini_Potencia_2','2026-02-01 12:52:42.673000',186,5,NULL,NULL),(380,55,'Entrenamiento completado - Día 3 - Mini_Potencia_2','2026-02-01 12:52:42.795000',184,5,NULL,NULL),(381,58,'Entrenamiento completado - Día 1 - Descarga','2026-02-01 12:52:42.891000',189,5,NULL,NULL),(382,56,'Entrenamiento completado - Día 2 - Descarga','2026-02-01 12:52:42.995000',190,5,NULL,NULL),(383,61,'Entrenamiento completado - Día 3 - Descarga','2026-02-01 12:52:43.096000',188,5,NULL,NULL),(384,52,'Entrenamiento completado - Día 4 - Descarga','2026-02-01 12:52:43.192000',187,5,NULL,NULL),(385,58,'Entrenamiento completado - Día 1 - Hipertrofia_Estetica','2026-02-01 12:52:43.297000',191,5,NULL,NULL),(386,57,'Entrenamiento completado - Día 2 - Hipertrofia_Estetica','2026-02-01 12:52:43.414000',192,5,NULL,NULL),(387,55,'Entrenamiento completado - Día 4 - Hipertrofia_Estetica','2026-02-01 12:52:43.519000',194,5,NULL,NULL),(388,70,'Entrenamiento completado - Día 5 - Hipertrofia_Estetica','2026-02-01 12:52:43.641000',193,5,NULL,NULL),(389,60,'Entrenamiento completado - Día 1 - Hipertrofia_Estetica','2026-02-01 12:52:43.769000',195,5,NULL,NULL),(390,59,'Entrenamiento completado - Día 2 - Hipertrofia_Estetica','2026-02-01 12:52:43.881000',196,5,NULL,NULL),(391,54,'Entrenamiento completado - Día 3 - Hipertrofia_Estetica','2026-02-01 12:52:43.990000',198,5,NULL,NULL),(392,71,'Entrenamiento completado - Día 5 - Hipertrofia_Estetica','2026-02-01 12:52:44.089000',197,5,NULL,NULL),(393,63,'Entrenamiento completado - Día 1 - Hipertrofia_Estetica','2026-02-01 12:52:44.197000',199,5,NULL,NULL),(394,60,'Entrenamiento completado - Día 2 - Hipertrofia_Estetica','2026-02-01 12:52:44.304000',200,5,NULL,NULL),(395,54,'Entrenamiento completado - Día 3 - Hipertrofia_Estetica','2026-02-01 12:52:44.411000',201,5,NULL,NULL),(396,54,'Entrenamiento completado - Día 3 - Hipertrofia_Estetica','2026-02-01 12:52:44.521000',202,5,NULL,NULL),(397,55,'Entrenamiento completado - Día 4 - Hipertrofia_Estetica','2026-02-01 12:52:44.624000',203,5,NULL,NULL),(398,72,'Entrenamiento completado - Día 5 - Hipertrofia_Estetica','2026-02-01 12:52:44.734000',204,5,NULL,NULL),(399,61,'Entrenamiento completado - Día 1 - Hipertrofia_Estetica','2026-02-01 12:52:44.907000',205,5,NULL,NULL),(400,58,'Entrenamiento completado - Día 2 - Hipertrofia_Estetica','2026-02-01 12:52:45.032000',206,5,NULL,NULL),(401,54,'Entrenamiento completado - Día 3 - Hipertrofia_Estetica','2026-02-01 12:52:45.143000',207,5,NULL,NULL),(402,55,'Entrenamiento completado - Día 4 - Hipertrofia_Estetica','2026-02-01 12:52:45.255000',208,5,NULL,NULL),(403,69,'Entrenamiento completado - Día 5 - Hipertrofia_Estetica','2026-02-01 12:52:45.372000',209,5,NULL,NULL),(404,63,'Entrenamiento completado - Día 1 - Hipertrofia_Estetica','2026-02-01 12:52:45.494000',210,5,NULL,NULL),(405,63,'Entrenamiento completado - Día 1 - Hipertrofia_Estetica','2026-02-01 12:52:45.617000',211,5,NULL,NULL),(406,62,'Entrenamiento completado - Día 2 - Hipertrofia_Estetica','2026-02-01 12:52:45.750000',212,5,NULL,NULL),(407,55,'Entrenamiento completado - Día 3 - Hipertrofia_Estetica','2026-02-01 12:52:45.869000',213,5,NULL,NULL),(408,72,'Entrenamiento completado - Día 5 - Hipertrofia_Estetica','2026-02-01 12:52:45.998000',214,5,NULL,NULL),(409,62,'Entrenamiento completado - Día 2 - Hipertrofia_Estetica','2026-02-01 12:52:46.128000',215,5,NULL,NULL),(410,62,'Entrenamiento completado - Día 2 - Hipertrofia_Estetica','2026-02-01 12:52:46.261000',216,5,NULL,NULL),(411,62,'Entrenamiento completado - Día 1 - Hipertrofia - Acumulación','2026-02-01 12:52:46.390000',217,5,NULL,NULL),(412,60,'Entrenamiento completado - Día 2 - Hipertrofia - Acumulación','2026-02-01 12:52:46.507000',218,5,NULL,NULL),(413,67,'Entrenamiento completado - Día 3 - Hipertrofia - Acumulación','2026-02-01 12:52:46.631000',219,5,NULL,NULL),(414,56,'Entrenamiento completado - Día 4 - Hipertrofia - Acumulación','2026-02-01 12:52:46.741000',220,5,NULL,NULL),(415,72,'Entrenamiento completado - Día 5 - Hipertrofia - Acumulación','2026-02-01 12:52:46.870000',221,5,NULL,NULL),(416,64,'Entrenamiento completado - Día 1 - Hipertrofia - Acumulación','2026-02-01 12:52:47.006000',222,5,NULL,NULL),(417,60,'Entrenamiento completado - Día 2 - Hipertrofia - Acumulación','2026-02-01 12:52:47.129000',223,5,NULL,NULL),(418,64,'Entrenamiento completado - Día 3 - Hipertrofia - Acumulación','2026-02-01 12:52:47.259000',224,5,NULL,NULL),(419,58,'Entrenamiento completado - Día 4 - Hipertrofia - Acumulación','2026-02-01 12:52:47.410000',225,5,NULL,NULL),(420,62,'Entrenamiento completado - Día 5 - Hipertrofia - Acumulación','2026-02-01 12:52:47.547000',226,5,NULL,NULL),(421,59,'Entrenamiento completado - Día 1 - Hipertrofia - Acumulación','2026-02-01 12:52:47.679000',227,5,NULL,NULL),(422,57,'Entrenamiento completado - Día 2 - Hipertrofia - Acumulación','2026-02-01 12:52:47.805000',228,5,NULL,NULL),(423,67,'Entrenamiento completado - Día 3 - Hipertrofia - Acumulación','2026-02-01 12:52:47.941000',229,5,NULL,NULL),(424,60,'Entrenamiento completado - Día 4 - Hipertrofia - Acumulación','2026-02-01 12:52:48.086000',230,5,NULL,NULL),(425,63,'Entrenamiento completado - Día 5 - Hipertrofia - Acumulación','2026-02-01 12:52:48.213000',231,5,NULL,NULL),(426,59,'Entrenamiento completado - Día 1 - Hipertrofia - Acumulación','2026-02-01 12:52:48.350000',232,5,NULL,NULL),(427,61,'Entrenamiento completado - Día 2 - Hipertrofia - Acumulación','2026-02-01 12:52:48.499000',233,5,NULL,NULL),(428,63,'Entrenamiento completado - Día 3 - Hipertrofia - Acumulación','2026-02-01 12:52:48.662000',234,5,NULL,NULL),(429,58,'Entrenamiento completado - Día 4 - Hipertrofia - Acumulación','2026-02-01 12:52:48.812000',235,5,NULL,NULL),(430,58,'Entrenamiento completado - Día 5 - Hipertrofia - Acumulación','2026-02-01 12:52:48.955000',236,5,NULL,NULL),(431,56,'Entrenamiento completado - Día 1 - Hipertrofia - Acumulación','2026-02-01 12:52:49.092000',237,5,NULL,NULL),(432,56,'Entrenamiento completado - Día 2 - Hipertrofia - Acumulación','2026-02-01 12:52:49.234000',238,5,NULL,NULL),(433,62,'Entrenamiento completado - Día 1 - Hipertrofia_Final','2026-02-01 12:52:49.408000',158,6,NULL,NULL),(434,65,'Entrenamiento completado - Día 4 - Descarga','2026-02-01 14:26:30.178000',4,2,NULL,NULL),(435,51,'Entrenamiento completado - Día 4 - Descarga','2026-02-01 14:26:30.278000',6,2,NULL,NULL),(436,56,'Entrenamiento completado - Día 4 - Descarga','2026-02-01 14:26:30.365000',22,2,NULL,NULL),(437,81,'Entrenamiento completado - Día 4 - Descarga','2026-02-01 14:26:30.443000',36,2,NULL,NULL),(438,56,'Entrenamiento completado - Día 4 - Descarga','2026-02-01 14:26:30.519000',39,2,NULL,NULL),(439,52,'Entrenamiento completado - Día 4 - Descarga','2026-02-01 14:26:30.599000',40,2,NULL,NULL),(440,80,'Entrenamiento completado - Día 4 - Descarga','2026-02-01 14:26:30.683000',44,2,NULL,NULL),(441,50,'Entrenamiento completado - Día 4 - Descarga','2026-02-01 14:26:30.778000',52,2,NULL,NULL),(442,50,'Entrenamiento completado - Día 4 - Descarga','2026-02-01 14:26:30.870000',53,2,NULL,NULL),(443,50,'Entrenamiento completado - Día 4 - Descarga','2026-02-01 14:26:30.965000',54,2,NULL,NULL),(444,50,'Entrenamiento completado - Día 4 - Descarga','2026-02-01 14:26:31.061000',55,2,NULL,NULL),(445,50,'Entrenamiento completado - Día 4 - Descarga','2026-02-01 14:26:31.169000',56,2,NULL,NULL),(446,50,'Entrenamiento completado - Día 4 - Descarga','2026-02-01 14:26:31.268000',57,2,NULL,NULL),(447,50,'Entrenamiento completado - Día 4 - Descarga','2026-02-01 14:26:31.380000',58,2,NULL,NULL),(448,50,'Entrenamiento completado - Día 4 - Descarga','2026-02-01 14:26:31.469000',59,2,NULL,NULL),(449,61,'Entrenamiento completado - Día 4 - Descarga','2026-02-01 14:26:31.560000',60,2,NULL,NULL),(450,50,'Entrenamiento completado - Día 4 - Descarga','2026-02-01 14:26:31.657000',83,2,NULL,NULL),(451,50,'Entrenamiento completado - Día 4 - Descarga','2026-02-01 14:26:31.748000',84,2,NULL,NULL),(452,81,'Entrenamiento completado - Día 1 - Mini_Potencia','2026-02-01 14:26:31.849000',14,2,NULL,NULL),(453,56,'Entrenamiento completado - Día 1 - Mini_Potencia','2026-02-01 14:26:31.932000',16,2,NULL,NULL),(454,50,'Entrenamiento completado - Día 1 - Mini_Potencia','2026-02-01 14:26:32.021000',90,2,NULL,NULL),(455,60,'Entrenamiento completado - Día 2 - Mini_Potencia','2026-02-01 14:26:32.109000',2,2,NULL,NULL),(456,63,'Entrenamiento completado - Día 2 - Mini_Potencia','2026-02-01 14:26:32.201000',15,2,NULL,NULL),(457,53,'Entrenamiento completado - Día 2 - Mini_Potencia','2026-02-01 14:26:32.285000',19,2,NULL,NULL),(458,81,'Entrenamiento completado - Día 2 - Mini_Potencia','2026-02-01 14:26:32.389000',28,2,NULL,NULL),(459,54,'Entrenamiento completado - Día 2 - Mini_Potencia','2026-02-01 14:26:32.475000',46,2,NULL,NULL),(460,72,'Entrenamiento completado - Día 2 - Mini_Potencia','2026-02-01 14:26:32.581000',47,2,NULL,NULL),(461,51,'Entrenamiento completado - Día 3 - Mini_Potencia','2026-02-01 14:26:32.677000',7,2,NULL,NULL),(462,52,'Entrenamiento completado - Día 3 - Mini_Potencia','2026-02-01 14:26:32.767000',8,2,NULL,NULL),(463,61,'Entrenamiento completado - Día 3 - Mini_Potencia','2026-02-01 14:26:32.852000',10,2,NULL,NULL),(464,54,'Entrenamiento completado - Día 3 - Mini_Potencia','2026-02-01 14:26:32.935000',18,2,NULL,NULL),(465,52,'Entrenamiento completado - Día 3 - Mini_Potencia','2026-02-01 14:26:33.024000',20,2,NULL,NULL),(466,52,'Entrenamiento completado - Día 3 - Mini_Potencia','2026-02-01 14:26:33.112000',21,2,NULL,NULL),(467,62,'Entrenamiento completado - Día 3 - Mini_Potencia','2026-02-01 14:26:33.208000',23,2,NULL,NULL),(468,56,'Entrenamiento completado - Día 3 - Mini_Potencia','2026-02-01 14:26:33.302000',24,2,NULL,NULL),(469,52,'Entrenamiento completado - Día 3 - Mini_Potencia','2026-02-01 14:26:33.394000',25,2,NULL,NULL),(470,62,'Entrenamiento completado - Día 3 - Mini_Potencia','2026-02-01 14:26:33.485000',26,2,NULL,NULL),(471,56,'Entrenamiento completado - Día 3 - Mini_Potencia','2026-02-01 14:26:33.573000',27,2,NULL,NULL),(472,81,'Entrenamiento completado - Día 3 - Mini_Potencia','2026-02-01 14:26:33.662000',29,2,NULL,NULL),(473,55,'Entrenamiento completado - Día 3 - Mini_Potencia','2026-02-01 14:26:33.755000',30,2,NULL,NULL),(474,81,'Entrenamiento completado - Día 3 - Mini_Potencia','2026-02-01 14:26:33.857000',31,2,NULL,NULL),(475,63,'Entrenamiento completado - Día 3 - Mini_Potencia','2026-02-01 14:26:33.953000',32,2,NULL,NULL),(476,63,'Entrenamiento completado - Día 3 - Mini_Potencia','2026-02-01 14:26:34.048000',33,2,NULL,NULL),(477,62,'Entrenamiento completado - Día 3 - Mini_Potencia','2026-02-01 14:26:34.143000',34,2,NULL,NULL),(478,62,'Entrenamiento completado - Día 3 - Mini_Potencia','2026-02-01 14:26:34.242000',41,2,NULL,NULL),(479,80,'Entrenamiento completado - Día 3 - Mini_Potencia','2026-02-01 14:26:34.343000',45,2,NULL,NULL),(480,62,'Entrenamiento completado - Día 3 - Mini_Potencia','2026-02-01 14:26:34.443000',48,2,NULL,NULL),(481,62,'Entrenamiento completado - Día 3 - Mini_Potencia','2026-02-01 14:26:34.542000',49,2,NULL,NULL),(482,62,'Entrenamiento completado - Día 3 - Mini_Potencia','2026-02-01 14:26:34.644000',50,2,NULL,NULL),(483,50,'Entrenamiento completado - Día 3 - Mini_Potencia','2026-02-01 14:26:34.751000',51,2,NULL,NULL),(484,50,'Entrenamiento completado - Día 3 - Mini_Potencia','2026-02-01 14:26:34.858000',61,2,NULL,NULL),(485,50,'Entrenamiento completado - Día 3 - Mini_Potencia','2026-02-01 14:26:34.964000',62,2,NULL,NULL),(486,50,'Entrenamiento completado - Día 3 - Mini_Potencia','2026-02-01 14:26:35.069000',63,2,NULL,NULL),(487,50,'Entrenamiento completado - Día 3 - Mini_Potencia','2026-02-01 14:26:35.175000',64,2,NULL,NULL),(488,50,'Entrenamiento completado - Día 3 - Mini_Potencia','2026-02-01 14:26:35.276000',65,2,NULL,NULL),(489,50,'Entrenamiento completado - Día 3 - Mini_Potencia','2026-02-01 14:26:35.384000',66,2,NULL,NULL),(490,50,'Entrenamiento completado - Día 3 - Mini_Potencia','2026-02-01 14:26:35.490000',67,2,NULL,NULL),(491,50,'Entrenamiento completado - Día 3 - Mini_Potencia','2026-02-01 14:26:35.592000',69,2,NULL,NULL),(492,50,'Entrenamiento completado - Día 3 - Mini_Potencia','2026-02-01 14:26:35.744000',70,2,NULL,NULL),(493,50,'Entrenamiento completado - Día 3 - Mini_Potencia','2026-02-01 14:26:35.851000',72,2,NULL,NULL),(494,50,'Entrenamiento completado - Día 3 - Mini_Potencia','2026-02-01 14:26:35.955000',73,2,NULL,NULL),(495,50,'Entrenamiento completado - Día 3 - Mini_Potencia','2026-02-01 14:26:36.061000',74,2,NULL,NULL),(496,50,'Entrenamiento completado - Día 3 - Mini_Potencia','2026-02-01 14:26:36.179000',75,2,NULL,NULL),(497,50,'Entrenamiento completado - Día 3 - Mini_Potencia','2026-02-01 14:26:36.291000',76,2,NULL,NULL),(498,50,'Entrenamiento completado - Día 3 - Mini_Potencia','2026-02-01 14:26:36.411000',77,2,NULL,NULL),(499,50,'Entrenamiento completado - Día 3 - Mini_Potencia','2026-02-01 14:26:36.518000',80,2,NULL,NULL),(500,50,'Entrenamiento completado - Día 3 - Mini_Potencia','2026-02-01 14:26:36.626000',85,2,NULL,NULL),(501,50,'Entrenamiento completado - Día 3 - Mini_Potencia','2026-02-01 14:26:36.734000',86,2,NULL,NULL),(502,50,'Entrenamiento completado - Día 3 - Mini_Potencia','2026-02-01 14:26:36.845000',87,2,NULL,NULL),(503,50,'Entrenamiento completado - Día 3 - Mini_Potencia','2026-02-01 14:26:36.957000',88,2,NULL,NULL),(504,50,'Entrenamiento completado - Día 3 - Mini_Potencia','2026-02-01 14:26:37.064000',89,2,NULL,NULL),(505,50,'Entrenamiento completado - Día 3 - Mini_Potencia','2026-02-01 14:26:37.175000',94,2,NULL,NULL),(506,50,'Entrenamiento completado - Día 3 - Mini_Potencia','2026-02-01 14:26:37.286000',95,2,NULL,NULL),(507,50,'Entrenamiento completado - Día 3 - Mini_Potencia','2026-02-01 14:26:37.400000',96,2,NULL,NULL),(508,63,'Entrenamiento completado - Día 4 - Mini_Potencia','2026-02-01 14:26:37.516000',11,2,NULL,NULL),(509,53,'Entrenamiento completado - Día 4 - Mini_Potencia','2026-02-01 14:26:37.631000',17,2,NULL,NULL),(510,81,'Entrenamiento completado - Día 4 - Mini_Potencia','2026-02-01 14:26:37.732000',42,2,NULL,NULL),(511,50,'Entrenamiento completado - Día 3 - Mini_Potencia','2026-02-01 14:26:37.840000',68,2,NULL,NULL),(512,81,'Entrenamiento completado - Día 4 - Mini_Potencia','2026-02-01 14:26:37.952000',12,2,NULL,NULL),(513,51,'Entrenamiento completado - Día 3 - Descarga','2026-02-01 14:26:38.060000',3,2,NULL,NULL),(514,54,'Entrenamiento completado - Día 3 - Descarga','2026-02-01 14:26:38.172000',9,2,NULL,NULL),(515,50,'Entrenamiento completado - Día 3 - Descarga','2026-02-01 14:26:38.280000',71,2,NULL,NULL),(516,50,'Entrenamiento completado - Día 3 - Descarga','2026-02-01 14:26:38.393000',82,2,NULL,NULL),(517,64,'Entrenamiento completado - Día 4 - Descarga','2026-02-01 14:26:38.509000',13,2,NULL,NULL),(518,51,'Entrenamiento completado - Día 1 - Hipertrofia_Final','2026-02-01 14:26:38.619000',1,2,NULL,NULL),(519,50,'Entrenamiento completado - Día 3 - Hipertrofia_Final','2026-02-01 14:26:38.748000',78,2,NULL,NULL),(520,50,'Entrenamiento completado - Día 3 - Hipertrofia_Final','2026-02-01 14:26:38.870000',79,2,NULL,NULL),(521,50,'Entrenamiento completado - Día 3 - Hipertrofia_Final','2026-02-01 14:26:38.994000',81,2,NULL,NULL),(522,50,'Entrenamiento completado - Día 3 - Hipertrofia_Final','2026-02-01 14:26:39.119000',91,2,NULL,NULL),(523,50,'Entrenamiento completado - Día 3 - Hipertrofia_Final','2026-02-01 14:26:39.242000',92,2,NULL,NULL),(524,50,'Entrenamiento completado - Día 3 - Hipertrofia_Final','2026-02-01 14:26:39.358000',93,2,NULL,NULL),(525,60,'Entrenamiento completado - Día 1 - Hipertrofia_Final','2026-02-01 14:26:39.493000',105,5,NULL,NULL),(526,55,'Entrenamiento completado - Día 3 - Hipertrofia_Final','2026-02-01 14:26:39.617000',103,5,NULL,NULL),(527,66,'Entrenamiento completado - Día 5 - Hipertrofia_Final','2026-02-01 14:26:39.741000',104,5,NULL,NULL),(528,61,'Entrenamiento completado - Día 1 - Hipertrofia_Final','2026-02-01 14:26:39.864000',142,5,NULL,NULL),(529,59,'Entrenamiento completado - Día 2 - Hipertrofia_Final','2026-02-01 14:26:40.001000',143,5,NULL,NULL),(530,58,'Entrenamiento completado - Día 3 - Hipertrofia_Final','2026-02-01 14:26:40.128000',106,5,NULL,NULL),(531,59,'Entrenamiento completado - Día 4 - Hipertrofia_Final','2026-02-01 14:26:40.248000',144,5,NULL,NULL),(532,60,'Entrenamiento completado - Día 1 - Hipertrofia_Final','2026-02-01 14:26:40.388000',145,5,NULL,NULL),(533,57,'Entrenamiento completado - Día 2 - Hipertrofia_Final','2026-02-01 14:26:40.523000',146,5,NULL,NULL),(534,56,'Entrenamiento completado - Día 3 - Hipertrofia_Final','2026-02-01 14:26:40.656000',147,5,NULL,NULL),(535,55,'Entrenamiento completado - Día 4 - Hipertrofia_Final','2026-02-01 14:26:40.785000',148,5,NULL,NULL),(536,69,'Entrenamiento completado - Día 5 - Hipertrofia_Final','2026-02-01 14:26:40.919000',149,5,NULL,NULL),(537,59,'Entrenamiento completado - Día 1 - Hipertrofia_Final','2026-02-01 14:26:41.053000',150,5,NULL,NULL),(538,58,'Entrenamiento completado - Día 2 - Hipertrofia_Final','2026-02-01 14:26:41.197000',151,5,NULL,NULL),(539,54,'Entrenamiento completado - Día 3 - Hipertrofia_Final','2026-02-01 14:26:41.331000',152,5,NULL,NULL),(540,55,'Entrenamiento completado - Día 4 - Hipertrofia_Final','2026-02-01 14:26:41.460000',153,5,NULL,NULL),(541,66,'Entrenamiento completado - Día 5 - Hipertrofia_Final','2026-02-01 14:26:41.584000',154,5,NULL,NULL),(542,60,'Entrenamiento completado - Día 1 - Hipertrofia_Final','2026-02-01 14:26:41.709000',155,5,NULL,NULL),(543,60,'Entrenamiento completado - Día 2 - Hipertrofia_Final','2026-02-01 14:26:41.839000',156,5,NULL,NULL),(544,54,'Entrenamiento completado - Día 3 - Hipertrofia_Final','2026-02-01 14:26:41.963000',157,5,NULL,NULL),(545,56,'Entrenamiento completado - Día 4 - Hipertrofia_Final','2026-02-01 14:26:42.083000',159,5,NULL,NULL),(546,56,'Entrenamiento completado - Día 4 - Hipertrofia_Final','2026-02-01 14:26:42.219000',160,5,NULL,NULL),(547,56,'Entrenamiento completado - Día 1 - Hipertrofia_Final','2026-02-01 14:26:42.351000',162,5,NULL,NULL),(548,70,'Entrenamiento completado - Día 5 - Hipertrofia_Final','2026-02-01 14:26:42.508000',161,5,NULL,NULL),(549,57,'Entrenamiento completado - Día 2 - Hipertrofia_Final','2026-02-01 14:26:42.679000',163,5,NULL,NULL),(550,55,'Entrenamiento completado - Día 3 - Hipertrofia_Final','2026-02-01 14:26:42.814000',164,5,NULL,NULL),(551,55,'Entrenamiento completado - Día 4 - Hipertrofia_Final','2026-02-01 14:26:42.945000',165,5,NULL,NULL),(552,69,'Entrenamiento completado - Día 5 - Hipertrofia_Final','2026-02-01 14:26:43.079000',166,5,NULL,NULL),(553,60,'Entrenamiento completado - Día 1 - Hipertrofia_Final','2026-02-01 14:26:43.212000',167,5,NULL,NULL),(554,57,'Entrenamiento completado - Día 2 - Hipertrofia_Final','2026-02-01 14:26:43.343000',168,5,NULL,NULL),(555,55,'Entrenamiento completado - Día 3 - Hipertrofia_Final','2026-02-01 14:26:43.481000',169,5,NULL,NULL),(556,55,'Entrenamiento completado - Día 4 - Hipertrofia_Final','2026-02-01 14:26:43.612000',170,5,NULL,NULL),(557,72,'Entrenamiento completado - Día 5 - Hipertrofia_Final','2026-02-01 14:26:43.750000',171,5,NULL,NULL),(558,61,'Entrenamiento completado - Día 1 - Hipertrofia_Final','2026-02-01 14:26:43.905000',172,5,NULL,NULL),(559,72,'Entrenamiento completado - Día 5 - Hipertrofia_Final','2026-02-01 14:26:44.042000',173,5,NULL,NULL),(560,60,'Entrenamiento completado - Día 1 - Hipertrofia_Final','2026-02-01 14:26:44.175000',174,5,NULL,NULL),(561,58,'Entrenamiento completado - Día 2 - Hipertrofia_Final','2026-02-01 14:26:44.315000',175,5,NULL,NULL),(562,56,'Entrenamiento completado - Día 3 - Hipertrofia_Final','2026-02-01 14:26:44.448000',176,5,NULL,NULL),(563,55,'Entrenamiento completado - Día 5 - Hipertrofia_Final','2026-02-01 14:26:44.580000',177,5,NULL,NULL),(564,56,'Entrenamiento completado - Día 1 - Mini_Potencia_2','2026-02-01 14:26:44.715000',178,5,NULL,NULL),(565,58,'Entrenamiento completado - Día 2 - Mini_Potencia_2','2026-02-01 14:26:44.853000',179,5,NULL,NULL),(566,55,'Entrenamiento completado - Día 3 - Mini_Potencia_2','2026-02-01 14:26:45.002000',183,5,NULL,NULL),(567,54,'Entrenamiento completado - Día 4 - Mini_Potencia_2','2026-02-01 14:26:45.144000',180,5,NULL,NULL),(568,54,'Entrenamiento completado - Día 4 - Mini_Potencia_2','2026-02-01 14:26:45.277000',181,5,NULL,NULL),(569,57,'Entrenamiento completado - Día 5 - Mini_Potencia_2','2026-02-01 14:26:45.418000',182,5,NULL,NULL),(570,55,'Entrenamiento completado - Día 1 - Mini_Potencia_2','2026-02-01 14:26:45.553000',185,5,NULL,NULL),(571,55,'Entrenamiento completado - Día 1 - Mini_Potencia_2','2026-02-01 14:26:45.694000',186,5,NULL,NULL),(572,55,'Entrenamiento completado - Día 3 - Mini_Potencia_2','2026-02-01 14:26:45.842000',184,5,NULL,NULL),(573,58,'Entrenamiento completado - Día 1 - Descarga','2026-02-01 14:26:45.977000',189,5,NULL,NULL),(574,56,'Entrenamiento completado - Día 2 - Descarga','2026-02-01 14:26:46.118000',190,5,NULL,NULL),(575,61,'Entrenamiento completado - Día 3 - Descarga','2026-02-01 14:26:46.269000',188,5,NULL,NULL),(576,52,'Entrenamiento completado - Día 4 - Descarga','2026-02-01 14:26:46.414000',187,5,NULL,NULL),(577,58,'Entrenamiento completado - Día 1 - Hipertrofia_Estetica','2026-02-01 14:26:46.548000',191,5,NULL,NULL),(578,57,'Entrenamiento completado - Día 2 - Hipertrofia_Estetica','2026-02-01 14:26:46.688000',192,5,NULL,NULL),(579,55,'Entrenamiento completado - Día 4 - Hipertrofia_Estetica','2026-02-01 14:26:46.823000',194,5,NULL,NULL),(580,70,'Entrenamiento completado - Día 5 - Hipertrofia_Estetica','2026-02-01 14:26:46.964000',193,5,NULL,NULL),(581,60,'Entrenamiento completado - Día 1 - Hipertrofia_Estetica','2026-02-01 14:26:47.106000',195,5,NULL,NULL),(582,59,'Entrenamiento completado - Día 2 - Hipertrofia_Estetica','2026-02-01 14:26:47.256000',196,5,NULL,NULL),(583,54,'Entrenamiento completado - Día 3 - Hipertrofia_Estetica','2026-02-01 14:26:47.410000',198,5,NULL,NULL),(584,71,'Entrenamiento completado - Día 5 - Hipertrofia_Estetica','2026-02-01 14:26:47.564000',197,5,NULL,NULL),(585,63,'Entrenamiento completado - Día 1 - Hipertrofia_Estetica','2026-02-01 14:26:47.728000',199,5,NULL,NULL),(586,60,'Entrenamiento completado - Día 2 - Hipertrofia_Estetica','2026-02-01 14:26:47.875000',200,5,NULL,NULL),(587,54,'Entrenamiento completado - Día 3 - Hipertrofia_Estetica','2026-02-01 14:26:48.020000',201,5,NULL,NULL),(588,54,'Entrenamiento completado - Día 3 - Hipertrofia_Estetica','2026-02-01 14:26:48.167000',202,5,NULL,NULL),(589,55,'Entrenamiento completado - Día 4 - Hipertrofia_Estetica','2026-02-01 14:26:48.322000',203,5,NULL,NULL),(590,72,'Entrenamiento completado - Día 5 - Hipertrofia_Estetica','2026-02-01 14:26:48.635000',204,5,NULL,NULL),(591,61,'Entrenamiento completado - Día 1 - Hipertrofia_Estetica','2026-02-01 14:26:48.839000',205,5,NULL,NULL),(592,58,'Entrenamiento completado - Día 2 - Hipertrofia_Estetica','2026-02-01 14:26:49.013000',206,5,NULL,NULL),(593,54,'Entrenamiento completado - Día 3 - Hipertrofia_Estetica','2026-02-01 14:26:49.165000',207,5,NULL,NULL),(594,55,'Entrenamiento completado - Día 4 - Hipertrofia_Estetica','2026-02-01 14:26:49.326000',208,5,NULL,NULL),(595,69,'Entrenamiento completado - Día 5 - Hipertrofia_Estetica','2026-02-01 14:26:49.492000',209,5,NULL,NULL),(596,63,'Entrenamiento completado - Día 1 - Hipertrofia_Estetica','2026-02-01 14:26:49.651000',210,5,NULL,NULL),(597,63,'Entrenamiento completado - Día 1 - Hipertrofia_Estetica','2026-02-01 14:26:49.810000',211,5,NULL,NULL),(598,62,'Entrenamiento completado - Día 2 - Hipertrofia_Estetica','2026-02-01 14:26:49.987000',212,5,NULL,NULL),(599,55,'Entrenamiento completado - Día 3 - Hipertrofia_Estetica','2026-02-01 14:26:50.207000',213,5,NULL,NULL),(600,72,'Entrenamiento completado - Día 5 - Hipertrofia_Estetica','2026-02-01 14:26:50.363000',214,5,NULL,NULL),(601,62,'Entrenamiento completado - Día 2 - Hipertrofia_Estetica','2026-02-01 14:26:50.524000',215,5,NULL,NULL),(602,62,'Entrenamiento completado - Día 2 - Hipertrofia_Estetica','2026-02-01 14:26:50.670000',216,5,NULL,NULL),(603,62,'Entrenamiento completado - Día 1 - Hipertrofia - Acumulación','2026-02-01 14:26:50.819000',217,5,NULL,NULL),(604,60,'Entrenamiento completado - Día 2 - Hipertrofia - Acumulación','2026-02-01 14:26:50.992000',218,5,NULL,NULL),(605,67,'Entrenamiento completado - Día 3 - Hipertrofia - Acumulación','2026-02-01 14:26:51.173000',219,5,NULL,NULL),(606,56,'Entrenamiento completado - Día 4 - Hipertrofia - Acumulación','2026-02-01 14:26:51.353000',220,5,NULL,NULL),(607,72,'Entrenamiento completado - Día 5 - Hipertrofia - Acumulación','2026-02-01 14:26:51.551000',221,5,NULL,NULL),(608,64,'Entrenamiento completado - Día 1 - Hipertrofia - Acumulación','2026-02-01 14:26:51.703000',222,5,NULL,NULL),(609,60,'Entrenamiento completado - Día 2 - Hipertrofia - Acumulación','2026-02-01 14:26:51.851000',223,5,NULL,NULL),(610,64,'Entrenamiento completado - Día 3 - Hipertrofia - Acumulación','2026-02-01 14:26:51.997000',224,5,NULL,NULL),(611,58,'Entrenamiento completado - Día 4 - Hipertrofia - Acumulación','2026-02-01 14:26:52.169000',225,5,NULL,NULL),(612,62,'Entrenamiento completado - Día 5 - Hipertrofia - Acumulación','2026-02-01 14:26:52.324000',226,5,NULL,NULL),(613,59,'Entrenamiento completado - Día 1 - Hipertrofia - Acumulación','2026-02-01 14:26:52.492000',227,5,NULL,NULL),(614,57,'Entrenamiento completado - Día 2 - Hipertrofia - Acumulación','2026-02-01 14:26:52.671000',228,5,NULL,NULL),(615,67,'Entrenamiento completado - Día 3 - Hipertrofia - Acumulación','2026-02-01 14:26:52.892000',229,5,NULL,NULL),(616,60,'Entrenamiento completado - Día 4 - Hipertrofia - Acumulación','2026-02-01 14:26:53.068000',230,5,NULL,NULL),(617,63,'Entrenamiento completado - Día 5 - Hipertrofia - Acumulación','2026-02-01 14:26:53.250000',231,5,NULL,NULL),(618,59,'Entrenamiento completado - Día 1 - Hipertrofia - Acumulación','2026-02-01 14:26:53.422000',232,5,NULL,NULL),(619,61,'Entrenamiento completado - Día 2 - Hipertrofia - Acumulación','2026-02-01 14:26:53.590000',233,5,NULL,NULL),(620,63,'Entrenamiento completado - Día 3 - Hipertrofia - Acumulación','2026-02-01 14:26:53.757000',234,5,NULL,NULL),(621,58,'Entrenamiento completado - Día 4 - Hipertrofia - Acumulación','2026-02-01 14:26:53.926000',235,5,NULL,NULL),(622,58,'Entrenamiento completado - Día 5 - Hipertrofia - Acumulación','2026-02-01 14:26:54.108000',236,5,NULL,NULL),(623,56,'Entrenamiento completado - Día 1 - Hipertrofia - Acumulación','2026-02-01 14:26:54.284000',237,5,NULL,NULL),(624,56,'Entrenamiento completado - Día 2 - Hipertrofia - Acumulación','2026-02-01 14:26:54.455000',238,5,NULL,NULL),(625,62,'Entrenamiento completado - Día 1 - Hipertrofia_Final','2026-02-01 14:26:54.628000',158,6,NULL,NULL),(626,50,'Entrenamiento completado - Día 3 - Hipertrofia - Acumulación','2026-02-02 16:52:05.367000',239,5,NULL,NULL),(627,50,'Entrenamiento completado - Día 4 - Hipertrofia - Acumulación','2026-02-03 17:03:08.763000',240,5,NULL,NULL),(628,50,'Entrenamiento completado - Día 1 - Hipertrofia - Acumulación','2026-02-07 09:58:20.960000',241,5,NULL,NULL),(629,50,'Entrenamiento completado - Día 2 - Hipertrofia - Acumulación','2026-02-08 10:24:31.872000',242,5,NULL,NULL),(630,50,'Entrenamiento completado - Día 3 - Hipertrofia - Acumulación','2026-02-09 17:03:20.994000',243,5,NULL,NULL),(631,50,'Entrenamiento completado - Día 4 - Hipertrofia - Acumulación','2026-02-10 17:00:30.868000',244,5,NULL,NULL),(632,50,'Entrenamiento completado - Día 4 - Hipertrofia - Acumulación','2026-02-10 19:09:02.558000',245,5,NULL,NULL),(633,50,'Entrenamiento completado - Día 5 - Hipertrofia - Acumulación','2026-02-14 09:23:00.025000',246,5,NULL,NULL),(634,50,'Entrenamiento completado - Día 1 - Descarga Activa','2026-02-15 09:45:29.966000',247,5,NULL,NULL),(635,50,'Entrenamiento completado - Día 1 - Fuerza - Base','2026-03-04 17:11:27.474000',248,5,NULL,NULL),(636,50,'Entrenamiento completado - Día 2 - Fuerza - Base','2026-03-05 18:01:44.914000',249,5,NULL,NULL),(637,50,'Entrenamiento completado - Día 4 - Fuerza - Base','2026-03-06 17:04:36.495000',250,5,NULL,NULL),(638,50,'Entrenamiento completado - Día 4 - Fuerza - Base','2026-03-15 09:56:29.594000',251,5,NULL,NULL),(639,50,'Entrenamiento completado - Día 1 - Fuerza - Base','2026-03-16 17:06:57.152000',252,5,NULL,NULL),(640,50,'Entrenamiento completado - Día 2 — Fuerza — Base','2026-03-18 18:53:56.337000',253,5,NULL,NULL),(641,50,'Entrenamiento completado - Día 3 - Fuerza — Base','2026-03-19 16:40:10.389000',254,5,NULL,NULL),(642,50,'Entrenamiento completado - Día 4 - Fuerza — Base','2026-03-21 09:46:38.614000',255,5,NULL,NULL),(643,50,'Entrenamiento completado - Dia 1 - Fuerza — Base','2026-03-23 17:16:04.851000',256,5,NULL,NULL),(644,50,'Entrenamiento completado - Dia 2 - Fuerza — Base','2026-03-24 17:01:09.419000',257,5,NULL,NULL),(645,50,'Entrenamiento completado - Día 4 - Fuerza — Base','2026-03-27 17:21:54.500000',258,5,NULL,NULL);
/*!40000 ALTER TABLE `logros_historialpuntos` ENABLE KEYS */;
UNLOCK TABLES;

--
-- Table structure for table `logros_liga`
--

DROP TABLE IF EXISTS `logros_liga`;
/*!40101 SET @saved_cs_client     = @@character_set_client */;
/*!50503 SET character_set_client = utf8mb4 */;
CREATE TABLE `logros_liga` (
  `id` bigint NOT NULL AUTO_INCREMENT,
  `nombre` varchar(50) COLLATE utf8mb4_unicode_ci NOT NULL,
  `puntos_minimos` int NOT NULL,
  `puntos_maximos` int NOT NULL,
  `icono` varchar(10) COLLATE utf8mb4_unicode_ci NOT NULL,
  `color_hex` varchar(7) COLLATE utf8mb4_unicode_ci NOT NULL,
  `descripcion` longtext COLLATE utf8mb4_unicode_ci NOT NULL,
  PRIMARY KEY (`id`),
  UNIQUE KEY `nombre` (`nombre`)
) ENGINE=InnoDB AUTO_INCREMENT=8 DEFAULT CHARSET=utf8mb4 COLLATE=utf8mb4_unicode_ci;
/*!40101 SET character_set_client = @saved_cs_client */;

--
-- Dumping data for table `logros_liga`
--

LOCK TABLES `logros_liga` WRITE;
/*!40000 ALTER TABLE `logros_liga` DISABLE KEYS */;
INSERT INTO `logros_liga` VALUES (1,'bronce',0,9999,'🥉','#CD7F32',''),(2,'plata',10000,24999,'🥈','#C0C0C0',''),(3,'oro',25000,49999,'🥇','#FFD700',''),(4,'platino',50000,99999,'💎','#E5E4E2',''),(5,'diamante',100000,249999,'💍','#B9F2FF',''),(6,'maestro',250000,499999,'👑','#FF6B35',''),(7,'leyenda',500000,999999999,'🏆','#FF0000','');
/*!40000 ALTER TABLE `logros_liga` ENABLE KEYS */;
UNLOCK TABLES;

--
-- Table structure for table `logros_notificacion`
--

DROP TABLE IF EXISTS `logros_notificacion`;
/*!40101 SET @saved_cs_client     = @@character_set_client */;
/*!50503 SET character_set_client = utf8mb4 */;
CREATE TABLE `logros_notificacion` (
  `id` bigint NOT NULL AUTO_INCREMENT,
  `tipo` varchar(20) COLLATE utf8mb4_unicode_ci NOT NULL,
  `titulo` varchar(200) COLLATE utf8mb4_unicode_ci NOT NULL,
  `mensaje` longtext COLLATE utf8mb4_unicode_ci NOT NULL,
  `leida` tinyint(1) NOT NULL,
  `fecha_creacion` datetime(6) NOT NULL,
  `perfil_id` bigint NOT NULL,
  PRIMARY KEY (`id`),
  KEY `logros_notificacion_perfil_id_27fb1624_fk_logros_pe` (`perfil_id`),
  CONSTRAINT `logros_notificacion_perfil_id_27fb1624_fk_logros_pe` FOREIGN KEY (`perfil_id`) REFERENCES `logros_perfilgamificacion` (`id`)
) ENGINE=InnoDB AUTO_INCREMENT=103 DEFAULT CHARSET=utf8mb4 COLLATE=utf8mb4_unicode_ci;
/*!40101 SET character_set_client = @saved_cs_client */;

--
-- Dumping data for table `logros_notificacion`
--

LOCK TABLES `logros_notificacion` WRITE;
/*!40000 ALTER TABLE `logros_notificacion` DISABLE KEYS */;
INSERT INTO `logros_notificacion` VALUES (26,'logro','¡Prueba Legendaria Completada!','Has completado la prueba \'El Primer Puñetazo\' y ganado 50 puntos.',0,'2025-08-30 08:24:07.258000',2),(36,'logro','¡Prueba Legendaria Completada!','Has completado la prueba \'El Primer Puñetazo\' y ganado 50 puntos.',0,'2025-09-06 05:33:01.669000',5),(37,'logro','¡Prueba Legendaria Completada!','Has completado la prueba \'La Rutina Diaria\' y ganado 150 puntos.',0,'2025-09-10 16:50:16.408000',5),(38,'nivel','¡Ascensión Épica!','Has alcanzado el nivel de El Genio del Esfuerzo. Sin talento natural, solo trabajo duro. La dedicación supera cualquier don innato.',0,'2025-09-10 16:50:16.409000',5),(39,'nivel','¡Ascensión Épica!','Has alcanzado el nivel de El Guerrero Humano. Aunque seas el más débil, tu corazón valiente te hace fuerte.',0,'2025-09-15 23:26:27.873000',5),(40,'nivel','¡Ascensión Épica!','Has alcanzado el nivel de El Lobo del Desierto. Incluso los derrotados pueden encontrar su momento de gloria.',0,'2025-09-25 17:49:28.796000',5),(41,'logro','¡Prueba Legendaria Completada!','Has completado la prueba \'El Primer Puñetazo\' y ganado 50 puntos.',0,'2025-09-29 07:27:23.677000',6),(42,'nivel','¡Ascensión Épica!','Has alcanzado el nivel de El Guerrero de Tres Ojos. La disciplina marcial trasciende los límites humanos.',0,'2025-10-04 15:43:59.550000',5),(43,'nivel','¡Ascensión Épica!','Has alcanzado el nivel de El Espadachín Perdido. Tres espadas, una voluntad inquebrantable. Tu determinación corta cualquier obstáculo.',0,'2025-10-11 09:00:04.092000',5),(44,'nivel','¡Ascensión Épica!','Has alcanzado el nivel de El Cocinero de Pierna Negra. Un verdadero caballero protege a quienes ama con pasión ardiente.',0,'2025-10-20 08:56:01.620000',5),(45,'nivel','¡Ascensión Épica!','Has alcanzado el nivel de El Puño de la Estrella del Norte. Ya estás muerto... para la mediocridad. Tu técnica es letal, tu corazón compasivo.',0,'2025-10-29 16:57:42.165000',5),(46,'nivel','¡Ascensión Épica!','Has alcanzado el nivel de El Alquimista de Acero. Entiendes el intercambio equivalente: para ganar algo, debes sacrificar algo de igual valor.',0,'2025-11-06 16:36:29.725000',5),(47,'nivel','¡Ascensión Épica!','Has alcanzado el nivel de El Alma de Acero. Un corazón gentil en una armadura inquebrantable. La bondad es tu mayor fortaleza.',0,'2025-11-13 17:00:37.970000',5),(48,'nivel','¡Ascensión Épica!','Has alcanzado el nivel de El Medio Demonio. Entre dos mundos, perteneces a ambos. Tu naturaleza dual es tu mayor fortaleza.',0,'2025-12-02 16:58:22.431000',5),(49,'nivel','¡Ascensión Épica!','Has alcanzado el nivel de El Señor Demonio. La perfección no se busca, se nace con ella. Tu orgullo es tu poder.',0,'2025-12-14 10:28:22.920000',5),(50,'nivel','¡Ascensión Épica!','Has alcanzado el nivel de El Detective Espiritual. De delincuente a salvador. Tu energía espiritual refleja tu crecimiento como persona.',0,'2025-12-27 09:53:28.658000',5),(51,'nivel','¡Ascensión Épica!','Has alcanzado el nivel de El Demonio de las Llamas. Las llamas del inframundo arden en tu interior. Rápido, letal, implacable.',0,'2026-01-08 17:24:41.714000',5),(52,'nivel','¡Ascensión Épica!','Has alcanzado el nivel de El Zorro Demonio. La inteligencia y la astucia superan la fuerza bruta. Eres estrategia pura.',0,'2026-01-22 16:59:07.974000',5),(53,'nivel','¡Ascensión Épica!','Has alcanzado el nivel de El Genio del Esfuerzo. Sin talento natural, solo trabajo duro. La dedicación supera cualquier don innato.',0,'2026-02-01 12:52:30.730000',2),(54,'nivel','¡Ascensión Épica!','Has alcanzado el nivel de El Guerrero Humano. Aunque seas el más débil, tu corazón valiente te hace fuerte.',0,'2026-02-01 12:52:31.082000',2),(55,'nivel','¡Ascensión Épica!','Has alcanzado el nivel de El Lobo del Desierto. Incluso los derrotados pueden encontrar su momento de gloria.',0,'2026-02-01 12:52:31.556000',2),(56,'nivel','¡Ascensión Épica!','Has alcanzado el nivel de El Guerrero de Tres Ojos. La disciplina marcial trasciende los límites humanos.',0,'2026-02-01 12:52:31.831000',2),(57,'nivel','¡Ascensión Épica!','Has alcanzado el nivel de El Espadachín Perdido. Tres espadas, una voluntad inquebrantable. Tu determinación corta cualquier obstáculo.',0,'2026-02-01 12:52:32.176000',2),(58,'nivel','¡Ascensión Épica!','Has alcanzado el nivel de El Cocinero de Pierna Negra. Un verdadero caballero protege a quienes ama con pasión ardiente.',0,'2026-02-01 12:52:32.579000',2),(59,'nivel','¡Ascensión Épica!','Has alcanzado el nivel de El Puño de la Estrella del Norte. Ya estás muerto... para la mediocridad. Tu técnica es letal, tu corazón compasivo.',0,'2026-02-01 12:52:32.864000',2),(60,'nivel','¡Ascensión Épica!','Has alcanzado el nivel de El Alquimista de Acero. Entiendes el intercambio equivalente: para ganar algo, debes sacrificar algo de igual valor.',0,'2026-02-01 12:52:33.173000',2),(61,'nivel','¡Ascensión Épica!','Has alcanzado el nivel de El Alma de Acero. Un corazón gentil en una armadura inquebrantable. La bondad es tu mayor fortaleza.',0,'2026-02-01 12:52:33.480000',2),(62,'nivel','¡Ascensión Épica!','Has alcanzado el nivel de El Medio Demonio. Entre dos mundos, perteneces a ambos. Tu naturaleza dual es tu mayor fortaleza.',0,'2026-02-01 12:52:34.134000',2),(63,'nivel','¡Ascensión Épica!','Has alcanzado el nivel de El Señor Demonio. La perfección no se busca, se nace con ella. Tu orgullo es tu poder.',0,'2026-02-01 12:52:34.945000',2),(64,'nivel','¡Ascensión Épica!','Has alcanzado el nivel de El Detective Espiritual. De delincuente a salvador. Tu energía espiritual refleja tu crecimiento como persona.',0,'2026-02-01 12:52:35.799000',2),(65,'nivel','¡Ascensión Épica!','Has alcanzado el nivel de El Demonio de las Llamas. Las llamas del inframundo arden en tu interior. Rápido, letal, implacable.',0,'2026-02-01 12:52:36.577000',2),(66,'nivel','¡Ascensión Épica!','Has alcanzado el nivel de El Zorro Demonio. La inteligencia y la astucia superan la fuerza bruta. Eres estrategia pura.',0,'2026-02-01 12:52:37.344000',2),(67,'nivel','¡Ascensión Épica!','Has alcanzado el nivel de El Shinigami Sustituto. Proteges a los que amas sin importar el costo. Tu determinación trasciende la muerte.',0,'2026-02-01 12:52:38.013000',5),(68,'nivel','¡Ascensión Épica!','Has alcanzado el nivel de La Shinigami de Hielo. Elegante como la nieve, letal como el hielo. Tu belleza oculta un poder mortal.',0,'2026-02-01 12:52:38.813000',5),(69,'nivel','¡Ascensión Épica!','Has alcanzado el nivel de El Noble de los Pétalos. La nobleza no es un título, es una forma de vida. Tu honor es inquebrantable.',0,'2026-02-01 12:52:39.688000',5),(70,'nivel','¡Ascensión Épica!','Has alcanzado el nivel de El Cruzado Estelar. Yare yare daze. Tu Stand refleja tu alma: preciso, poderoso e implacable.',0,'2026-02-01 12:52:40.528000',5),(71,'nivel','¡Ascensión Épica!','Has alcanzado el nivel de El Vampiro del Tiempo. Has rechazado tu humanidad. El tiempo mismo se detiene ante tu voluntad.',0,'2026-02-01 12:52:41.546000',5),(72,'nivel','¡Ascensión Épica!','Has alcanzado el nivel de El Dragon Slayer de Fuego. El fuego de la amistad arde en tu corazón. Por tus nakama, puedes quemar el mundo.',0,'2026-02-01 12:52:42.530000',5),(73,'nivel','¡Ascensión Épica!','Has alcanzado el nivel de La Reina de las Hadas. Tu armadura no solo protege tu cuerpo, sino el corazón de tus compañeros.',0,'2026-02-01 12:52:43.491000',5),(74,'nivel','¡Ascensión Épica!','Has alcanzado el nivel de El Mago de Hielo. Tu frialdad exterior oculta un corazón ardiente por tus amigos.',0,'2026-02-01 12:52:44.381000',5),(75,'nivel','¡Ascensión Épica!','Has alcanzado el nivel de El Dragon Slayer del Rayo. El rayo que una vez destruyó, ahora protege. Has encontrado tu verdadero poder.',0,'2026-02-01 12:52:45.466000',5),(76,'nivel','¡Ascensión Épica!','Has alcanzado el nivel de El Kazekage de Arena. La soledad te forjó, pero el amor te transformó. Proteges con arena inquebrantable.',0,'2026-02-01 12:52:46.481000',5),(77,'nivel','¡Ascensión Épica!','Has alcanzado el nivel de El Ninja Copia. Has copiado mil técnicas, pero tu mayor poder es proteger a tus estudiantes.',0,'2026-02-01 12:52:47.520000',5),(78,'nivel','¡Ascensión Épica!','Has alcanzado el nivel de La Bestia Verde. La juventud arde eternamente en tu espíritu. El trabajo duro nunca traiciona.',0,'2026-02-01 12:52:48.629000',5),(79,'nivel','¡Ascensión Épica!','Has alcanzado el nivel de El Shinigami Sustituto. Proteges a los que amas sin importar el costo. Tu determinación trasciende la muerte.',0,'2026-02-01 14:26:30.570000',2),(80,'nivel','¡Ascensión Épica!','Has alcanzado el nivel de La Shinigami de Hielo. Elegante como la nieve, letal como el hielo. Tu belleza oculta un poder mortal.',0,'2026-02-01 14:26:31.433000',2),(81,'nivel','¡Ascensión Épica!','Has alcanzado el nivel de El Noble de los Pétalos. La nobleza no es un título, es una forma de vida. Tu honor es inquebrantable.',0,'2026-02-01 14:26:32.257000',2),(82,'nivel','¡Ascensión Épica!','Has alcanzado el nivel de El Cruzado Estelar. Yare yare daze. Tu Stand refleja tu alma: preciso, poderoso e implacable.',0,'2026-02-01 14:26:32.998000',2),(83,'nivel','¡Ascensión Épica!','Has alcanzado el nivel de El Vampiro del Tiempo. Has rechazado tu humanidad. El tiempo mismo se detiene ante tu voluntad.',0,'2026-02-01 14:26:33.725000',2),(84,'nivel','¡Ascensión Épica!','Has alcanzado el nivel de El Dragon Slayer de Fuego. El fuego de la amistad arde en tu corazón. Por tus nakama, puedes quemar el mundo.',0,'2026-02-01 14:26:34.511000',2),(85,'nivel','¡Ascensión Épica!','Has alcanzado el nivel de La Reina de las Hadas. Tu armadura no solo protege tu cuerpo, sino el corazón de tus compañeros.',0,'2026-02-01 14:26:35.454000',2),(86,'nivel','¡Ascensión Épica!','Has alcanzado el nivel de El Mago de Hielo. Tu frialdad exterior oculta un corazón ardiente por tus amigos.',0,'2026-02-01 14:26:36.592000',2),(87,'nivel','¡Ascensión Épica!','Has alcanzado el nivel de El Dragon Slayer del Rayo. El rayo que una vez destruyó, ahora protege. Has encontrado tu verdadero poder.',0,'2026-02-01 14:26:37.704000',2),(88,'nivel','¡Ascensión Épica!','Has alcanzado el nivel de El Kazekage de Arena. La soledad te forjó, pero el amor te transformó. Proteges con arena inquebrantable.',0,'2026-02-01 14:26:38.588000',2),(89,'nivel','¡Ascensión Épica!','Has alcanzado el nivel de El Sabio Pervertido. Detrás de tu personalidad excéntrica se oculta la sabiduría de un verdadero maestro.',0,'2026-02-01 14:26:39.835000',5),(90,'nivel','¡Ascensión Épica!','Has alcanzado el nivel de La Serpiente Sannin. La inmortalidad es tu obsesión. Cambias de cuerpo como una serpiente cambia de piel.',0,'2026-02-01 14:26:41.022000',5),(91,'nivel','¡Ascensión Épica!','Has alcanzado el nivel de La Princesa Babosa. Tus puños pueden quebrar montañas, pero tu corazón puede sanar cualquier herida.',0,'2026-02-01 14:26:42.057000',5),(92,'nivel','¡Ascensión Épica!','Has alcanzado el nivel de El Símbolo de la Paz. Un verdadero héroe no se mide por su fuerza, sino por cómo inspira a otros.',0,'2026-02-01 14:26:43.315000',5),(93,'nivel','¡Ascensión Épica!','Has alcanzado el nivel de El Héroe de Fuego. Las llamas del esfuerzo arden más brillantes que el talento natural.',0,'2026-02-01 14:26:44.424000',5),(94,'nivel','¡Ascensión Épica!','Has alcanzado el nivel de El Heredero Dividido. Hielo y fuego en perfecta armonía. Has aprendido a abrazar ambos lados de tu poder.',0,'2026-02-01 14:26:45.664000',5),(95,'nivel','¡Ascensión Épica!','Has alcanzado el nivel de El Ogro Más Fuerte. La fuerza física pura en su máxima expresión. Eres una calamidad natural con forma humana.',0,'2026-02-01 14:26:46.934000',5),(96,'nivel','¡Ascensión Épica!','Has alcanzado el nivel de El Campeón Joven. Llevas la sangre del ogro, pero tu corazón humano te hace más fuerte que tu padre.',0,'2026-02-01 14:26:48.139000',5),(97,'nivel','¡Ascensión Épica!','Has alcanzado el nivel de El Rey de los Caballeros. Excalibur brilla con la luz de tus ideales. Eres el rey que el mundo necesita.',0,'2026-02-01 14:26:49.623000',5),(98,'nivel','¡Ascensión Épica!','Has alcanzado el nivel de El Rey de los Héroes. Posees todos los tesoros del mundo. Tu arrogancia está justificada por tu poder absoluto.',0,'2026-02-01 14:26:50.966000',5),(99,'nivel','¡Ascensión Épica!','Has alcanzado el nivel de El León del Orgullo. Durante el día, eres la encarnación del orgullo. Tu poder crece con el sol.',0,'2026-02-01 14:26:52.295000',5),(100,'nivel','¡Ascensión Épica!','Has alcanzado el nivel de El Capitán de los Pecados. El poder demoníaco y el corazón humano coexisten en ti. Lideras con fuerza y compasión.',0,'2026-02-01 14:26:53.895000',5),(101,'nivel','¡Ascensión Épica!','Has alcanzado el nivel de El Zorro de la Codicia. Tu inmortalidad te ha enseñado el verdadero valor de la vida y el amor.',0,'2026-02-09 17:03:21.234000',5),(102,'nivel','¡Ascensión Épica!','Has alcanzado el nivel de El Pequeño Guerrero. La inocencia combinada con un poder increíble. Tu pureza de corazón es tu mayor fortaleza.',0,'2026-03-18 18:53:56.576000',5);
/*!40000 ALTER TABLE `logros_notificacion` ENABLE KEYS */;
UNLOCK TABLES;

--
-- Table structure for table `logros_perfilgamificacion`
--

DROP TABLE IF EXISTS `logros_perfilgamificacion`;
/*!40101 SET @saved_cs_client     = @@character_set_client */;
/*!50503 SET character_set_client = utf8mb4 */;
CREATE TABLE `logros_perfilgamificacion` (
  `id` bigint NOT NULL AUTO_INCREMENT,
  `puntos_totales` int unsigned NOT NULL,
  `fecha_ultimo_entreno` datetime(6) DEFAULT NULL,
  `racha_actual` int unsigned NOT NULL,
  `racha_maxima` int unsigned NOT NULL,
  `entrenos_totales` int unsigned NOT NULL,
  `fecha_actualizacion` datetime(6) NOT NULL,
  `cliente_id` bigint NOT NULL,
  `nivel_actual_id` int unsigned DEFAULT NULL,
  PRIMARY KEY (`id`),
  UNIQUE KEY `cliente_id` (`cliente_id`),
  KEY `logros_perfilgamific_nivel_actual_id_544d510d_fk_logros_ar` (`nivel_actual_id`),
  CONSTRAINT `logros_perfilgamific_cliente_id_0509e343_fk_clientes_` FOREIGN KEY (`cliente_id`) REFERENCES `clientes_cliente` (`id`),
  CONSTRAINT `logros_perfilgamific_nivel_actual_id_544d510d_fk_logros_ar` FOREIGN KEY (`nivel_actual_id`) REFERENCES `logros_arquetipo` (`nivel`),
  CONSTRAINT `logros_perfilgamificacion_chk_1` CHECK ((`puntos_totales` >= 0)),
  CONSTRAINT `logros_perfilgamificacion_chk_2` CHECK ((`racha_actual` >= 0)),
  CONSTRAINT `logros_perfilgamificacion_chk_3` CHECK ((`racha_maxima` >= 0)),
  CONSTRAINT `logros_perfilgamificacion_chk_4` CHECK ((`entrenos_totales` >= 0))
) ENGINE=InnoDB AUTO_INCREMENT=7 DEFAULT CHARSET=utf8mb4 COLLATE=utf8mb4_unicode_ci;
/*!40101 SET character_set_client = @saved_cs_client */;

--
-- Dumping data for table `logros_perfilgamificacion`
--

LOCK TABLES `logros_perfilgamificacion` WRITE;
/*!40000 ALTER TABLE `logros_perfilgamificacion` DISABLE KEYS */;
INSERT INTO `logros_perfilgamificacion` VALUES (2,10352,'2025-08-28 00:00:00.000000',1,2,183,'2026-02-01 14:26:39.446000',1,25),(5,18286,'2026-03-26 00:00:00.000000',1,5,316,'2026-03-27 17:21:55.036000',2,41),(6,230,'2025-09-29 00:00:00.000000',1,1,3,'2026-02-01 14:26:54.651000',4,1);
/*!40000 ALTER TABLE `logros_perfilgamificacion` ENABLE KEYS */;
UNLOCK TABLES;

--
-- Table structure for table `logros_perfiltitulo`
--

DROP TABLE IF EXISTS `logros_perfiltitulo`;
/*!40101 SET @saved_cs_client     = @@character_set_client */;
/*!50503 SET character_set_client = utf8mb4 */;
CREATE TABLE `logros_perfiltitulo` (
  `id` bigint NOT NULL AUTO_INCREMENT,
  `fecha_obtencion` datetime(6) NOT NULL,
  `activo` tinyint(1) NOT NULL,
  `perfil_id` bigint NOT NULL,
  `titulo_id` bigint NOT NULL,
  PRIMARY KEY (`id`),
  UNIQUE KEY `logros_perfiltitulo_perfil_id_titulo_id_3cf3a12a_uniq` (`perfil_id`,`titulo_id`),
  KEY `logros_perfiltitulo_titulo_id_241abac7_fk_logros_ti` (`titulo_id`),
  CONSTRAINT `logros_perfiltitulo_perfil_id_e1afb7be_fk_logros_pe` FOREIGN KEY (`perfil_id`) REFERENCES `logros_perfilgamificacion` (`id`),
  CONSTRAINT `logros_perfiltitulo_titulo_id_241abac7_fk_logros_ti` FOREIGN KEY (`titulo_id`) REFERENCES `logros_tituloespecial` (`id`)
) ENGINE=InnoDB DEFAULT CHARSET=utf8mb4 COLLATE=utf8mb4_unicode_ci;
/*!40101 SET character_set_client = @saved_cs_client */;

--
-- Dumping data for table `logros_perfiltitulo`
--

LOCK TABLES `logros_perfiltitulo` WRITE;
/*!40000 ALTER TABLE `logros_perfiltitulo` DISABLE KEYS */;
/*!40000 ALTER TABLE `logros_perfiltitulo` ENABLE KEYS */;
UNLOCK TABLES;

--
-- Table structure for table `logros_pruebalegendaria`
--

DROP TABLE IF EXISTS `logros_pruebalegendaria`;
/*!40101 SET @saved_cs_client     = @@character_set_client */;
/*!50503 SET character_set_client = utf8mb4 */;
CREATE TABLE `logros_pruebalegendaria` (
  `id` bigint NOT NULL AUTO_INCREMENT,
  `nombre` varchar(200) COLLATE utf8mb4_unicode_ci NOT NULL,
  `descripcion` longtext COLLATE utf8mb4_unicode_ci NOT NULL,
  `clave_calculo` varchar(50) COLLATE utf8mb4_unicode_ci NOT NULL,
  `meta_valor` double NOT NULL,
  `puntos_recompensa` int unsigned NOT NULL,
  `es_secreta` tinyint(1) NOT NULL,
  `arquetipo_id` int unsigned NOT NULL,
  PRIMARY KEY (`id`),
  UNIQUE KEY `clave_calculo` (`clave_calculo`),
  KEY `logros_pruebalegenda_arquetipo_id_376a6b0f_fk_logros_ar` (`arquetipo_id`),
  CONSTRAINT `logros_pruebalegenda_arquetipo_id_376a6b0f_fk_logros_ar` FOREIGN KEY (`arquetipo_id`) REFERENCES `logros_arquetipo` (`nivel`),
  CONSTRAINT `logros_pruebalegendaria_chk_1` CHECK ((`puntos_recompensa` >= 0))
) ENGINE=InnoDB AUTO_INCREMENT=590 DEFAULT CHARSET=utf8mb4 COLLATE=utf8mb4_unicode_ci;
/*!40101 SET character_set_client = @saved_cs_client */;

--
-- Dumping data for table `logros_pruebalegendaria`
--

LOCK TABLES `logros_pruebalegendaria` WRITE;
/*!40000 ALTER TABLE `logros_pruebalegendaria` DISABLE KEYS */;
INSERT INTO `logros_pruebalegendaria` VALUES (290,'El Primer Puñetazo','Completa tu primer entrenamiento. Todo héroe comienza aquí.','primer_entrenamiento',1,50,0,1),(291,'100 Flexiones','Realiza 100 flexiones acumuladas en total.','flexiones_totales_meta_100',100,100,0,1),(292,'La Rutina Diaria','Entrena 3 días consecutivos.','racha_dias_meta_3',3,150,0,1),(293,'Limitador Roto','Supera tu primer récord personal.','record_personal_superado_1',1,200,1,1),(294,'Las Puertas del Esfuerzo','Mantén una racha de 7 días entrenando.','racha_dias_meta_7',7,200,0,2),(295,'La Llama de la Juventud','Completa 15 entrenamientos.','entrenos_completados_meta_15',15,250,0,2),(296,'Entrenamiento de Pesas','Levanta un total de 5,000 kg acumulados.','volumen_total_meta_5000kg',5000,300,0,2),(297,'El Guerrero Humano','Alcanza 40kg en Press de Banca.','rm_banca_meta_40kg',40,300,0,3),(298,'Destructo Disc','Completa 20 entrenamientos.','entrenos_completados_meta_20',20,350,0,3),(299,'Corazón Valiente','Mantén una racha de 10 días.','racha_dias_meta_10',10,400,0,3),(300,'Puño del Lobo','Alcanza 45kg en Press de Banca.','rm_banca_meta_45kg',45,350,0,4),(301,'Redención del Guerrero','Levanta 8,000kg de volumen total.','volumen_total_meta_8000kg',8000,400,0,4),(302,'Espíritu Indomable','Completa 25 entrenamientos.','entrenos_completados_meta_25',25,450,0,4),(303,'El Tercer Ojo','Domina 3 ejercicios diferentes.','ejercicios_dominados_meta_3',3,400,0,5),(304,'Kikoho','Alcanza 50kg en Press de Banca.','rm_banca_meta_50kg',50,500,0,5),(305,'Técnica Mortal','Levanta 12,000kg de volumen total.','volumen_total_meta_12000kg',12000,550,0,5),(306,'El Camino del Espadachín','Alcanza 55kg en Press de Banca.','rm_banca_meta_55kg',55,550,0,6),(307,'Perdido pero Determinado','Mantén una racha de 14 días.','racha_dias_meta_14',14,600,0,6),(308,'Pierna del Diablo','Alcanza 80kg en Sentadilla.','rm_sentadilla_meta_80kg',80,500,0,7),(309,'Cocinero Guerrero','Completa 35 entrenamientos.','entrenos_completados_meta_35',35,600,0,7),(310,'Caballero de los Mares','Levanta 15,000kg de volumen total.','volumen_total_meta_15000kg',15000,650,0,7),(311,'Hokuto Shinken','Alcanza 60kg en Press de Banca.','rm_banca_meta_60kg',60,600,0,8),(312,'Ya Estás Muerto','Supera 2 récords personales.','records_totales_meta_2',2,700,0,8),(313,'Los Puntos Vitales','Mantén una racha de 15 días.','racha_dias_meta_15',15,750,0,8),(314,'Alquimia del Acero','Alcanza 65kg en Press de Banca.','rm_banca_meta_65kg',65,650,0,9),(315,'Transmutación Humana','Completa 40 entrenamientos.','entrenos_completados_meta_40',40,750,0,9),(316,'El Alquimista de Acero','Levanta 20,000kg de volumen total.','volumen_total_meta_20000kg',20000,800,0,9),(317,'Armadura Viviente','Alcanza 70kg en Press de Banca.','rm_banca_meta_70kg',70,700,0,10),(318,'Hermanos de Acero','Mantén una racha de 20 días.','racha_dias_meta_20',20,850,0,10),(319,'Alma Inquebrantable','Completa 45 entrenamientos.','entrenos_completados_meta_45',45,900,0,10),(320,'Colmillo de Acero','Alcanza 75kg en Press de Banca.','rm_banca_meta_75kg',75,800,0,11),(321,'Viento Cortante','Levanta 25,000kg de volumen total.','volumen_total_meta_25000kg',25000,900,0,11),(322,'Medio Demonio','Supera 3 récords personales.','records_totales_meta_3',3,1000,0,11),(323,'Señor de las Tierras del Oeste','Alcanza 80kg en Press de Banca.','rm_banca_meta_80kg',80,850,0,12),(324,'Látigo de Luz','Mantén una racha de 25 días.','racha_dias_meta_25',25,1000,0,12),(325,'Perfección Demoniaca','Completa 50 entrenamientos.','entrenos_completados_meta_50',50,1100,0,12),(326,'Pistola Espiritual','Alcanza 85kg en Press de Banca.','rm_banca_meta_85kg',85,900,0,13),(327,'Detective Espiritual','Levanta 30,000kg de volumen total.','volumen_total_meta_30000kg',30000,1000,0,13),(328,'Mazoku Awakening','Supera 4 récords personales.','records_totales_meta_4',4,1200,0,13),(329,'Espada del Fuego Infernal','Alcanza 90kg en Press de Banca.','rm_banca_meta_90kg',90,950,0,14),(330,'Dragón de las Llamas Oscuras','Mantén una racha de 30 días.','racha_dias_meta_30',30,1200,0,14),(331,'Velocidad Demoniaca','Completa 60 entrenamientos.','entrenos_completados_meta_60',60,1300,0,14),(332,'Rosa Látigo','Alcanza 95kg en Press de Banca.','rm_banca_meta_95kg',95,1000,0,15),(333,'Zorro de Nueve Colas','Levanta 35,000kg de volumen total.','volumen_total_meta_35000kg',35000,1200,0,15),(334,'Sabiduría Milenaria','Domina 5 ejercicios diferentes.','ejercicios_dominados_meta_5',5,1400,0,15),(335,'Zangetsu Despierta','Alcanza 100kg en Press de Banca.','rm_banca_meta_100kg',100,1200,0,16),(336,'Getsuga Tensho','Supera 5 récords personales.','records_totales_meta_5',5,1500,0,16),(337,'Shinigami Sustituto','Completa 70 entrenamientos.','entrenos_completados_meta_70',70,1600,0,16),(338,'Sode no Shirayuki','Alcanza 105kg en Press de Banca.','rm_banca_meta_105kg',105,1250,0,17),(339,'Danza de la Luna Blanca','Mantén una racha de 35 días.','racha_dias_meta_35',35,1500,0,17),(340,'Nobleza Shinigami','Levanta 40,000kg de volumen total.','volumen_total_meta_40000kg',40000,1700,0,17),(341,'Senbonzakura Kageyoshi','Alcanza 110kg en Press de Banca.','rm_banca_meta_110kg',110,1300,0,18),(342,'Capitán del Escuadrón 6','Completa 80 entrenamientos.','entrenos_completados_meta_80',80,1700,0,18),(343,'Orgullo de la Nobleza','Supera 6 récords personales.','records_totales_meta_6',6,1800,0,18),(344,'Star Platinum','Alcanza 115kg en Press de Banca.','rm_banca_meta_115kg',115,1400,0,19),(345,'Ora Ora Ora!','Levanta 45,000kg de volumen total.','volumen_total_meta_45000kg',45000,1800,0,19),(346,'Yare Yare Daze','Mantén una racha de 40 días.','racha_dias_meta_40',40,2000,1,19),(347,'The World','Alcanza 120kg en Press de Banca.','rm_banca_meta_120kg',120,1500,0,20),(348,'Muda Muda Muda!','Completa 90 entrenamientos.','entrenos_completados_meta_90',90,1900,0,20),(349,'Vampiro Supremo','Supera 7 récords personales.','records_totales_meta_7',7,2100,0,20),(350,'Rugido del Dragón de Fuego','Alcanza 125kg en Press de Banca.','rm_banca_meta_125kg',125,1600,0,21),(351,'Modo Dragon Force','Levanta 50,000kg de volumen total.','volumen_total_meta_50000kg',50000,2000,0,21),(352,'Llamas de la Emoción','Mantén una racha de 45 días.','racha_dias_meta_45',45,2200,0,21),(353,'Reina de las Hadas','Alcanza 130kg en Press de Banca.','rm_banca_meta_130kg',130,1700,0,22),(354,'Armadura del Cielo','Completa 100 entrenamientos.','entrenos_completados_meta_100',100,2100,0,22),(355,'Disciplina Férrea','Supera 8 récords personales.','records_totales_meta_8',8,2300,0,22),(356,'Ice Make','Alcanza 135kg en Press de Banca.','rm_banca_meta_135kg',135,1800,0,23),(357,'Demonio Slayer','Levanta 55,000kg de volumen total.','volumen_total_meta_55000kg',55000,2200,0,23),(358,'Corazón de Hielo','Mantén una racha de 50 días.','racha_dias_meta_50',50,2500,0,23),(359,'Rugido del Dragón del Rayo','Alcanza 140kg en Press de Banca.','rm_banca_meta_140kg',140,1900,0,24),(360,'Modo Dragón del Rayo','Completa 110 entrenamientos.','entrenos_completados_meta_110',110,2300,0,24),(361,'Orgullo de Fairy Tail','Supera 9 récords personales.','records_totales_meta_9',9,2600,0,24),(362,'Defensa Absoluta','Alcanza 145kg en Press de Banca.','rm_banca_meta_145kg',145,2000,0,25),(363,'Funeral de Arena','Levanta 60,000kg de volumen total.','volumen_total_meta_60000kg',60000,2400,0,25),(364,'Kazekage','Mantén una racha de 55 días.','racha_dias_meta_55',55,2700,0,25),(365,'Sharingan Copy','Domina 7 ejercicios diferentes.','ejercicios_dominados_meta_7',7,2200,0,26),(366,'Chidori','Alcanza 150kg en Press de Banca.','rm_banca_meta_150kg',150,2500,0,26),(367,'Ninja Copy','Completa 120 entrenamientos.','entrenos_completados_meta_120',120,2800,0,26),(368,'Las Ocho Puertas','Alcanza 155kg en Press de Banca.','rm_banca_meta_155kg',155,2300,0,27),(369,'Bestia Verde de Konoha','Mantén una racha de 60 días.','racha_dias_meta_60',60,2900,0,27),(370,'Puerta de la Muerte','Levanta 70,000kg de volumen total.','volumen_total_meta_70000kg',70000,3200,1,27),(371,'Modo Sabio','Alcanza 160kg en Press de Banca.','rm_banca_meta_160kg',160,2400,0,28),(372,'Rasengan Gigante','Supera 10 récords personales.','records_totales_meta_10',10,3000,0,28),(373,'Sannin Legendario','Completa 130 entrenamientos.','entrenos_completados_meta_130',130,3100,0,28),(374,'Serpiente Inmortal','Alcanza 165kg en Press de Banca.','rm_banca_meta_165kg',165,2500,0,29),(375,'Técnicas Prohibidas','Levanta 75,000kg de volumen total.','volumen_total_meta_75000kg',75000,3200,0,29),(376,'Búsqueda de la Inmortalidad','Mantén una racha de 65 días.','racha_dias_meta_65',65,3400,0,29),(377,'Fuerza de los Cien Sellos','Alcanza 170kg en Press de Banca.','rm_banca_meta_170kg',170,2600,0,30),(378,'Hokage Médico','Completa 140 entrenamientos.','entrenos_completados_meta_140',140,3300,0,30),(379,'Sannin de la Fuerza','Supera 12 récords personales.','records_totales_meta_12',12,3500,0,30),(380,'One For All','Alcanza 175kg en Press de Banca.','rm_banca_meta_175kg',175,3000,0,31),(381,'Plus Ultra!','Levanta 80,000kg de volumen total.','volumen_total_meta_80000kg',80000,3600,0,31),(382,'Símbolo de la Paz','Mantén una racha de 70 días.','racha_dias_meta_70',70,4000,0,31),(383,'Llamas del Infierno','Alcanza 180kg en Press de Banca.','rm_banca_meta_180kg',180,3200,0,32),(384,'Héroe Número 2','Completa 150 entrenamientos.','entrenos_completados_meta_150',150,3700,0,32),(385,'Prominencia Burn','Supera 15 récords personales.','records_totales_meta_15',15,4200,0,32),(386,'Hielo y Fuego','Alcanza 185kg en Press de Banca.','rm_banca_meta_185kg',185,3400,0,33),(387,'Poder Equilibrado','Levanta 90,000kg de volumen total.','volumen_total_meta_90000kg',90000,3900,0,33),(388,'Héroe de Nueva Generación','Mantén una racha de 75 días.','racha_dias_meta_75',75,4400,0,33),(389,'El Ogre Más Fuerte','Alcanza 200kg en Press de Banca.','rm_banca_meta_200kg',200,4000,0,34),(390,'Técnica del Demonio','Supera 18 récords personales.','records_totales_meta_18',18,5000,0,34),(391,'La Criatura Más Fuerte','Levanta 100,000kg de volumen total.','volumen_total_meta_100000kg',100000,5500,0,34),(392,'Hijo del Ogre','Alcanza 190kg en Press de Banca.','rm_banca_meta_190kg',190,3800,0,35),(393,'Técnicas de Combate','Completa 160 entrenamientos.','entrenos_completados_meta_160',160,4300,0,35),(394,'Espíritu Indomable','Mantén una racha de 80 días.','racha_dias_meta_80',80,4800,0,35),(395,'Excalibur','Alcanza 195kg en Press de Banca.','rm_banca_meta_195kg',195,3900,0,36),(396,'Rey de los Caballeros','Levanta 110,000kg de volumen total.','volumen_total_meta_110000kg',110000,4600,0,36),(397,'Noble Phantasm','Supera 20 récords personales.','records_totales_meta_20',20,5200,0,36),(398,'Gate of Babylon','Alcanza 205kg en Press de Banca.','rm_banca_meta_205kg',205,4200,0,37),(399,'Rey de los Héroes','Completa 170 entrenamientos.','entrenos_completados_meta_170',170,4800,0,37),(400,'Ea - Espada de Ruptura','Mantén una racha de 85 días.','racha_dias_meta_85',85,5400,1,37),(401,'Sunshine','Alcanza 210kg en Press de Banca.','rm_banca_meta_210kg',210,4400,0,38),(402,'The One','Levanta 120,000kg de volumen total.','volumen_total_meta_120000kg',120000,5000,0,38),(403,'Orgullo del León','Supera 22 récords personales.','records_totales_meta_22',22,5600,0,38),(404,'Full Counter','Alcanza 215kg en Press de Banca.','rm_banca_meta_215kg',215,4600,0,39),(405,'Modo Demonio','Completa 180 entrenamientos.','entrenos_completados_meta_180',180,5200,0,39),(406,'Capitán de los Pecados','Mantén una racha de 90 días.','racha_dias_meta_90',90,5800,0,39),(407,'Snatch','Alcanza 220kg en Press de Banca.','rm_banca_meta_220kg',220,4800,0,40),(408,'Inmortalidad','Levanta 130,000kg de volumen total.','volumen_total_meta_130000kg',130000,5400,0,40),(409,'Zorro del Pecado de la Avaricia','Supera 25 récords personales.','records_totales_meta_25',25,6000,0,40),(410,'El Ki Divino','Alcanza 230kg en Press de Banca.','rm_banca_meta_230kg',230,6000,0,41),(411,'Ritual de los Dioses','Completa 200 entrenamientos.','entrenos_completados_meta_200',200,6500,0,41),(412,'Trascendencia Mortal','Levanta 150,000kg de volumen total.','volumen_total_meta_150000kg',150000,7000,0,41),(413,'Orgullo del Príncipe','Alcanza 240kg en Press de Banca.','rm_banca_meta_240kg',240,6200,0,42),(414,'Final Flash Divino','Mantén una racha de 100 días.','racha_dias_meta_100',100,7500,0,42),(415,'Príncipe de los Saiyans','Supera 30 récords personales.','records_totales_meta_30',30,8000,0,42),(416,'Hakai','Alcanza 250kg en Press de Banca.','rm_banca_meta_250kg',250,7000,0,43),(417,'El Despertar del Destructor','Levanta 200,000kg de volumen total.','volumen_total_meta_200000kg',200000,8000,0,43),(418,'Equilibrio Universal','Completa 250 entrenamientos.','entrenos_completados_meta_250',250,8500,0,43),(419,'Ultra Instinto','Alcanza 260kg en Press de Banca.','rm_banca_meta_260kg',260,7500,0,44),(420,'Maestro de los Ángeles','Mantén una racha de 120 días.','racha_dias_meta_120',120,9000,0,44),(421,'Reversión Temporal','Supera 35 récords personales.','records_totales_meta_35',35,9500,0,44),(422,'Fusión Perfecta','Alcanza 270kg en Press de Banca.','rm_banca_meta_270kg',270,8000,0,45),(423,'Soul Punisher','Levanta 250,000kg de volumen total.','volumen_total_meta_250000kg',250000,9000,0,45),(424,'Poder Combinado','Completa 300 entrenamientos.','entrenos_completados_meta_300',300,10000,0,45),(425,'Potara Fusion','Alcanza 280kg en Press de Banca.','rm_banca_meta_280kg',280,8500,0,46),(426,'Final Kamehameha','Mantén una racha de 150 días.','racha_dias_meta_150',150,10000,0,46),(427,'Fusión Eterna','Supera 40 récords personales.','records_totales_meta_40',40,11000,0,46),(428,'Super Saiyan Legendario','Alcanza 290kg en Press de Banca.','rm_banca_meta_290kg',290,9000,0,47),(429,'Poder Descontrolado','Levanta 300,000kg de volumen total.','volumen_total_meta_300000kg',300000,10500,0,47),(430,'Ira Infinita','Completa 350 entrenamientos.','entrenos_completados_meta_350',350,12000,0,47),(431,'Poder Absoluto','Alcanza 300kg en Press de Banca.','rm_banca_meta_300kg',300,10000,0,48),(432,'Orgullo del Universo 11','Mantén una racha de 180 días.','racha_dias_meta_180',180,12000,0,48),(433,'Más Allá de los Límites','Supera 45 récords personales.','records_totales_meta_45',45,13000,0,48),(434,'Devorador de Planetas','Alcanza 320kg en Press de Banca.','rm_banca_meta_320kg',320,11000,0,49),(435,'Absorción de Energía','Levanta 400,000kg de volumen total.','volumen_total_meta_400000kg',400000,13000,0,49),(436,'Hechicero Galáctico','Completa 400 entrenamientos.','entrenos_completados_meta_400',400,14000,0,49),(437,'El Más Fuerte del Universo','Alcanza 350kg en Press de Banca.','rm_banca_meta_350kg',350,12000,0,50),(438,'Evolución Constante','Mantén una racha de 200 días.','racha_dias_meta_200',200,15000,0,50),(439,'Heeter Force','Supera 50 récords personales.','records_totales_meta_50',50,16000,1,50),(440,'Tsukuyomi','Alcanza 360kg en Press de Banca.','rm_banca_meta_360kg',360,13000,0,51),(441,'Amaterasu','Levanta 500,000kg de volumen total.','volumen_total_meta_500000kg',500000,16000,0,51),(442,'Susanoo','Completa 450 entrenamientos.','entrenos_completados_meta_450',450,17000,0,51),(443,'Hiraishin no Jutsu','Alcanza 370kg en Press de Banca.','rm_banca_meta_370kg',370,14000,0,52),(444,'Rasengan','Mantén una racha de 250 días.','racha_dias_meta_250',250,18000,0,52),(445,'Cuarto Hokage','Supera 60 récords personales.','records_totales_meta_60',60,19000,0,52),(446,'Mokuton: Nacimiento del Mundo de Árboles','Alcanza 380kg en Press de Banca.','rm_banca_meta_380kg',380,15000,0,53),(447,'El Dios de los Shinobi','Levanta 600,000kg de volumen total.','volumen_total_meta_600000kg',600000,19000,0,53),(448,'Primer Hokage','Completa 500 entrenamientos.','entrenos_completados_meta_500',500,20000,0,53),(449,'Susanoo Perfecto','Alcanza 400kg en Press de Banca.','rm_banca_meta_400kg',400,16000,0,54),(450,'Infinite Tsukuyomi','Mantén una racha de 300 días.','racha_dias_meta_300',300,22000,0,54),(451,'Uchiha Legendario','Supera 70 récords personales.','records_totales_meta_70',70,24000,0,54),(452,'Modo Sabio Perfecto','Alcanza 420kg en Press de Banca.','rm_banca_meta_420kg',420,17000,0,55),(453,'Rasengan Gigante','Levanta 700,000kg de volumen total.','volumen_total_meta_700000kg',700000,23000,0,55),(454,'Hokage de la Nueva Era','Completa 600 entrenamientos.','entrenos_completados_meta_600',600,25000,0,55),(455,'Rinnegan Awakening','Alcanza 440kg en Press de Banca.','rm_banca_meta_440kg',440,18000,0,56),(456,'Amenotejikara','Mantén una racha de 350 días.','racha_dias_meta_350',350,26000,0,56),(457,'Último Uchiha','Supera 80 récords personales.','records_totales_meta_80',80,28000,0,56),(458,'Jinchuriki del Juubi','Alcanza 460kg en Press de Banca.','rm_banca_meta_460kg',460,19000,0,57),(459,'Kamui Dimension','Levanta 800,000kg de volumen total.','volumen_total_meta_800000kg',800000,27000,0,57),(460,'Máscara de Tobi','Completa 700 entrenamientos.','entrenos_completados_meta_700',700,30000,0,57),(461,'Diosa Conejo','Alcanza 480kg en Press de Banca.','rm_banca_meta_480kg',480,20000,0,58),(462,'All-Killing Ash Bones','Mantén una racha de 400 días.','racha_dias_meta_400',400,30000,0,58),(463,'Madre del Chakra','Supera 90 récords personales.','records_totales_meta_90',90,32000,0,58),(464,'True Bankai','Alcanza 500kg en Press de Banca.','rm_banca_meta_500kg',500,25000,0,59),(465,'Quincy-Shinigami-Hollow','Levanta 1,000,000kg de volumen total.','volumen_total_meta_1M',1000000,35000,0,59),(466,'Protector de Karakura','Completa 800 entrenamientos.','entrenos_completados_meta_800',800,38000,0,59),(467,'Kyoka Suigetsu','Alcanza 520kg en Press de Banca.','rm_banca_meta_520kg',520,30000,0,60),(468,'Hogyoku Fusion','Mantén una racha de 500 días.','racha_dias_meta_500',500,40000,0,60),(469,'Trascendencia Shinigami','Supera 100 récords personales.','records_totales_meta_100',100,45000,1,60),(470,'Dominio del Ultra Instinto','Alcanza 550kg en Press de Banca.','rm_banca_meta_550kg',550,50000,0,61),(471,'Esquiva Divina','Levanta 1,200,000kg de volumen total.','volumen_total_meta_1200000',1200000,60000,0,61),(472,'Maestría del Vacío','Completa 900 entrenamientos.','entrenos_completados_meta_900',900,65000,0,61),(473,'Poder del Ultra Ego','Alcanza 580kg en Press de Banca.','rm_banca_meta_580kg',580,55000,0,62),(474,'Voluntad de Destrucción','Mantén una racha de 600 días.','racha_dias_meta_600',600,68000,0,62),(475,'Príncipe de la Destrucción','Supera 120 récords personales.','records_totales_meta_120',120,72000,0,62),(476,'Fusión Trascendental','Alcanza 600kg en Press de Banca.','rm_banca_meta_600kg',600,60000,0,63),(477,'Stardust Breaker Cósmico','Levanta 1,600,000kg de volumen total.','volumen_total_meta_1600000',1600000,75000,0,63),(478,'Guerrero Definitivo','Completa 1100 entrenamientos.','entrenos_completados_meta_1100',1100,80000,0,63),(479,'Potara Divina','Alcanza 620kg en Press de Banca.','rm_banca_meta_620kg',620,65000,0,64),(480,'Espada de Espíritu Final','Mantén una racha de 650 días.','racha_dias_meta_650',650,82000,0,64),(481,'El Guerrero Invencible','Supera 140 récords personales.','records_totales_meta_140',140,88000,0,64),(482,'Furia Berserker','Alcanza 650kg en Press de Banca.','rm_banca_meta_650kg',650,70000,0,65),(483,'Explosión Gigante','Levanta 2,000,000kg de volumen total.','volumen_total_meta_2000000',2000000,90000,0,65),(484,'Poder Incontenible','Completa 1300 entrenamientos.','entrenos_completados_meta_1300',1300,95000,0,65),(485,'Más Allá de la Fuerza','Alcanza 680kg en Press de Banca.','rm_banca_meta_680kg',680,75000,0,66),(486,'Meditación de Poder','Mantén una racha de 700 días.','racha_dias_meta_700',700,98000,0,66),(487,'El Mortal más Fuerte','Supera 160 récords personales.','records_totales_meta_160',160,105000,0,66),(488,'Devorador de Mundos','Alcanza 700kg en Press de Banca.','rm_banca_meta_700kg',700,80000,0,67),(489,'Magia Ancestral','Levanta 2,500,000kg de volumen total.','volumen_total_meta_2500000',2500000,110000,0,67),(490,'Prisionero Galáctico','Completa 1500 entrenamientos.','entrenos_completados_meta_1500',1500,115000,0,67),(491,'Deseo Cumplido','Alcanza 750kg en Press de Banca.','rm_banca_meta_750kg',750,85000,0,68),(492,'Armamento Heeter','Mantén una racha de 750 días.','racha_dias_meta_750',750,120000,0,68),(493,'El Más Fuerte (Temporalmente)','Supera 180 récords personales.','records_totales_meta_180',180,125000,0,68),(494,'Forma Definitiva','Alcanza 800kg en Press de Banca.','rm_banca_meta_800kg',800,90000,0,69),(495,'Emperador del Universo','Levanta 3,500,000kg de volumen total.','volumen_total_meta_3500000',3500000,130000,0,69),(496,'Venganza Dorada','Completa 1700 entrenamientos.','entrenos_completados_meta_1700',1700,135000,0,69),(497,'El Ojo Certero','Alcanza 850kg en Press de Banca.','rm_banca_meta_850kg',850,95000,0,70),(498,'El Último Cerealiano','Mantén una racha de 800 días.','racha_dias_meta_800',800,140000,0,70),(499,'Punto Vital','Supera 200 récords personales.','records_totales_meta_200',200,150000,0,70),(500,'Cristal de Plata','Alcanza 900kg en Press de Banca.','rm_banca_meta_900kg',900,100000,0,71),(501,'Por el Amor y la Justicia','Levanta 5,000,000kg de volumen total.','volumen_total_meta_5000000',5000000,155000,0,71),(502,'Guerrera de la Luna','Completa 2000 entrenamientos.','entrenos_completados_meta_2000',2000,160000,0,71),(503,'Meteoro de Pegaso','Alcanza 950kg en Press de Banca.','rm_banca_meta_950kg',950,110000,0,72),(504,'Armadura Divina','Mantén una racha de 850 días.','racha_dias_meta_850',850,165000,0,72),(505,'Arde, Cosmos','Supera 220 récords personales.','records_totales_meta_220',220,170000,0,72),(506,'Explosión de Galaxias','Alcanza 1000kg en Press de Banca.','rm_banca_meta_1000kg',1000,120000,0,73),(507,'Otra Dimensión','Levanta 7,000,000kg de volumen total.','volumen_total_meta_7000000',7000000,175000,0,73),(508,'El Patriarca','Completa 2400 entrenamientos.','entrenos_completados_meta_2400',2400,180000,0,73),(509,'El Tesoro del Cielo','Alcanza 1100kg en Press de Banca.','rm_banca_meta_1100kg',1100,130000,0,74),(510,'El Hombre más Cercano a Dios','Mantén una racha de 900 días.','racha_dias_meta_900',900,185000,0,74),(511,'Sexto Sentido','Supera 250 récords personales.','records_totales_meta_250',250,190000,0,74),(512,'El Sello de Athena','Alcanza 1200kg en Press de Banca.','rm_banca_meta_1200kg',1200,140000,0,75),(513,'Diosa de la Sabiduría','Levanta 9,000,000kg de volumen total.','volumen_total_meta_9000000',9000000,200000,0,75),(514,'Protectora de la Tierra','Completa 2800 entrenamientos.','entrenos_completados_meta_2800',2800,210000,0,75),(515,'Inframundo','Alcanza 1300kg en Press de Banca.','rm_banca_meta_1300kg',1300,150000,0,76),(516,'El Gran Eclipse','Levanta 10,000,000kg de volumen total.','volumen_total_meta_10000000',10000000,220000,0,76),(517,'Rey del Inframundo','Completa 3000 entrenamientos.','entrenos_completados_meta_3000',3000,230000,0,76),(518,'Taladro Giga','Alcanza 1400kg en Press de Banca.','rm_banca_meta_1400kg',1400,160000,0,77),(519,'¡Atraviesa los Cielos!','Mantén una racha de 950 días.','racha_dias_meta_950',950,240000,0,77),(520,'Poder Espiral','Supera 280 récords personales.','records_totales_meta_280',280,250000,0,77),(521,'Universo Alterno','Alcanza 1500kg en Press de Banca.','rm_banca_meta_1500kg',1500,170000,0,78),(522,'Desesperación Infinita','Levanta 15,000,000kg de volumen total.','volumen_total_meta_15000000',15000000,260000,0,78),(523,'Némesis Espiral','Completa 3400 entrenamientos.','entrenos_completados_meta_3400',3400,270000,0,78),(524,'Giga Drill Break','Alcanza 1600kg en Press de Banca.','rm_banca_meta_1600kg',1600,180000,0,79),(525,'Probabilidad Cósmica','Mantén una racha de 1000 días (¡Casi 3 años!).','racha_dias_meta_1000',1000,280000,0,79),(526,'El Poder de la Humanidad','Supera 300 récords personales.','records_totales_meta_300',300,290000,0,79),(527,'Super Giga Drill Break','Alcanza 1700kg en Press de Banca.','rm_banca_meta_1700kg',1700,190000,0,80),(528,'Más Grande que el Universo','Levanta 20,000,000kg de volumen total.','volumen_total_meta_20000000',20000000,300000,0,80),(529,'La Voluntad Encarnada','Completa 3800 entrenamientos.','entrenos_completados_meta_3800',3800,310000,0,80),(530,'Ley del Ciclo','Alcanza 1800kg en Press de Banca.','rm_banca_meta_1800kg',1800,200000,0,81),(531,'Flecha de la Esperanza','Levanta 25,000,000kg de volumen total.','volumen_total_meta_25000000',25000000,320000,0,81),(532,'Concepto Universal','Completa 4000 entrenamientos.','entrenos_completados_meta_4000',4000,330000,0,81),(533,'Manipulación del Tiempo','Alcanza 1900kg en Press de Banca.','rm_banca_meta_1900kg',1900,220000,0,82),(534,'Reescritura del Universo','Mantén una racha de 1100 días.','racha_dias_meta_1100',1100,340000,0,82),(535,'Amor Absoluto','Supera 350 récords personales.','records_totales_meta_350',350,350000,0,82),(536,'Creación de Realidad','Alcanza 2000kg en Press de Banca.','rm_banca_meta_2000kg',2000,240000,0,83),(537,'Brigada SOS','Levanta 35,000,000kg de volumen total.','volumen_total_meta_35000000',35000000,360000,0,83),(538,'Diosa Inconsciente','Completa 4400 entrenamientos.','entrenos_completados_meta_4400',4400,370000,0,83),(539,'La Puerta de la Verdad','Alcanza 2200kg en Press de Banca.','rm_banca_meta_2200kg',2200,260000,0,84),(540,'Todo es Uno, Uno es Todo','Mantén una racha de 1200 días.','racha_dias_meta_1200',1200,380000,0,84),(541,'Conocimiento Absoluto','Supera 400 récords personales.','records_totales_meta_400',400,390000,0,84),(542,'Gold Experience Requiem','Alcanza 2400kg en Press de Banca.','rm_banca_meta_2400kg',2400,280000,0,85),(543,'Retorno a Cero','Levanta 45,000,000kg de volumen total.','volumen_total_meta_45000000',45000000,400000,0,85),(544,'El Sueño Dorado','Completa 4800 entrenamientos.','entrenos_completados_meta_4800',4800,410000,0,85),(545,'Gran Sabio','Alcanza 2600kg en Press de Banca.','rm_banca_meta_2600kg',2600,300000,0,86),(546,'Depredador','Mantén una racha de 1300 días.','racha_dias_meta_1300',1300,420000,0,86),(547,'Señor Demonio','Supera 450 récords personales.','records_totales_meta_450',450,430000,0,86),(548,'El Objetivo de Toda Vida es la Muerte','Alcanza 2800kg en Press de Banca.','rm_banca_meta_2800kg',2800,320000,0,87),(549,'Rey Hechicero','Levanta 60,000,000kg de volumen total.','volumen_total_meta_60000000',60000000,440000,0,87),(550,'Gobernante de Nazarick','Completa 5200 entrenamientos.','entrenos_completados_meta_5200',5200,450000,0,87),(551,'Puñetazo Serio','Alcanza 3000kg en Press de Banca.','rm_banca_meta_3000kg',3000,340000,0,88),(552,'Héroe por Hobby','Mantén una racha de 1400 días.','racha_dias_meta_1400',1400,460000,0,88),(553,'Limitador Roto (Real)','Supera 500 récords personales.','records_totales_meta_500',500,470000,0,88),(554,'Borrado Universal','Alcanza 3500kg en Press de Banca.','rm_banca_meta_3500kg',3500,360000,0,89),(555,'Rey de Todo','Levanta 80,000,000kg de volumen total.','volumen_total_meta_80000000',80000000,480000,0,89),(556,'Juego Cósmico','Completa 5600 entrenamientos.','entrenos_completados_meta_5600',5600,490000,0,89),(557,'Gran Sacerdote','Alcanza 4000kg en Press de Banca.','rm_banca_meta_4000kg',4000,380000,0,90),(558,'Orden Angelical','Mantén una racha de 1500 días.','racha_dias_meta_1500',1500,500000,0,90),(559,'El Ser más Poderoso','Supera 550 récords personales.','records_totales_meta_550',550,510000,0,90),(560,'Muerte Instantánea','Alcanza 4200kg en Press de Banca.','rm_banca_meta_4200kg',4200,400000,0,91),(561,'Fin de la Línea','Levanta 95,000,000kg de volumen total.','volumen_total_meta_95000000',95000000,520000,0,91),(562,'El Fin','Completa 6000 entrenamientos.','entrenos_completados_meta_6000',6000,530000,0,91),(563,'Juicio','Alcanza 4400kg en Press de Banca.','rm_banca_meta_4400kg',4400,420000,0,92),(564,'Las Mil Manos','Mantén una racha de 1600 días.','racha_dias_meta_1600',1600,540000,0,92),(565,'El Pokémon Alfa','Supera 600 récords personales.','records_totales_meta_600',600,550000,0,92),(566,'Rey Demonio','Alcanza 4600kg en Press de Banca.','rm_banca_meta_4600kg',4600,440000,0,93),(567,'Control de Historias','Levanta 110,000,000kg de volumen total.','volumen_total_meta_110000000',110000000,560000,0,93),(568,'El Futuro Rey Demonio','Completa 6400 entrenamientos.','entrenos_completados_meta_6400',6400,570000,0,93),(569,'La Bruja del Teatro','Alcanza 4800kg en Press de Banca.','rm_banca_meta_4800kg',4800,460000,0,94),(570,'Reescritura de la Trama','Mantén una racha de 1700 días.','racha_dias_meta_1700',1700,580000,0,94),(571,'La Creadora','Supera 650 récords personales.','records_totales_meta_650',650,590000,0,94),(572,'La Bruja de la Certeza','Alcanza 5000kg en Press de Banca.','rm_banca_meta_5000kg',5000,480000,0,95),(573,'Certeza Absoluta','Levanta 130,000,000kg de volumen total.','volumen_total_meta_130000000',130000000,600000,0,95),(574,'El Juego Eterno','Completa 6800 entrenamientos.','entrenos_completados_meta_6800',6800,610000,0,95),(575,'La Bruja de los Milagros','Alcanza 5200kg en Press de Banca.','rm_banca_meta_5200kg',5200,500000,0,96),(576,'Milagro Infinito','Mantén una racha de 1800 días.','racha_dias_meta_1800',1800,620000,0,96),(577,'El Gato en la Caja','Supera 700 récords personales.','records_totales_meta_700',700,630000,0,96),(578,'El Dios de Tenchi','Alcanza 5400kg en Press de Banca.','rm_banca_meta_5400kg',5400,520000,0,97),(579,'Las Alas del Light Hawk','Levanta 150,000,000kg de volumen total.','volumen_total_meta_150000000',150000000,640000,0,97),(580,'Omnipresencia','Completa 7200 entrenamientos.','entrenos_completados_meta_7200',7200,650000,0,97),(581,'El Dios Hadou','Alcanza 5600kg en Press de Banca.','rm_banca_meta_5600kg',5600,540000,0,98),(582,'La Ley del Trono','Mantén una racha de 1900 días.','racha_dias_meta_1900',1900,660000,0,98),(583,'El Único en el Cielo','Supera 750 récords personales.','records_totales_meta_750',750,670000,0,98),(584,'El Sultán Demonio Ciego e Idiota','Alcanza 5800kg en Press de Banca.','rm_banca_meta_5800kg',5800,560000,0,99),(585,'El Caos Reptante','Levanta 170,000,000kg de volumen total.','volumen_total_meta_170000000',170000000,680000,0,99),(586,'El Centro del Infinito','Completa 7600 entrenamientos.','entrenos_completados_meta_7600',7600,690000,0,99),(587,'Más Allá de la Comprensión','Completa 10000 entrenamientos.','entrenos_completados_meta_10000',10000,750000,0,100),(588,'El Uno Sobre Todo','Mantén el puesto #1 en el ranking durante 365 días.','ranking_top_1_por_365_dias',365,1000000,0,100),(589,'Trascendencia Absoluta','Levanta 100,000,000kg de volumen total.','volumen_total_meta_100M',100000000,2000000,1,100);
/*!40000 ALTER TABLE `logros_pruebalegendaria` ENABLE KEYS */;
UNLOCK TABLES;

--
-- Table structure for table `logros_pruebausuario`
--

DROP TABLE IF EXISTS `logros_pruebausuario`;
/*!40101 SET @saved_cs_client     = @@character_set_client */;
/*!50503 SET character_set_client = utf8mb4 */;
CREATE TABLE `logros_pruebausuario` (
  `id` bigint NOT NULL AUTO_INCREMENT,
  `progreso_actual` double NOT NULL,
  `completada` tinyint(1) NOT NULL,
  `fecha_completada` datetime(6) DEFAULT NULL,
  `perfil_id` bigint NOT NULL,
  `prueba_id` bigint NOT NULL,
  PRIMARY KEY (`id`),
  UNIQUE KEY `logros_pruebausuario_perfil_id_prueba_id_398168f7_uniq` (`perfil_id`,`prueba_id`),
  KEY `logros_pruebausuario_prueba_id_7f6d3649_fk_logros_pr` (`prueba_id`),
  CONSTRAINT `logros_pruebausuario_perfil_id_eb153d07_fk_logros_pe` FOREIGN KEY (`perfil_id`) REFERENCES `logros_perfilgamificacion` (`id`),
  CONSTRAINT `logros_pruebausuario_prueba_id_7f6d3649_fk_logros_pr` FOREIGN KEY (`prueba_id`) REFERENCES `logros_pruebalegendaria` (`id`)
) ENGINE=InnoDB AUTO_INCREMENT=291 DEFAULT CHARSET=utf8mb4 COLLATE=utf8mb4_unicode_ci;
/*!40101 SET character_set_client = @saved_cs_client */;

--
-- Dumping data for table `logros_pruebausuario`
--

LOCK TABLES `logros_pruebausuario` WRITE;
/*!40000 ALTER TABLE `logros_pruebausuario` DISABLE KEYS */;
INSERT INTO `logros_pruebausuario` VALUES (61,0,0,NULL,2,291),(62,1,1,'2025-08-30 08:24:07.254000',2,290),(63,1,0,NULL,2,292),(64,0,0,NULL,2,293),(93,0,0,NULL,5,291),(94,1,1,'2025-09-06 05:33:01.663000',5,290),(95,3,1,'2025-09-10 16:50:16.403000',5,292),(96,0,0,NULL,5,293),(97,0,0,NULL,5,296),(98,0,0,NULL,5,295),(99,0,0,NULL,5,294),(100,0,0,NULL,5,299),(101,0,0,NULL,5,298),(102,0,0,NULL,5,297),(103,0,0,NULL,5,302),(104,0,0,NULL,5,300),(105,0,0,NULL,5,301),(106,0,0,NULL,6,291),(107,1,1,'2025-09-29 07:27:23.667000',6,290),(108,1,0,NULL,6,292),(109,0,0,NULL,6,293),(110,0,0,NULL,5,303),(111,0,0,NULL,5,304),(112,0,0,NULL,5,305),(113,0,0,NULL,5,306),(114,0,0,NULL,5,307),(115,0,0,NULL,5,310),(116,0,0,NULL,5,309),(117,0,0,NULL,5,308),(118,0,0,NULL,5,311),(119,0,0,NULL,5,313),(120,0,0,NULL,5,312),(121,0,0,NULL,5,314),(122,0,0,NULL,5,316),(123,0,0,NULL,5,315),(124,0,0,NULL,5,319),(125,0,0,NULL,5,317),(126,0,0,NULL,5,318),(127,0,0,NULL,5,320),(128,0,0,NULL,5,322),(129,0,0,NULL,5,321),(130,0,0,NULL,5,324),(131,0,0,NULL,5,325),(132,0,0,NULL,5,323),(133,0,0,NULL,5,327),(134,0,0,NULL,5,328),(135,0,0,NULL,5,326),(136,0,0,NULL,5,330),(137,0,0,NULL,5,329),(138,0,0,NULL,5,331),(139,0,0,NULL,5,332),(140,0,0,NULL,5,334),(141,0,0,NULL,5,333),(142,0,0,NULL,2,296),(143,0,0,NULL,2,295),(144,0,0,NULL,2,294),(145,0,0,NULL,2,299),(146,0,0,NULL,2,298),(147,0,0,NULL,2,297),(148,0,0,NULL,2,302),(149,0,0,NULL,2,300),(150,0,0,NULL,2,301),(151,0,0,NULL,2,303),(152,0,0,NULL,2,304),(153,0,0,NULL,2,305),(154,0,0,NULL,2,306),(155,0,0,NULL,2,307),(156,0,0,NULL,2,310),(157,0,0,NULL,2,309),(158,0,0,NULL,2,308),(159,0,0,NULL,2,311),(160,0,0,NULL,2,313),(161,0,0,NULL,2,312),(162,0,0,NULL,2,314),(163,0,0,NULL,2,316),(164,0,0,NULL,2,315),(165,0,0,NULL,2,319),(166,0,0,NULL,2,317),(167,0,0,NULL,2,318),(168,0,0,NULL,2,320),(169,0,0,NULL,2,322),(170,0,0,NULL,2,321),(171,0,0,NULL,2,324),(172,0,0,NULL,2,325),(173,0,0,NULL,2,323),(174,0,0,NULL,2,327),(175,0,0,NULL,2,328),(176,0,0,NULL,2,326),(177,0,0,NULL,2,330),(178,0,0,NULL,2,329),(179,0,0,NULL,2,331),(180,0,0,NULL,2,332),(181,0,0,NULL,2,334),(182,0,0,NULL,2,333),(183,0,0,NULL,5,336),(184,0,0,NULL,5,337),(185,0,0,NULL,5,335),(186,0,0,NULL,5,339),(187,0,0,NULL,5,340),(188,0,0,NULL,5,338),(189,0,0,NULL,5,342),(190,0,0,NULL,5,343),(191,0,0,NULL,5,341),(192,0,0,NULL,5,345),(193,0,0,NULL,5,344),(194,0,0,NULL,5,346),(195,0,0,NULL,5,348),(196,0,0,NULL,5,347),(197,0,0,NULL,5,349),(198,0,0,NULL,5,352),(199,0,0,NULL,5,351),(200,0,0,NULL,5,350),(201,0,0,NULL,5,354),(202,0,0,NULL,5,355),(203,0,0,NULL,5,353),(204,0,0,NULL,5,358),(205,0,0,NULL,5,357),(206,0,0,NULL,5,356),(207,0,0,NULL,5,360),(208,0,0,NULL,5,361),(209,0,0,NULL,5,359),(210,0,0,NULL,5,362),(211,0,0,NULL,5,363),(212,0,0,NULL,5,364),(213,0,0,NULL,5,366),(214,0,0,NULL,5,367),(215,0,0,NULL,5,365),(216,0,0,NULL,5,369),(217,0,0,NULL,5,368),(218,0,0,NULL,5,370),(219,0,0,NULL,2,336),(220,0,0,NULL,2,337),(221,0,0,NULL,2,335),(222,0,0,NULL,2,339),(223,0,0,NULL,2,340),(224,0,0,NULL,2,338),(225,0,0,NULL,2,342),(226,0,0,NULL,2,343),(227,0,0,NULL,2,341),(228,0,0,NULL,2,345),(229,0,0,NULL,2,344),(230,0,0,NULL,2,346),(231,0,0,NULL,2,348),(232,0,0,NULL,2,347),(233,0,0,NULL,2,349),(234,0,0,NULL,2,352),(235,0,0,NULL,2,351),(236,0,0,NULL,2,350),(237,0,0,NULL,2,354),(238,0,0,NULL,2,355),(239,0,0,NULL,2,353),(240,0,0,NULL,2,358),(241,0,0,NULL,2,357),(242,0,0,NULL,2,356),(243,0,0,NULL,2,360),(244,0,0,NULL,2,361),(245,0,0,NULL,2,359),(246,0,0,NULL,2,362),(247,0,0,NULL,2,363),(248,0,0,NULL,2,364),(249,0,0,NULL,5,371),(250,0,0,NULL,5,372),(251,0,0,NULL,5,373),(252,0,0,NULL,5,376),(253,0,0,NULL,5,374),(254,0,0,NULL,5,375),(255,0,0,NULL,5,377),(256,0,0,NULL,5,378),(257,0,0,NULL,5,379),(258,0,0,NULL,5,380),(259,0,0,NULL,5,381),(260,0,0,NULL,5,382),(261,0,0,NULL,5,384),(262,0,0,NULL,5,383),(263,0,0,NULL,5,385),(264,0,0,NULL,5,386),(265,0,0,NULL,5,388),(266,0,0,NULL,5,387),(267,0,0,NULL,5,389),(268,0,0,NULL,5,391),(269,0,0,NULL,5,390),(270,0,0,NULL,5,394),(271,0,0,NULL,5,392),(272,0,0,NULL,5,393),(273,0,0,NULL,5,395),(274,0,0,NULL,5,397),(275,0,0,NULL,5,396),(276,0,0,NULL,5,400),(277,0,0,NULL,5,398),(278,0,0,NULL,5,399),(279,0,0,NULL,5,403),(280,0,0,NULL,5,401),(281,0,0,NULL,5,402),(282,0,0,NULL,5,406),(283,0,0,NULL,5,404),(284,0,0,NULL,5,405),(285,0,0,NULL,5,408),(286,0,0,NULL,5,407),(287,0,0,NULL,5,409),(288,0,0,NULL,5,410),(289,0,0,NULL,5,411),(290,0,0,NULL,5,412);
/*!40000 ALTER TABLE `logros_pruebausuario` ENABLE KEYS */;
UNLOCK TABLES;

--
-- Table structure for table `logros_quest`
--

DROP TABLE IF EXISTS `logros_quest`;
/*!40101 SET @saved_cs_client     = @@character_set_client */;
/*!50503 SET character_set_client = utf8mb4 */;
CREATE TABLE `logros_quest` (
  `id` bigint NOT NULL AUTO_INCREMENT,
  `nombre` varchar(200) COLLATE utf8mb4_unicode_ci NOT NULL,
  `descripcion` longtext COLLATE utf8mb4_unicode_ci NOT NULL,
  `periodo` varchar(20) COLLATE utf8mb4_unicode_ci NOT NULL,
  `puntos_recompensa` int unsigned NOT NULL,
  `activa` tinyint(1) NOT NULL,
  `fecha_creacion` datetime(6) NOT NULL,
  `tipo_id` bigint NOT NULL,
  PRIMARY KEY (`id`),
  KEY `logros_quest_tipo_id_5dcb5d3f_fk_logros_tipoquest_id` (`tipo_id`),
  CONSTRAINT `logros_quest_tipo_id_5dcb5d3f_fk_logros_tipoquest_id` FOREIGN KEY (`tipo_id`) REFERENCES `logros_tipoquest` (`id`),
  CONSTRAINT `logros_quest_chk_1` CHECK ((`puntos_recompensa` >= 0))
) ENGINE=InnoDB DEFAULT CHARSET=utf8mb4 COLLATE=utf8mb4_unicode_ci;
/*!40101 SET character_set_client = @saved_cs_client */;

--
-- Dumping data for table `logros_quest`
--

LOCK TABLES `logros_quest` WRITE;
/*!40000 ALTER TABLE `logros_quest` DISABLE KEYS */;
/*!40000 ALTER TABLE `logros_quest` ENABLE KEYS */;
UNLOCK TABLES;

--
-- Table structure for table `logros_questusuario`
--

DROP TABLE IF EXISTS `logros_questusuario`;
/*!40101 SET @saved_cs_client     = @@character_set_client */;
/*!50503 SET character_set_client = utf8mb4 */;
CREATE TABLE `logros_questusuario` (
  `id` bigint NOT NULL AUTO_INCREMENT,
  `progreso_actual` double NOT NULL,
  `completada` tinyint(1) NOT NULL,
  `fecha_inicio` datetime(6) NOT NULL,
  `fecha_completada` datetime(6) DEFAULT NULL,
  `perfil_id` bigint NOT NULL,
  `quest_id` bigint NOT NULL,
  PRIMARY KEY (`id`),
  UNIQUE KEY `logros_questusuario_perfil_id_quest_id_d59ed328_uniq` (`perfil_id`,`quest_id`),
  KEY `logros_questusuario_quest_id_13a21192_fk_logros_quest_id` (`quest_id`),
  CONSTRAINT `logros_questusuario_perfil_id_94d149be_fk_logros_pe` FOREIGN KEY (`perfil_id`) REFERENCES `logros_perfilgamificacion` (`id`),
  CONSTRAINT `logros_questusuario_quest_id_13a21192_fk_logros_quest_id` FOREIGN KEY (`quest_id`) REFERENCES `logros_quest` (`id`)
) ENGINE=InnoDB DEFAULT CHARSET=utf8mb4 COLLATE=utf8mb4_unicode_ci;
/*!40101 SET character_set_client = @saved_cs_client */;

--
-- Dumping data for table `logros_questusuario`
--

LOCK TABLES `logros_questusuario` WRITE;
/*!40000 ALTER TABLE `logros_questusuario` DISABLE KEYS */;
/*!40000 ALTER TABLE `logros_questusuario` ENABLE KEYS */;
UNLOCK TABLES;

--
-- Table structure for table `logros_rankingentry`
--

DROP TABLE IF EXISTS `logros_rankingentry`;
/*!40101 SET @saved_cs_client     = @@character_set_client */;
/*!50503 SET character_set_client = utf8mb4 */;
CREATE TABLE `logros_rankingentry` (
  `id` bigint NOT NULL AUTO_INCREMENT,
  `tipo_ranking` varchar(30) COLLATE utf8mb4_unicode_ci NOT NULL,
  `valor` double NOT NULL,
  `posicion` int NOT NULL,
  `fecha_actualizacion` datetime(6) NOT NULL,
  `perfil_id` bigint NOT NULL,
  `temporada_id` bigint NOT NULL,
  PRIMARY KEY (`id`),
  UNIQUE KEY `logros_rankingentry_perfil_id_temporada_id_t_c995f709_uniq` (`perfil_id`,`temporada_id`,`tipo_ranking`),
  KEY `logros_rankingentry_temporada_id_daa3d740_fk_logros_temporada_id` (`temporada_id`),
  CONSTRAINT `logros_rankingentry_perfil_id_781bcfba_fk_logros_pe` FOREIGN KEY (`perfil_id`) REFERENCES `logros_perfilgamificacion` (`id`),
  CONSTRAINT `logros_rankingentry_temporada_id_daa3d740_fk_logros_temporada_id` FOREIGN KEY (`temporada_id`) REFERENCES `logros_temporada` (`id`)
) ENGINE=InnoDB AUTO_INCREMENT=121 DEFAULT CHARSET=utf8mb4 COLLATE=utf8mb4_unicode_ci;
/*!40101 SET character_set_client = @saved_cs_client */;

--
-- Dumping data for table `logros_rankingentry`
--

LOCK TABLES `logros_rankingentry` WRITE;
/*!40000 ALTER TABLE `logros_rankingentry` DISABLE KEYS */;
INSERT INTO `logros_rankingentry` VALUES (8,'puntos_totales',126,2,'2025-08-31 17:20:32.646000',2,1),(9,'entrenamientos_mes',91,1,'2025-08-31 17:20:32.652000',2,1),(11,'racha_actual',1,1,'2025-08-31 17:20:32.661000',2,1),(13,'volumen_total',50105.5,1,'2025-08-31 17:20:32.671000',2,1),(15,'pruebas_completadas',1,1,'2025-08-31 17:20:32.681000',2,1),(17,'nivel_arquetipo',0,1,'2025-08-31 17:20:32.690000',2,1),(26,'puntos_totales',126,2,'2025-09-29 07:27:46.492000',2,2),(27,'entrenamientos_mes',0,3,'2025-09-29 07:27:46.621000',2,2),(29,'racha_actual',1,2,'2025-09-29 07:27:46.675000',2,2),(31,'volumen_total',50105.5,2,'2025-09-29 07:27:46.779000',2,2),(33,'pruebas_completadas',1,2,'2025-09-29 07:27:46.880000',2,2),(35,'nivel_arquetipo',0,2,'2025-09-29 07:27:46.976000',2,2),(37,'puntos_totales',1075,1,'2025-09-29 07:27:46.464000',5,2),(38,'entrenamientos_mes',17,1,'2025-09-29 07:27:46.569000',5,2),(39,'racha_actual',3,1,'2025-09-29 07:27:46.650000',5,2),(40,'volumen_total',96026,1,'2025-09-29 07:27:46.754000',5,2),(41,'pruebas_completadas',2,1,'2025-09-29 07:27:46.854000',5,2),(42,'nivel_arquetipo',1000,1,'2025-09-29 07:27:46.947000',5,2),(43,'puntos_totales',106,3,'2025-09-29 07:27:46.524000',6,2),(44,'entrenamientos_mes',1,2,'2025-09-29 07:27:46.589000',6,2),(45,'racha_actual',1,3,'2025-09-29 07:27:46.711000',6,2),(46,'volumen_total',6240,3,'2025-09-29 07:27:46.811000',6,2),(47,'pruebas_completadas',1,3,'2025-09-29 07:27:46.903000',6,2),(48,'nivel_arquetipo',0,3,'2025-09-29 07:27:47.007000',6,2),(49,'puntos_totales',1769,1,'2025-10-24 20:10:38.143000',5,3),(50,'puntos_totales',126,2,'2025-10-24 20:10:38.165000',2,3),(51,'puntos_totales',106,3,'2025-10-24 20:10:38.186000',6,3),(52,'entrenamientos_mes',10,1,'2025-10-24 20:10:38.219000',5,3),(53,'entrenamientos_mes',0,2,'2025-10-24 20:10:38.243000',2,3),(54,'entrenamientos_mes',0,3,'2025-10-24 20:10:38.265000',6,3),(55,'racha_actual',5,1,'2025-10-24 20:10:38.289000',5,3),(56,'racha_actual',1,2,'2025-10-24 20:10:38.311000',2,3),(57,'racha_actual',1,3,'2025-10-24 20:10:38.332000',6,3),(58,'volumen_total',178938,1,'2025-10-24 20:10:38.369000',5,3),(59,'volumen_total',50105.5,2,'2025-10-24 20:10:38.390000',2,3),(60,'volumen_total',6240,3,'2025-10-24 20:10:38.411000',6,3),(61,'pruebas_completadas',2,1,'2025-10-24 20:10:38.441000',5,3),(62,'pruebas_completadas',1,2,'2025-10-24 20:10:38.462000',2,3),(63,'pruebas_completadas',1,3,'2025-10-24 20:10:38.485000',6,3),(64,'nivel_arquetipo',1750,1,'2025-10-24 20:10:38.515000',5,3),(65,'nivel_arquetipo',0,2,'2025-10-24 20:10:38.535000',2,3),(66,'nivel_arquetipo',0,3,'2025-10-24 20:10:38.556000',6,3),(67,'puntos_totales',2091,1,'2025-11-03 18:58:29.696000',5,4),(68,'puntos_totales',126,2,'2025-11-03 18:58:29.724000',2,4),(69,'puntos_totales',106,3,'2025-11-03 18:58:29.751000',6,4),(70,'entrenamientos_mes',0,1,'2025-11-03 18:58:29.793000',2,4),(71,'entrenamientos_mes',0,2,'2025-11-03 18:58:29.820000',5,4),(72,'entrenamientos_mes',0,3,'2025-11-03 18:58:29.846000',6,4),(73,'racha_actual',1,1,'2025-11-03 18:58:29.876000',2,4),(74,'racha_actual',1,2,'2025-11-03 18:58:29.903000',5,4),(75,'racha_actual',1,3,'2025-11-03 18:58:29.926000',6,4),(76,'volumen_total',220407,1,'2025-11-03 18:58:29.979000',5,4),(77,'volumen_total',50105.5,2,'2025-11-03 18:58:30.009000',2,4),(78,'volumen_total',6240,3,'2025-11-03 18:58:30.037000',6,4),(79,'pruebas_completadas',2,1,'2025-11-03 18:58:30.090000',5,4),(80,'pruebas_completadas',1,2,'2025-11-03 18:58:30.120000',2,4),(81,'pruebas_completadas',1,3,'2025-11-03 18:58:30.156000',6,4),(82,'nivel_arquetipo',2000,1,'2025-11-03 18:58:30.202000',5,4),(83,'nivel_arquetipo',0,2,'2025-11-03 18:58:30.234000',2,4),(84,'nivel_arquetipo',0,3,'2025-11-03 18:58:30.268000',6,4),(85,'puntos_totales',3905,1,'2025-12-23 21:05:09.620000',5,5),(86,'puntos_totales',126,2,'2025-12-23 21:05:09.645000',2,5),(87,'puntos_totales',106,3,'2025-12-23 21:05:09.668000',6,5),(88,'entrenamientos_mes',17,1,'2025-12-23 21:05:09.711000',5,5),(89,'entrenamientos_mes',0,2,'2025-12-23 21:05:09.738000',2,5),(90,'entrenamientos_mes',0,3,'2025-12-23 21:05:09.766000',6,5),(91,'racha_actual',1,1,'2025-12-23 21:05:09.799000',2,5),(92,'racha_actual',1,2,'2025-12-23 21:05:09.829000',5,5),(93,'racha_actual',1,3,'2025-12-23 21:05:09.857000',6,5),(94,'volumen_total',412749.5,1,'2025-12-23 21:05:09.909000',5,5),(95,'volumen_total',50105.5,2,'2025-12-23 21:05:09.939000',2,5),(96,'volumen_total',6240,3,'2025-12-23 21:05:09.968000',6,5),(97,'pruebas_completadas',2,1,'2025-12-23 21:05:10.019000',5,5),(98,'pruebas_completadas',1,2,'2025-12-23 21:05:10.044000',2,5),(99,'pruebas_completadas',1,3,'2025-12-23 21:05:10.072000',6,5),(100,'nivel_arquetipo',3500,1,'2025-12-23 21:05:10.118000',5,5),(101,'nivel_arquetipo',0,2,'2025-12-23 21:05:10.143000',2,5),(102,'nivel_arquetipo',0,3,'2025-12-23 21:05:10.168000',6,5),(103,'puntos_totales',17536,1,'2026-02-09 19:02:40.097000',5,6),(104,'puntos_totales',10352,2,'2026-02-09 19:02:40.122000',2,6),(105,'puntos_totales',230,3,'2026-02-09 19:02:40.146000',6,6),(106,'entrenamientos_mes',7,1,'2026-02-09 19:02:40.184000',5,6),(107,'entrenamientos_mes',0,2,'2026-02-09 19:02:40.207000',2,6),(108,'entrenamientos_mes',0,3,'2026-02-09 19:02:40.228000',6,6),(109,'racha_actual',3,1,'2026-02-09 19:02:40.255000',5,6),(110,'racha_actual',1,2,'2026-02-09 19:02:40.279000',2,6),(111,'racha_actual',1,3,'2026-02-09 19:02:40.306000',6,6),(112,'volumen_total',678075,1,'2026-02-09 19:02:40.345000',5,6),(113,'volumen_total',50105.5,2,'2026-02-09 19:02:40.373000',2,6),(114,'volumen_total',6240,3,'2026-02-09 19:02:40.401000',6,6),(115,'pruebas_completadas',2,1,'2026-02-09 19:02:40.440000',5,6),(116,'pruebas_completadas',1,2,'2026-02-09 19:02:40.468000',2,6),(117,'pruebas_completadas',1,3,'2026-02-09 19:02:40.491000',6,6),(118,'nivel_arquetipo',17500,1,'2026-02-09 19:02:40.525000',5,6),(119,'nivel_arquetipo',10000,2,'2026-02-09 19:02:40.550000',2,6),(120,'nivel_arquetipo',0,3,'2026-02-09 19:02:40.573000',6,6);
/*!40000 ALTER TABLE `logros_rankingentry` ENABLE KEYS */;
UNLOCK TABLES;

--
-- Table structure for table `logros_temporada`
--

DROP TABLE IF EXISTS `logros_temporada`;
/*!40101 SET @saved_cs_client     = @@character_set_client */;
/*!50503 SET character_set_client = utf8mb4 */;
CREATE TABLE `logros_temporada` (
  `id` bigint NOT NULL AUTO_INCREMENT,
  `nombre` varchar(100) COLLATE utf8mb4_unicode_ci NOT NULL,
  `tipo` varchar(20) COLLATE utf8mb4_unicode_ci NOT NULL,
  `fecha_inicio` datetime(6) NOT NULL,
  `fecha_fin` datetime(6) NOT NULL,
  `activa` tinyint(1) NOT NULL,
  `descripcion` longtext COLLATE utf8mb4_unicode_ci NOT NULL,
  `premio_descripcion` longtext COLLATE utf8mb4_unicode_ci NOT NULL,
  PRIMARY KEY (`id`)
) ENGINE=InnoDB AUTO_INCREMENT=7 DEFAULT CHARSET=utf8mb4 COLLATE=utf8mb4_unicode_ci;
/*!40101 SET character_set_client = @saved_cs_client */;

--
-- Dumping data for table `logros_temporada`
--

LOCK TABLES `logros_temporada` WRITE;
/*!40000 ALTER TABLE `logros_temporada` DISABLE KEYS */;
INSERT INTO `logros_temporada` VALUES (1,'Temporada August 2025','mensual','2025-08-01 00:00:00.000000','2025-08-31 23:59:59.000000',1,'Competencia mensual de August 2025','Reconocimiento especial y puntos bonus'),(2,'Temporada September 2025','mensual','2025-09-01 00:00:00.000000','2025-09-30 23:59:59.000000',1,'Competencia mensual de September 2025','Reconocimiento especial y puntos bonus'),(3,'Temporada October 2025','mensual','2025-10-01 00:00:00.000000','2025-10-31 23:59:59.000000',1,'Competencia mensual de October 2025','Reconocimiento especial y puntos bonus'),(4,'Temporada November 2025','mensual','2025-11-01 00:00:00.000000','2025-11-30 23:59:59.000000',1,'Competencia mensual de November 2025','Reconocimiento especial y puntos bonus'),(5,'Temporada December 2025','mensual','2025-12-01 00:00:00.000000','2025-12-31 23:59:59.000000',1,'Competencia mensual de December 2025','Reconocimiento especial y puntos bonus'),(6,'Temporada February 2026','mensual','2026-02-01 00:00:00.000000','2026-02-28 23:59:59.000000',1,'Competencia mensual de February 2026','Reconocimiento especial y puntos bonus');
/*!40000 ALTER TABLE `logros_temporada` ENABLE KEYS */;
UNLOCK TABLES;

--
-- Table structure for table `logros_tipoquest`
--

DROP TABLE IF EXISTS `logros_tipoquest`;
/*!40101 SET @saved_cs_client     = @@character_set_client */;
/*!50503 SET character_set_client = utf8mb4 */;
CREATE TABLE `logros_tipoquest` (
  `id` bigint NOT NULL AUTO_INCREMENT,
  `nombre` varchar(50) COLLATE utf8mb4_unicode_ci NOT NULL,
  `descripcion` longtext COLLATE utf8mb4_unicode_ci NOT NULL,
  `icono` varchar(50) COLLATE utf8mb4_unicode_ci NOT NULL,
  PRIMARY KEY (`id`),
  UNIQUE KEY `nombre` (`nombre`)
) ENGINE=InnoDB DEFAULT CHARSET=utf8mb4 COLLATE=utf8mb4_unicode_ci;
/*!40101 SET character_set_client = @saved_cs_client */;

--
-- Dumping data for table `logros_tipoquest`
--

LOCK TABLES `logros_tipoquest` WRITE;
/*!40000 ALTER TABLE `logros_tipoquest` DISABLE KEYS */;
/*!40000 ALTER TABLE `logros_tipoquest` ENABLE KEYS */;
UNLOCK TABLES;

--
-- Table structure for table `logros_tituloespecial`
--

DROP TABLE IF EXISTS `logros_tituloespecial`;
/*!40101 SET @saved_cs_client     = @@character_set_client */;
/*!50503 SET character_set_client = utf8mb4 */;
CREATE TABLE `logros_tituloespecial` (
  `id` bigint NOT NULL AUTO_INCREMENT,
  `nombre` varchar(100) COLLATE utf8mb4_unicode_ci NOT NULL,
  `descripcion` longtext COLLATE utf8mb4_unicode_ci NOT NULL,
  `icono` varchar(10) COLLATE utf8mb4_unicode_ci NOT NULL,
  `color_hex` varchar(7) COLLATE utf8mb4_unicode_ci NOT NULL,
  `condicion_tipo` varchar(50) COLLATE utf8mb4_unicode_ci NOT NULL,
  `condicion_valor` double NOT NULL,
  `es_temporal` tinyint(1) NOT NULL,
  `puntos_bonus` int NOT NULL,
  PRIMARY KEY (`id`)
) ENGINE=InnoDB AUTO_INCREMENT=4 DEFAULT CHARSET=utf8mb4 COLLATE=utf8mb4_unicode_ci;
/*!40101 SET character_set_client = @saved_cs_client */;

--
-- Dumping data for table `logros_tituloespecial`
--

LOCK TABLES `logros_tituloespecial` WRITE;
/*!40000 ALTER TABLE `logros_tituloespecial` DISABLE KEYS */;
INSERT INTO `logros_tituloespecial` VALUES (1,'Señor de la Leyenda','Alcanzó la Liga de Leyendas','🏆','#FF0000','liga',500000,0,5000),(2,'Cazador de Récords','Ha superado 10 récords personales','🎯','#00FF00','records_totales',10,0,800),(3,'El Invencible','#1 en puntos totales por 7 días consecutivos','🛡️','#4169E1','ranking_top_dias',7,1,3000);
/*!40000 ALTER TABLE `logros_tituloespecial` ENABLE KEYS */;
UNLOCK TABLES;

--
-- Table structure for table `nutricion_app_django_calculonivel1`
--

DROP TABLE IF EXISTS `nutricion_app_django_calculonivel1`;
/*!40101 SET @saved_cs_client     = @@character_set_client */;
/*!50503 SET character_set_client = utf8mb4 */;
CREATE TABLE `nutricion_app_django_calculonivel1` (
  `id` bigint NOT NULL AUTO_INCREMENT,
  `calorias_mantenimiento` double NOT NULL,
  `calorias_objetivo` double NOT NULL,
  `factor_actividad` double NOT NULL,
  `deficit_superavit_porcentaje` double NOT NULL,
  `metodo_calculo` varchar(50) COLLATE utf8mb4_unicode_ci NOT NULL,
  `fecha_calculo` datetime(6) NOT NULL,
  `user_profile_id` bigint NOT NULL,
  PRIMARY KEY (`id`),
  KEY `nutricion_app_django_user_profile_id_331c56f5_fk_nutricion` (`user_profile_id`),
  CONSTRAINT `nutricion_app_django_user_profile_id_331c56f5_fk_nutricion` FOREIGN KEY (`user_profile_id`) REFERENCES `nutricion_app_django_userprofile` (`id`)
) ENGINE=InnoDB AUTO_INCREMENT=3 DEFAULT CHARSET=utf8mb4 COLLATE=utf8mb4_unicode_ci;
/*!40101 SET character_set_client = @saved_cs_client */;

--
-- Dumping data for table `nutricion_app_django_calculonivel1`
--

LOCK TABLES `nutricion_app_django_calculonivel1` WRITE;
/*!40000 ALTER TABLE `nutricion_app_django_calculonivel1` DISABLE KEYS */;
INSERT INTO `nutricion_app_django_calculonivel1` VALUES (1,3378,3885,1.85,15,'','2025-08-30 15:34:51.702000',1),(2,3378,3885,1.85,15,'','2025-08-30 15:35:08.587000',1);
/*!40000 ALTER TABLE `nutricion_app_django_calculonivel1` ENABLE KEYS */;
UNLOCK TABLES;

--
-- Table structure for table `nutricion_app_django_calculonivel2`
--

DROP TABLE IF EXISTS `nutricion_app_django_calculonivel2`;
/*!40101 SET @saved_cs_client     = @@character_set_client */;
/*!50503 SET character_set_client = utf8mb4 */;
CREATE TABLE `nutricion_app_django_calculonivel2` (
  `id` bigint NOT NULL AUTO_INCREMENT,
  `proteina_gramos` double NOT NULL,
  `grasa_gramos` double NOT NULL,
  `carbohidratos_gramos` double NOT NULL,
  `proteina_calorias` double NOT NULL,
  `grasa_calorias` double NOT NULL,
  `carbohidratos_calorias` double NOT NULL,
  `proteina_porcentaje` double NOT NULL,
  `grasa_porcentaje` double NOT NULL,
  `carbohidratos_porcentaje` double NOT NULL,
  `fecha_calculo` datetime(6) NOT NULL,
  `user_profile_id` bigint NOT NULL,
  PRIMARY KEY (`id`),
  KEY `nutricion_app_django_user_profile_id_fb314760_fk_nutricion` (`user_profile_id`),
  CONSTRAINT `nutricion_app_django_user_profile_id_fb314760_fk_nutricion` FOREIGN KEY (`user_profile_id`) REFERENCES `nutricion_app_django_userprofile` (`id`)
) ENGINE=InnoDB AUTO_INCREMENT=2 DEFAULT CHARSET=utf8mb4 COLLATE=utf8mb4_unicode_ci;
/*!40101 SET character_set_client = @saved_cs_client */;

--
-- Dumping data for table `nutricion_app_django_calculonivel2`
--

LOCK TABLES `nutricion_app_django_calculonivel2` WRITE;
/*!40000 ALTER TABLE `nutricion_app_django_calculonivel2` DISABLE KEYS */;
INSERT INTO `nutricion_app_django_calculonivel2` VALUES (1,157.7,107.9,570.7,631,971,2283,16.2,25,58.8,'2025-08-30 15:35:24.940000',1);
/*!40000 ALTER TABLE `nutricion_app_django_calculonivel2` ENABLE KEYS */;
UNLOCK TABLES;

--
-- Table structure for table `nutricion_app_django_configuracionnivel3`
--

DROP TABLE IF EXISTS `nutricion_app_django_configuracionnivel3`;
/*!40101 SET @saved_cs_client     = @@character_set_client */;
/*!50503 SET character_set_client = utf8mb4 */;
CREATE TABLE `nutricion_app_django_configuracionnivel3` (
  `id` bigint NOT NULL AUTO_INCREMENT,
  `agua_litros` double DEFAULT NULL,
  `frutas_porciones` int DEFAULT NULL,
  `verduras_porciones` int DEFAULT NULL,
  `suplementos_recomendados` longtext COLLATE utf8mb4_unicode_ci,
  `fecha_configuracion` datetime(6) NOT NULL,
  `user_profile_id` bigint NOT NULL,
  PRIMARY KEY (`id`),
  KEY `nutricion_app_django_user_profile_id_03221da9_fk_nutricion` (`user_profile_id`),
  CONSTRAINT `nutricion_app_django_user_profile_id_03221da9_fk_nutricion` FOREIGN KEY (`user_profile_id`) REFERENCES `nutricion_app_django_userprofile` (`id`)
) ENGINE=InnoDB AUTO_INCREMENT=2 DEFAULT CHARSET=utf8mb4 COLLATE=utf8mb4_unicode_ci;
/*!40101 SET character_set_client = @saved_cs_client */;

--
-- Dumping data for table `nutricion_app_django_configuracionnivel3`
--

LOCK TABLES `nutricion_app_django_configuracionnivel3` WRITE;
/*!40000 ALTER TABLE `nutricion_app_django_configuracionnivel3` DISABLE KEYS */;
INSERT INTO `nutricion_app_django_configuracionnivel3` VALUES (1,2.905,NULL,NULL,NULL,'2025-08-30 15:35:40.105000',1);
/*!40000 ALTER TABLE `nutricion_app_django_configuracionnivel3` ENABLE KEYS */;
UNLOCK TABLES;

--
-- Table structure for table `nutricion_app_django_configuracionnivel4`
--

DROP TABLE IF EXISTS `nutricion_app_django_configuracionnivel4`;
/*!40101 SET @saved_cs_client     = @@character_set_client */;
/*!50503 SET character_set_client = utf8mb4 */;
CREATE TABLE `nutricion_app_django_configuracionnivel4` (
  `id` bigint NOT NULL AUTO_INCREMENT,
  `comidas_por_dia` int DEFAULT NULL,
  `timing_pre_entreno` longtext COLLATE utf8mb4_unicode_ci,
  `timing_post_entreno` longtext COLLATE utf8mb4_unicode_ci,
  `distribucion_macros` longtext COLLATE utf8mb4_unicode_ci,
  `refeeds_configurados` tinyint(1) NOT NULL,
  `fecha_configuracion` datetime(6) NOT NULL,
  `user_profile_id` bigint NOT NULL,
  PRIMARY KEY (`id`),
  KEY `nutricion_app_django_user_profile_id_eae45e01_fk_nutricion` (`user_profile_id`),
  CONSTRAINT `nutricion_app_django_user_profile_id_eae45e01_fk_nutricion` FOREIGN KEY (`user_profile_id`) REFERENCES `nutricion_app_django_userprofile` (`id`)
) ENGINE=InnoDB AUTO_INCREMENT=2 DEFAULT CHARSET=utf8mb4 COLLATE=utf8mb4_unicode_ci;
/*!40101 SET character_set_client = @saved_cs_client */;

--
-- Dumping data for table `nutricion_app_django_configuracionnivel4`
--

LOCK TABLES `nutricion_app_django_configuracionnivel4` WRITE;
/*!40000 ALTER TABLE `nutricion_app_django_configuracionnivel4` DISABLE KEYS */;
INSERT INTO `nutricion_app_django_configuracionnivel4` VALUES (1,5,'comida_completa','comida_completa','uniforme',0,'2025-08-30 15:35:52.151000',1);
/*!40000 ALTER TABLE `nutricion_app_django_configuracionnivel4` ENABLE KEYS */;
UNLOCK TABLES;

--
-- Table structure for table `nutricion_app_django_configuracionnivel5`
--

DROP TABLE IF EXISTS `nutricion_app_django_configuracionnivel5`;
/*!40101 SET @saved_cs_client     = @@character_set_client */;
/*!50503 SET character_set_client = utf8mb4 */;
CREATE TABLE `nutricion_app_django_configuracionnivel5` (
  `id` bigint NOT NULL AUTO_INCREMENT,
  `creatina` tinyint(1) NOT NULL,
  `proteina_polvo` tinyint(1) NOT NULL,
  `multivitaminico` tinyint(1) NOT NULL,
  `omega3` tinyint(1) NOT NULL,
  `vitamina_d` tinyint(1) NOT NULL,
  `otros_suplementos` longtext COLLATE utf8mb4_unicode_ci,
  `fecha_configuracion` datetime(6) NOT NULL,
  `user_profile_id` bigint NOT NULL,
  PRIMARY KEY (`id`),
  KEY `nutricion_app_django_user_profile_id_07c70209_fk_nutricion` (`user_profile_id`),
  CONSTRAINT `nutricion_app_django_user_profile_id_07c70209_fk_nutricion` FOREIGN KEY (`user_profile_id`) REFERENCES `nutricion_app_django_userprofile` (`id`)
) ENGINE=InnoDB AUTO_INCREMENT=2 DEFAULT CHARSET=utf8mb4 COLLATE=utf8mb4_unicode_ci;
/*!40101 SET character_set_client = @saved_cs_client */;

--
-- Dumping data for table `nutricion_app_django_configuracionnivel5`
--

LOCK TABLES `nutricion_app_django_configuracionnivel5` WRITE;
/*!40000 ALTER TABLE `nutricion_app_django_configuracionnivel5` DISABLE KEYS */;
INSERT INTO `nutricion_app_django_configuracionnivel5` VALUES (1,1,1,1,0,0,'','2025-08-30 15:35:59.877000',1);
/*!40000 ALTER TABLE `nutricion_app_django_configuracionnivel5` ENABLE KEYS */;
UNLOCK TABLES;

--
-- Table structure for table `nutricion_app_django_progresonivel`
--

DROP TABLE IF EXISTS `nutricion_app_django_progresonivel`;
/*!40101 SET @saved_cs_client     = @@character_set_client */;
/*!50503 SET character_set_client = utf8mb4 */;
CREATE TABLE `nutricion_app_django_progresonivel` (
  `id` bigint NOT NULL AUTO_INCREMENT,
  `nivel` int NOT NULL,
  `completado` tinyint(1) NOT NULL,
  `fecha_completado` datetime(6) DEFAULT NULL,
  `datos_json` json DEFAULT NULL,
  `user_profile_id` bigint NOT NULL,
  PRIMARY KEY (`id`),
  UNIQUE KEY `nutricion_app_django_pro_user_profile_id_nivel_2e0fb83f_uniq` (`user_profile_id`,`nivel`),
  CONSTRAINT `nutricion_app_django_user_profile_id_bdc2b30b_fk_nutricion` FOREIGN KEY (`user_profile_id`) REFERENCES `nutricion_app_django_userprofile` (`id`)
) ENGINE=InnoDB AUTO_INCREMENT=6 DEFAULT CHARSET=utf8mb4 COLLATE=utf8mb4_unicode_ci;
/*!40101 SET character_set_client = @saved_cs_client */;

--
-- Dumping data for table `nutricion_app_django_progresonivel`
--

LOCK TABLES `nutricion_app_django_progresonivel` WRITE;
/*!40000 ALTER TABLE `nutricion_app_django_progresonivel` DISABLE KEYS */;
INSERT INTO `nutricion_app_django_progresonivel` VALUES (1,1,1,'2025-08-30 15:35:08.588000',NULL,1),(2,2,1,'2025-08-30 15:35:24.942000',NULL,1),(3,3,1,'2025-08-30 15:35:40.107000',NULL,1),(4,4,1,'2025-08-30 15:35:52.158000',NULL,1),(5,5,1,'2025-08-30 15:35:59.884000',NULL,1);
/*!40000 ALTER TABLE `nutricion_app_django_progresonivel` ENABLE KEYS */;
UNLOCK TABLES;

--
-- Table structure for table `nutricion_app_django_seguimientopeso`
--

DROP TABLE IF EXISTS `nutricion_app_django_seguimientopeso`;
/*!40101 SET @saved_cs_client     = @@character_set_client */;
/*!50503 SET character_set_client = utf8mb4 */;
CREATE TABLE `nutricion_app_django_seguimientopeso` (
  `id` bigint NOT NULL AUTO_INCREMENT,
  `peso` double NOT NULL,
  `fecha_registro` datetime(6) NOT NULL,
  `notas` longtext COLLATE utf8mb4_unicode_ci,
  `user_profile_id` bigint NOT NULL,
  PRIMARY KEY (`id`),
  KEY `nutricion_app_django_user_profile_id_2b91863f_fk_nutricion` (`user_profile_id`),
  CONSTRAINT `nutricion_app_django_user_profile_id_2b91863f_fk_nutricion` FOREIGN KEY (`user_profile_id`) REFERENCES `nutricion_app_django_userprofile` (`id`)
) ENGINE=InnoDB AUTO_INCREMENT=6 DEFAULT CHARSET=utf8mb4 COLLATE=utf8mb4_unicode_ci;
/*!40101 SET character_set_client = @saved_cs_client */;

--
-- Dumping data for table `nutricion_app_django_seguimientopeso`
--

LOCK TABLES `nutricion_app_django_seguimientopeso` WRITE;
/*!40000 ALTER TABLE `nutricion_app_django_seguimientopeso` DISABLE KEYS */;
INSERT INTO `nutricion_app_django_seguimientopeso` VALUES (1,83,'2025-08-30 15:36:11.883000','',1),(2,83,'2025-09-27 18:28:56.039000','',1),(3,82.9,'2025-09-28 17:57:05.925000','',1),(4,83.8,'2025-10-11 06:53:52.949000','',1),(5,84,'2025-10-18 09:05:06.903000','',1);
/*!40000 ALTER TABLE `nutricion_app_django_seguimientopeso` ENABLE KEYS */;
UNLOCK TABLES;

--
-- Table structure for table `nutricion_app_django_userprofile`
--

DROP TABLE IF EXISTS `nutricion_app_django_userprofile`;
/*!40101 SET @saved_cs_client     = @@character_set_client */;
/*!50503 SET character_set_client = utf8mb4 */;
CREATE TABLE `nutricion_app_django_userprofile` (
  `id` bigint NOT NULL AUTO_INCREMENT,
  `edad` int NOT NULL,
  `sexo` varchar(10) COLLATE utf8mb4_unicode_ci NOT NULL,
  `peso` double NOT NULL,
  `altura` int NOT NULL,
  `nivel_actividad` varchar(50) COLLATE utf8mb4_unicode_ci NOT NULL,
  `objetivo` varchar(50) COLLATE utf8mb4_unicode_ci NOT NULL,
  `experiencia` varchar(50) COLLATE utf8mb4_unicode_ci NOT NULL,
  `fecha_creacion` datetime(6) NOT NULL,
  `user_id` int NOT NULL,
  PRIMARY KEY (`id`),
  UNIQUE KEY `user_id` (`user_id`),
  CONSTRAINT `nutricion_app_django_user_id_d99f017a_fk_auth_user` FOREIGN KEY (`user_id`) REFERENCES `auth_user` (`id`)
) ENGINE=InnoDB AUTO_INCREMENT=2 DEFAULT CHARSET=utf8mb4 COLLATE=utf8mb4_unicode_ci;
/*!40101 SET character_set_client = @saved_cs_client */;

--
-- Dumping data for table `nutricion_app_django_userprofile`
--

LOCK TABLES `nutricion_app_django_userprofile` WRITE;
/*!40000 ALTER TABLE `nutricion_app_django_userprofile` DISABLE KEYS */;
INSERT INTO `nutricion_app_django_userprofile` VALUES (1,47,'Masculino',87,186,'Ligeramente activo','Ganancia muscular','Avanzado','2025-08-30 15:34:29.836000',3);
/*!40000 ALTER TABLE `nutricion_app_django_userprofile` ENABLE KEYS */;
UNLOCK TABLES;

--
-- Table structure for table `rutinas_asignacion`
--

DROP TABLE IF EXISTS `rutinas_asignacion`;
/*!40101 SET @saved_cs_client     = @@character_set_client */;
/*!50503 SET character_set_client = utf8mb4 */;
CREATE TABLE `rutinas_asignacion` (
  `id` bigint NOT NULL AUTO_INCREMENT,
  `cliente_id` bigint NOT NULL,
  `programa_id` bigint NOT NULL,
  PRIMARY KEY (`id`),
  KEY `rutinas_asignacion_cliente_id_afca0777_fk_clientes_cliente_id` (`cliente_id`),
  KEY `rutinas_asignacion_programa_id_6c0f6769_fk_rutinas_programa_id` (`programa_id`),
  CONSTRAINT `rutinas_asignacion_cliente_id_afca0777_fk_clientes_cliente_id` FOREIGN KEY (`cliente_id`) REFERENCES `clientes_cliente` (`id`),
  CONSTRAINT `rutinas_asignacion_programa_id_6c0f6769_fk_rutinas_programa_id` FOREIGN KEY (`programa_id`) REFERENCES `rutinas_programa` (`id`)
) ENGINE=InnoDB DEFAULT CHARSET=utf8mb4 COLLATE=utf8mb4_unicode_ci;
/*!40101 SET character_set_client = @saved_cs_client */;

--
-- Dumping data for table `rutinas_asignacion`
--

LOCK TABLES `rutinas_asignacion` WRITE;
/*!40000 ALTER TABLE `rutinas_asignacion` DISABLE KEYS */;
/*!40000 ALTER TABLE `rutinas_asignacion` ENABLE KEYS */;
UNLOCK TABLES;

--
-- Table structure for table `rutinas_ejerciciobase`
--

DROP TABLE IF EXISTS `rutinas_ejerciciobase`;
/*!40101 SET @saved_cs_client     = @@character_set_client */;
/*!50503 SET character_set_client = utf8mb4 */;
CREATE TABLE `rutinas_ejerciciobase` (
  `id` bigint NOT NULL AUTO_INCREMENT,
  `nombre` varchar(100) COLLATE utf8mb4_unicode_ci NOT NULL,
  `grupo_muscular` varchar(100) COLLATE utf8mb4_unicode_ci NOT NULL,
  `equipo` varchar(100) COLLATE utf8mb4_unicode_ci DEFAULT NULL,
  `risk_tags` json NOT NULL DEFAULT (_utf8mb4'[]'),
  `tipo_progresion` varchar(25) COLLATE utf8mb4_unicode_ci NOT NULL,
  PRIMARY KEY (`id`),
  UNIQUE KEY `nombre` (`nombre`)
) ENGINE=InnoDB AUTO_INCREMENT=116 DEFAULT CHARSET=utf8mb4 COLLATE=utf8mb4_unicode_ci;
/*!40101 SET character_set_client = @saved_cs_client */;

--
-- Dumping data for table `rutinas_ejerciciobase`
--

LOCK TABLES `rutinas_ejerciciobase` WRITE;
/*!40000 ALTER TABLE `rutinas_ejerciciobase` DISABLE KEYS */;
INSERT INTO `rutinas_ejerciciobase` VALUES (1,'Press en máquina','Hombros',NULL,'[]','peso_reps'),(2,'Elevaciones laterales','Hombros',NULL,'[]','peso_reps'),(3,'Elevaciones frontales','Hombros',NULL,'[]','peso_reps'),(4,'Pájaros (elevaciones posteriores)','Hombros',NULL,'[]','peso_reps'),(5,'Face pull','Hombros',NULL,'[]','peso_reps'),(6,'Encogimientos con mancuernas','Hombros',NULL,'[]','peso_reps'),(7,'Curl con barra','Bíceps',NULL,'[]','peso_reps'),(8,'Curl alterno con mancuernas','Bíceps',NULL,'[]','peso_reps'),(9,'Curl martillo','Bíceps',NULL,'[]','peso_reps'),(10,'Curl concentración','Bíceps',NULL,'[]','peso_reps'),(11,'Curl en banco scott','Bíceps',NULL,'[]','peso_reps'),(12,'Curl en polea baja','Bíceps',NULL,'[]','peso_reps'),(13,'Fondos en paralelas (tríceps)','Tríceps',NULL,'[]','peso_reps'),(14,'Extensión en polea alta','Tríceps',NULL,'[]','peso_reps'),(15,'Press francés','Tríceps',NULL,'[]','peso_reps'),(16,'Patada de tríceps','Tríceps',NULL,'[]','peso_reps'),(17,'Extensión con mancuerna sobre cabeza','Tríceps',NULL,'[]','peso_reps'),(18,'Crunch abdominal','Core',NULL,'[]','peso_reps'),(19,'Crunch en máquina','Core',NULL,'[]','peso_reps'),(20,'Plancha','Core',NULL,'[]','peso_reps'),(21,'Elevaciones de piernas colgado','Core',NULL,'[]','progresion_reps'),(22,'Tijeras abdominales','Core',NULL,'[]','peso_reps'),(23,'Rueda abdominal','Core',NULL,'[]','peso_reps'),(24,'Twist ruso con disco','Core',NULL,'[]','peso_reps'),(25,'Cinta de correr','Cardio',NULL,'[]','peso_reps'),(26,'Bicicleta estática','Cardio',NULL,'[]','peso_reps'),(27,'Elíptica','Cardio',NULL,'[]','peso_reps'),(28,'Remo ergómetro','Cardio',NULL,'[]','peso_reps'),(29,'Cuerda para saltar','Cardio',NULL,'[]','peso_reps'),(30,'Burpees','Cardio',NULL,'[]','peso_reps'),(31,'Mountain climbers','Cardio',NULL,'[]','peso_reps'),(32,'Battle ropes','Cardio',NULL,'[]','peso_reps'),(33,'Press Banca con Barra','Pecho',NULL,'[]','peso_reps'),(34,'Press Inclinado con Barra','Pecho',NULL,'[]','peso_reps'),(35,'Press Banca con Mancuernas','Pecho',NULL,'[]','peso_reps'),(36,'Convergent Machine Press','Pecho',NULL,'[]','peso_reps'),(37,'Press Inclinado con Mancuernas','Pecho',NULL,'[]','peso_reps'),(38,'Press Cerrado en Banca','Triceps',NULL,'[]','peso_reps'),(39,'Dips (Fondos en Pecho)','Pecho',NULL,'[]','peso_corporal_lastre'),(40,'Aperturas con Mancuernas','Pecho',NULL,'[]','peso_reps'),(41,'Cruce de Poleas','Pecho',NULL,'[]','peso_reps'),(42,'Low-to-High Cable Fly','Pecho',NULL,'[]','peso_reps'),(43,'Pec Deck','Pecho',NULL,'[]','peso_reps'),(44,'Dominadas (con lastre)','Espalda',NULL,'[]','peso_corporal_lastre'),(45,'Jalón al Pecho','Espalda',NULL,'[]','peso_reps'),(46,'Jalon unilateral pecho','Espalda',NULL,'[]','peso_reps'),(47,'Remo con Barra (Pendlay)','Espalda',NULL,'[]','peso_reps'),(48,'Remo pecho apoyado','Espalda',NULL,'[]','peso_reps'),(49,'Remo con Mancuerna a una mano','Espalda',NULL,'[]','peso_reps'),(50,'Remo en Polea Baja (Gironda)','Espalda',NULL,'[]','peso_reps'),(51,'Face Pulls','Espalda',NULL,'[]','peso_reps'),(52,'Pull-over con Mancuerna','Espalda',NULL,'[]','peso_reps'),(53,'Jalon brazos rectos','Espalda',NULL,'[]','peso_reps'),(54,'Press Militar con Barra (de pie)','Hombros',NULL,'[]','peso_reps'),(55,'Push Press','Hombros',NULL,'[]','peso_reps'),(56,'Press Militar con Mancuernas (sentado)','Hombros',NULL,'[]','peso_reps'),(57,'Machine Shoulder Press','Hombros',NULL,'[]','peso_reps'),(58,'Press Arnold','Hombros',NULL,'[]','peso_reps'),(59,'Elevaciones Laterales con Mancuernas','Hombros',NULL,'[]','peso_reps'),(60,'Elevaciones Laterales en Polea','Hombros',NULL,'[]','peso_reps'),(61,'Y-Raises','Hombros',NULL,'[]','progresion_reps'),(62,'Elevaciones Frontales con Polea','Hombros',NULL,'[]','peso_reps'),(63,'Pájaros (Bent Over Raises)','Hombros',NULL,'[]','peso_reps'),(64,'Sentadilla Trasera con Barra','Cuadriceps',NULL,'[]','peso_reps'),(65,'Sentadilla Frontal con Barra','Cuadriceps',NULL,'[]','peso_reps'),(66,'Sentadilla Hack','Cuadriceps',NULL,'[]','peso_reps'),(67,'Sentadilla Búlgara','Cuadriceps',NULL,'[]','peso_reps'),(68,'Prensa de Piernas','Cuadriceps',NULL,'[]','peso_reps'),(69,'Zancadas con Mancuernas','Cuadriceps',NULL,'[]','peso_reps'),(70,'Extensiones de Cuádriceps en Máquina','Cuadriceps',NULL,'[]','peso_reps'),(71,'Sissy Squat','Cuadriceps',NULL,'[]','progresion_reps'),(72,'Peso Muerto Rumano','Isquios',NULL,'[]','peso_reps'),(73,'Buenos Días (Good Mornings)','Isquios',NULL,'[]','peso_reps'),(74,'Curl Nórdico (Nordic Hamstring Curl)','Isquios',NULL,'[]','progresion_reps'),(75,'Curl Femoral Tumbado','Isquios',NULL,'[]','peso_reps'),(76,'Curl Femoral Sentado','Isquios',NULL,'[]','peso_reps'),(77,'Hiperextensiones Inversas','Isquios',NULL,'[]','peso_reps'),(78,'Hip Thrust con Barra','Gluteos',NULL,'[]','peso_reps'),(79,'Peso Muerto Sumo','Gluteos',NULL,'[]','peso_reps'),(80,'Patada de Glúteo en Polea','Gluteos',NULL,'[]','peso_reps'),(81,'Abducción de Cadera en Máquina','Gluteos',NULL,'[]','peso_reps'),(82,'Curl con Barra Z','Biceps',NULL,'[]','peso_reps'),(83,'Curl Araña','Biceps',NULL,'[]','peso_reps'),(84,'Curl Inclinado con Mancuernas','Biceps',NULL,'[]','peso_reps'),(85,'Bayesian Curl','Biceps',NULL,'[]','peso_reps'),(86,'Curl de Concentración','Biceps',NULL,'[]','peso_reps'),(87,'Curl Martillo con Mancuernas','Biceps',NULL,'[]','peso_reps'),(88,'Curl en Polea Alta','Biceps',NULL,'[]','peso_reps'),(89,'Press Francés con Barra Z','Triceps',NULL,'[]','peso_reps'),(90,'Fondos en Paralelas (con lastre)','Triceps',NULL,'[]','peso_corporal_lastre'),(91,'Katana Extensions','Triceps',NULL,'[]','peso_reps'),(92,'Extensiones de Tríceps con Polea Alta','Triceps',NULL,'[]','peso_reps'),(93,'Extensiones sobre la Cabeza con Mancuerna','Triceps',NULL,'[]','peso_reps'),(94,'Fondos entre Bancos','Triceps',NULL,'[]','progresion_reps'),(95,'Patada de Tríceps con Polea','Triceps',NULL,'[]','peso_reps'),(96,'Elevación de Gemelos de Pie (Máquina)','Gemelos',NULL,'[]','peso_reps'),(97,'Elevación de Gemelos en Prensa','Gemelos',NULL,'[]','peso_reps'),(98,'Elevación de Gemelos Sentado (Máquina)','Gemelos',NULL,'[]','peso_reps'),(99,'Elevación de Gemelos Unilateral (Mancuerna)','Gemelos',NULL,'[]','peso_reps'),(100,'Elevación de Gemelos en Multipower','Gemelos',NULL,'[]','peso_reps'),(102,'Crunch en Polea (Cable Crunch)','Core',NULL,'[]','peso_reps'),(103,'Plancha (Plank)','Core',NULL,'[]','progresion_tiempo'),(104,'Pallof Press','Core',NULL,'[]','peso_reps'),(105,'Dead Bug','Core',NULL,'[]','progresion_variante'),(106,'Ab Wheel (Rueda Abdominal)','Core',NULL,'[]','progresion_reps'),(107,'Encogimientos con Barra','Trapecios',NULL,'[]','peso_reps'),(109,'Farmer Walk (Paseo del Granjero)','Antebrazos',NULL,'[]','progresion_distancia'),(111,'Remo al Mentón con Polea (Upright Row)','Trapecios',NULL,'[]','peso_reps'),(112,'Aguante en Barra (Dead Hang)','Antebrazos',NULL,'[]','progresion_tiempo'),(113,'Curl de Muñeca (Wrist Curl)','Antebrazos',NULL,'[]','peso_reps'),(114,'Curl Inverso con Barra','Antebrazos',NULL,'[]','peso_reps'),(115,'Extensión de Muñeca (Reverse Wrist Curl)','Antebrazos',NULL,'[]','peso_reps');
/*!40000 ALTER TABLE `rutinas_ejerciciobase` ENABLE KEYS */;
UNLOCK TABLES;

--
-- Table structure for table `rutinas_ejercicioenrutina`
--

DROP TABLE IF EXISTS `rutinas_ejercicioenrutina`;
/*!40101 SET @saved_cs_client     = @@character_set_client */;
/*!50503 SET character_set_client = utf8mb4 */;
CREATE TABLE `rutinas_ejercicioenrutina` (
  `id` bigint NOT NULL AUTO_INCREMENT,
  `orden` int unsigned NOT NULL,
  `series_default` int unsigned NOT NULL,
  `repeticiones_default` int unsigned NOT NULL,
  `peso_default` decimal(5,2) NOT NULL,
  `ejercicio_id` bigint NOT NULL,
  `rutina_id` bigint NOT NULL,
  PRIMARY KEY (`id`),
  UNIQUE KEY `rutinas_ejercicioenrutina_rutina_id_ejercicio_id_9842c485_uniq` (`rutina_id`,`ejercicio_id`),
  KEY `rutinas_ejercicioenr_ejercicio_id_42d33244_fk_rutinas_e` (`ejercicio_id`),
  CONSTRAINT `rutinas_ejercicioenr_ejercicio_id_42d33244_fk_rutinas_e` FOREIGN KEY (`ejercicio_id`) REFERENCES `rutinas_ejerciciobase` (`id`),
  CONSTRAINT `rutinas_ejercicioenr_rutina_id_9d125dc4_fk_rutinas_r` FOREIGN KEY (`rutina_id`) REFERENCES `rutinas_rutina` (`id`),
  CONSTRAINT `rutinas_ejercicioenrutina_chk_1` CHECK ((`orden` >= 0)),
  CONSTRAINT `rutinas_ejercicioenrutina_chk_2` CHECK ((`series_default` >= 0)),
  CONSTRAINT `rutinas_ejercicioenrutina_chk_3` CHECK ((`repeticiones_default` >= 0))
) ENGINE=InnoDB DEFAULT CHARSET=utf8mb4 COLLATE=utf8mb4_unicode_ci;
/*!40101 SET character_set_client = @saved_cs_client */;

--
-- Dumping data for table `rutinas_ejercicioenrutina`
--

LOCK TABLES `rutinas_ejercicioenrutina` WRITE;
/*!40000 ALTER TABLE `rutinas_ejercicioenrutina` DISABLE KEYS */;
/*!40000 ALTER TABLE `rutinas_ejercicioenrutina` ENABLE KEYS */;
UNLOCK TABLES;

--
-- Table structure for table `rutinas_programa`
--

DROP TABLE IF EXISTS `rutinas_programa`;
/*!40101 SET @saved_cs_client     = @@character_set_client */;
/*!50503 SET character_set_client = utf8mb4 */;
CREATE TABLE `rutinas_programa` (
  `id` bigint NOT NULL AUTO_INCREMENT,
  `nombre` varchar(100) COLLATE utf8mb4_unicode_ci NOT NULL,
  `icono` varchar(100) COLLATE utf8mb4_unicode_ci DEFAULT NULL,
  `tipo` varchar(50) COLLATE utf8mb4_unicode_ci DEFAULT NULL,
  `fecha_creacion` date NOT NULL,
  PRIMARY KEY (`id`)
) ENGINE=InnoDB DEFAULT CHARSET=utf8mb4 COLLATE=utf8mb4_unicode_ci;
/*!40101 SET character_set_client = @saved_cs_client */;

--
-- Dumping data for table `rutinas_programa`
--

LOCK TABLES `rutinas_programa` WRITE;
/*!40000 ALTER TABLE `rutinas_programa` DISABLE KEYS */;
/*!40000 ALTER TABLE `rutinas_programa` ENABLE KEYS */;
UNLOCK TABLES;

--
-- Table structure for table `rutinas_rutina`
--

DROP TABLE IF EXISTS `rutinas_rutina`;
/*!40101 SET @saved_cs_client     = @@character_set_client */;
/*!50503 SET character_set_client = utf8mb4 */;
CREATE TABLE `rutinas_rutina` (
  `id` bigint NOT NULL AUTO_INCREMENT,
  `nombre` varchar(100) COLLATE utf8mb4_unicode_ci NOT NULL,
  `orden` int unsigned NOT NULL,
  `programa_id` bigint DEFAULT NULL,
  PRIMARY KEY (`id`),
  KEY `rutinas_rutina_programa_id_f382724a_fk_rutinas_programa_id` (`programa_id`),
  CONSTRAINT `rutinas_rutina_programa_id_f382724a_fk_rutinas_programa_id` FOREIGN KEY (`programa_id`) REFERENCES `rutinas_programa` (`id`),
  CONSTRAINT `rutinas_rutina_chk_1` CHECK ((`orden` >= 0))
) ENGINE=InnoDB AUTO_INCREMENT=39 DEFAULT CHARSET=utf8mb4 COLLATE=utf8mb4_unicode_ci;
/*!40101 SET character_set_client = @saved_cs_client */;

--
-- Dumping data for table `rutinas_rutina`
--

LOCK TABLES `rutinas_rutina` WRITE;
/*!40000 ALTER TABLE `rutinas_rutina` DISABLE KEYS */;
INSERT INTO `rutinas_rutina` VALUES (1,'Día 1 - Hipertrofia_Final',0,NULL),(2,'Día 2 - Mini_Potencia',0,NULL),(3,'Día 3 - Descarga',0,NULL),(4,'Día 4 - Descarga',0,NULL),(5,'Día 3 - Mini_Potencia',0,NULL),(6,'Día 4 - Mini_Potencia',0,NULL),(7,'Día 1 - Mini_Potencia',0,NULL),(8,'Día 3 - Hipertrofia_Final',0,NULL),(9,'Día 5 - Hipertrofia_Final',0,NULL),(10,'Día 1 - Descarga',0,NULL),(11,'Día 2 - Descarga',0,NULL),(12,'Día 5 - Descarga',0,NULL),(13,'Día 4 - Hipertrofia_Final',0,NULL),(14,'Día 2 - Hipertrofia_Final',0,NULL),(15,'Día 1 - Mini_Potencia_2',0,NULL),(16,'Día 2 - Mini_Potencia_2',0,NULL),(17,'Día 4 - Mini_Potencia_2',0,NULL),(18,'Día 5 - Mini_Potencia_2',0,NULL),(19,'Día 3 - Mini_Potencia_2',0,NULL),(20,'Día 1 - Hipertrofia_Estetica',0,NULL),(21,'Día 2 - Hipertrofia_Estetica',0,NULL),(22,'Día 5 - Hipertrofia_Estetica',0,NULL),(23,'Día 4 - Hipertrofia_Estetica',0,NULL),(24,'Día 3 - Hipertrofia_Estetica',0,NULL),(25,'Día 1 - Hipertrofia - Acumulación',0,NULL),(26,'Día 2 - Hipertrofia - Acumulación',0,NULL),(27,'Día 3 - Hipertrofia - Acumulación',0,NULL),(28,'Día 4 - Hipertrofia - Acumulación',0,NULL),(29,'Día 5 - Hipertrofia - Acumulación',0,NULL),(30,'Día 1 - Descarga Activa',0,NULL),(31,'Día 1 - Fuerza - Base',0,NULL),(32,'Día 2 - Fuerza - Base',0,NULL),(33,'Día 4 - Fuerza - Base',0,NULL),(34,'Día 2 — Fuerza — Base',0,NULL),(35,'Día 3 - Fuerza — Base',0,NULL),(36,'Día 4 - Fuerza — Base',0,NULL),(37,'Dia 1 - Fuerza — Base',0,NULL),(38,'Dia 2 - Fuerza — Base',0,NULL);
/*!40000 ALTER TABLE `rutinas_rutina` ENABLE KEYS */;
UNLOCK TABLES;

--
-- Table structure for table `rutinas_rutinaejercicio`
--

DROP TABLE IF EXISTS `rutinas_rutinaejercicio`;
/*!40101 SET @saved_cs_client     = @@character_set_client */;
/*!50503 SET character_set_client = utf8mb4 */;
CREATE TABLE `rutinas_rutinaejercicio` (
  `id` bigint NOT NULL AUTO_INCREMENT,
  `series` int unsigned NOT NULL,
  `repeticiones` int unsigned NOT NULL,
  `peso_kg` decimal(5,2) NOT NULL,
  `ejercicio_id` bigint NOT NULL,
  `rutina_id` bigint NOT NULL,
  PRIMARY KEY (`id`),
  KEY `rutinas_rutinaejerci_ejercicio_id_f5790112_fk_rutinas_e` (`ejercicio_id`),
  KEY `rutinas_rutinaejercicio_rutina_id_df4ee3d8_fk_rutinas_rutina_id` (`rutina_id`),
  CONSTRAINT `rutinas_rutinaejerci_ejercicio_id_f5790112_fk_rutinas_e` FOREIGN KEY (`ejercicio_id`) REFERENCES `rutinas_ejerciciobase` (`id`),
  CONSTRAINT `rutinas_rutinaejercicio_rutina_id_df4ee3d8_fk_rutinas_rutina_id` FOREIGN KEY (`rutina_id`) REFERENCES `rutinas_rutina` (`id`),
  CONSTRAINT `rutinas_rutinaejercicio_chk_1` CHECK ((`series` >= 0)),
  CONSTRAINT `rutinas_rutinaejercicio_chk_2` CHECK ((`repeticiones` >= 0))
) ENGINE=InnoDB DEFAULT CHARSET=utf8mb4 COLLATE=utf8mb4_unicode_ci;
/*!40101 SET character_set_client = @saved_cs_client */;

--
-- Dumping data for table `rutinas_rutinaejercicio`
--

LOCK TABLES `rutinas_rutinaejercicio` WRITE;
/*!40000 ALTER TABLE `rutinas_rutinaejercicio` DISABLE KEYS */;
/*!40000 ALTER TABLE `rutinas_rutinaejercicio` ENABLE KEYS */;
UNLOCK TABLES;
/*!40103 SET TIME_ZONE=@OLD_TIME_ZONE */;

/*!40101 SET SQL_MODE=@OLD_SQL_MODE */;
/*!40014 SET FOREIGN_KEY_CHECKS=@OLD_FOREIGN_KEY_CHECKS */;
/*!40014 SET UNIQUE_CHECKS=@OLD_UNIQUE_CHECKS */;
/*!40101 SET CHARACTER_SET_CLIENT=@OLD_CHARACTER_SET_CLIENT */;
/*!40101 SET CHARACTER_SET_RESULTS=@OLD_CHARACTER_SET_RESULTS */;
/*!40101 SET COLLATION_CONNECTION=@OLD_COLLATION_CONNECTION */;
/*!40111 SET SQL_NOTES=@OLD_SQL_NOTES */;

-- Dump completed on 2026-03-28 12:00:11
